str_no_string|NO STRING! 
str_empty_string| 
str_yes|是 
str_no|否 
str_blank_string| 
str_noone|无 人 
str_s50_and_s51|{s50}和 {s51}
str_s52_and_s51|{s52}和 {s51}
str_s5_s_party|{s5}的 部 队 
str_given_by_s1_at_s2|{s2}的 {s1}给 予 
str_given_by_s1_in_wilderness|野 外 的 {s1}给 予 
str_s7_raiders|{s7}掠 夺 者 
str_bandits_eliminated_by_another|难 对 付 的 强 盗 被 别 的 队 伍 消 灭 了 。 
str_msg_battle_won|战 斗 胜 利 ！ 按 TAB键 离 开 … … 
str_tutorial_map1|你 现 在 是 在 地 图 模 式 中 。 在 地 图 上 按 左 键 可 以 旅 行 /进 入 镇 子 /或 与 其 他 队 伍 遭 遇 。 如 果 你 的 队 伍 停 止 不 动 ， 时 间 不 会 流 逝 。 如 果 你 想 在 某 处 等 待 ， 按 住 空 格 键 一 直 不 动 （ 再 按 住 Ctrl键 可 以 使 时 间 加 速 流 逝 ） 。 
str_randomize|随 机 
str_charge|填 充 
str_color|颜 色 
str_flip_horizontal|水 平 翻 转 
str_flip_vertical|垂 直 翻 转 
str_hold_fire|停 止 射 击 
str_blunt_hold_fire|钝 器 /停 止 射 击 
str_tutorial_ammo_refilled|填 满 弹 药 。 
str_tutorial_failed|你 失 败 了 。 不 过 不 要 紧 。 小 心 地 跟 着 提 示 去 做 ， 你 就 能 在 下 一 次 完 成 得 更 好 。 现 在 请 按 “ TAB” 键 来 回 到 菜 单 ， 并 重 新 开 始 教 程 。 
str_finished| （ 完 成 ） 
str_delivered_damage|施 加 了 {reg60}点 伤 害 。 
str_archery_target_hit|距 离 ： {reg61}码 。 得 分 ： {reg60}
str_use_baggage_for_inventory|在 战 斗 中 你 的 行 李 在 你 开 始 的 地 方 。 通 过 行 李 打 开 你 的 物 品 栏 。 
str_cant_use_inventory_now|不 能 在 这 里 打 开 物 品 栏 。 
str_cant_use_inventory_arena|不 能 在 这 里 打 开 物 品 栏 。 
str_cant_use_inventory_disguised|不 能 在 伪 装 时 打 开 物 品 栏 。 
str_cant_use_inventory_tutorial|在 训 练 营 不 能 打 开 物 品 栏 。 
str_1_denar|1第 纳 尔 
str_reg1_denars|{reg1}第 纳 尔 
str_january_reg1_reg2|{reg2}年 1月 {reg1}日 
str_february_reg1_reg2|{reg2}年 2月 {reg1}日 
str_march_reg1_reg2|{reg2}年 3月 {reg1}日 
str_april_reg1_reg2|{reg2}年 4月 {reg1}日 
str_may_reg1_reg2|{reg2}年 5月 {reg1}日 
str_june_reg1_reg2|{reg2}年 6月 {reg1}日 
str_july_reg1_reg2|{reg2}年 7月 {reg1}日 
str_august_reg1_reg2|{reg2}年 8月 {reg1}日 
str_september_reg1_reg2|{reg2}年 9月 {reg1}日 
str_october_reg1_reg2|{reg2}年 10月 {reg1}日 
str_november_reg1_reg2|{reg2}年 11月 {reg1}日 
str_december_reg1_reg2|{reg2}年 12月 {reg1}日 
str_town_nighttime|现 在 是 深 夜 ， 街 上 冷 清 清 的 。 
str_door_locked|门 锁 上 了 。 
str_castle_is_abondened|城 堡 里 似 乎 没 人 。 
str_town_is_abondened|镇 子 无 人 驻 防 。 
str_place_is_occupied_by_player|这 里 被 你 自 己 的 部 队 把 守 着 。 
str_place_is_occupied_by_enemy|这 里 被 敌 人 把 守 着 。 
str_place_is_occupied_by_friendly|这 里 被 友 军 把 守 着 。 
str_do_you_want_to_retreat|你 确 定 要 撤 退 吗 ？ 
str_give_up_fight|放 弃 战 斗 ？ 
str_do_you_wish_to_leave_tutorial|你 想 要 离 开 教 程 吗 ？ 
str_do_you_wish_to_surrender|你 想 投 降 吗 ？ 
str_can_not_retreat|不 能 撤 退 ！ 附 近 有 敌 人 。 
str_s1_joined_battle_enemy|敌 方 {s1}加 入 战 斗 。 
str_s1_joined_battle_friend|我 方 {s1}加 入 战 斗 。 
str_entrance_to_town_forbidden|这 里 的 守 卫 正 在 搜 寻 敌 人 ， 你 没 法 轻 易 从 大 门 溜 进 去 。 
str_sneaking_to_town_impossible|这 里 的 守 卫 警 惕 性 很 高 ， 不 管 你 怎 么 伪 装 都 没 法 溜 进 去 。 
str_battle_won|你 赢 得 了 这 场 战 斗 ！ 
str_battle_lost|你 输 掉 了 这 场 战 斗 ！ 
str_attack_walls_success|在 一 阵 浴 血 战 斗 之 后 ， 你 士 兵 奋 勇 攻 下 了 城 头 。 
str_attack_walls_failure|你 的 守 城 士 兵 在 一 波 又 一 波 的 攻 击 中 坚 持 到 了 最 后 一 个 人 。 
str_attack_walls_continue|浴 血 的 战 斗 展 现 了 双 方 的 英 勇 。 尽 管 你 的 战 士 很 努 力 ， 城 堡 上 还 是 飘 着 敌 人 的 旗 子 。 
str_order_attack_success|你 的 士 兵 奋 勇 击 退 了 敌 人 。 
str_order_attack_failure|你 看 着 敌 人 砍 翻 了 你 最 后 一 个 战 士 。 
str_order_attack_continue|你 的 士 兵 与 敌 人 遭 遇 ， 却 无 法 将 他 们 击 退 。 
str_join_order_attack_success|你 的 士 兵 和 你 的 盟 军 合 力 打 败 了 敌 人 。 
str_join_order_attack_failure|你 看 着 敌 人 砍 翻 了 你 最 后 一 个 战 士 。 
str_join_order_attack_continue|你 的 士 兵 和 盟 友 一 起 与 敌 厮 杀 ， 却 无 法 将 他 们 杀 光 。 
str_siege_defender_order_attack_success|防 守 方 奋 勇 杀 敌 ， 击 败 了 敌 人 。 
str_siege_defender_order_attack_failure|你 绝 望 的 看 着 围 攻 的 敌 人 杀 死 了 最 后 的 一 个 抵 抗 者 。 
str_siege_defender_order_attack_continue|防 守 方 迎 击 敌 人 ， 但 最 终 还 是 败 下 阵 来 。 
str_hero_taken_prisoner|{s3}的 {s1}被 {s2}俘 虏 。 
str_hero_freed|{s3}的 {s1}被 {s2}成 功 解 救 。 
str_center_captured|{s2}从 {s3}那 里 夺 取 了 {s1}。 
str_troop_relation_increased|你 与 {s1}的 关 系 从 {reg1}提 升 到 {reg2}。 
str_troop_relation_detoriated|你 与 {s1}的 关 系 从 {reg1}恶 化 为 {reg2}。 
str_faction_relation_increased|你 与 {s1}的 关 系 从 {reg1}提 升 到 {reg2}。 
str_faction_relation_detoriated|你 与 {s1}的 关 系 从 {reg1}恶 化 为 {reg2}。 
str_party_gained_morale|部 队 的 士 气 加 {reg1}。 
str_party_lost_morale|部 队 的 士 气 减 {reg1}。 
str_other_party_gained_morale|{s1}获 得 {reg1}士 气 。 
str_other_party_lost_morale|{s1}失 去 {reg1}士 气 。 
str_qst_follow_spy_noticed_you|那 个 间 谍 觉 察 到 你 了 ， 他 准 备 开 溜 了 ！ 
str_father|父 亲 
str_husband|丈 夫 
str_wife|妻 子 
str_daughter|女 儿 
str_mother|母 亲 
str_son|儿 子 
str_brother|兄 弟 
str_sister|姐 妹 
str_he|他 
str_she|她 
str_s3s_s2|{s3}的 {s2}
str_s5_is_s51|{s5}是 {s51}。 
str_s5_is_the_ruler_of_s51|{s5}是 {s51}的 领 主 。 
str_s5_is_a_nobleman_of_s6|{s5}是 {s6}的 贵 族 。 
str_relation_mnus_100|势 同 水 火 的 
str_relation_mnus_90|势 同 水 火 的 
str_relation_mnus_80|势 同 水 火 的 
str_relation_mnus_70|充 满 敌 意 的 
str_relation_mnus_60|充 满 敌 意 的 
str_relation_mnus_50|狠 狠 地 盯 着 你 的 
str_relation_mnus_40|非 常 讨 厌 你 的 
str_relation_mnus_30|开 始 厌 恶 你 的 
str_relation_mnus_20|警 惕 地 看 着 你 的 
str_relation_mnus_10|意 味 深 长 地 看 着 你 的 
str_relation_plus_0|面 无 表 情 的 看 着 你 的 
str_relation_plus_10|开 始 接 受 你 的 
str_relation_plus_20|友 善 地 看 着 你 的 
str_relation_plus_30|亲 切 地 看 着 你 的 
str_relation_plus_40|热 切 地 望 着 你 的 
str_relation_plus_50|对 你 交 口 称 赞 的 
str_relation_plus_60|非 常 支 持 你 
str_relation_plus_70|非 常 尊 敬 你 
str_relation_plus_80|为 你 欢 呼 
str_relation_plus_90|对 你 忠 心 耿 耿 
str_relation_mnus_100_ns|{s60}与 你 势 同 水 火 。 
str_relation_mnus_90_ns|{s60}与 你 势 同 水 火 。 
str_relation_mnus_80_ns|{s60}与 你 势 同 水 火 。 
str_relation_mnus_70_ns|{s60}对 你 充 满 敌 意 。 
str_relation_mnus_60_ns|{s60}对 你 充 满 敌 意 。 
str_relation_mnus_50_ns|{s60}狠 狠 地 盯 着 你 。 
str_relation_mnus_40_ns|{s60}非 常 讨 厌 你 。 
str_relation_mnus_30_ns|{s60}开 始 厌 恶 你 。 
str_relation_mnus_20_ns|{s60}警 惕 地 看 着 你 。 
str_relation_mnus_10_ns|{s60}意 味 深 长 地 看 着 你 。 
str_relation_plus_0_ns|{s60}面 无 表 情 的 看 着 你 。 
str_relation_plus_10_ns|{s60}开 始 接 受 你 。 
str_relation_plus_20_ns|{s60}友 善 地 看 着 你 。 
str_relation_plus_30_ns|{s60}亲 切 地 看 着 你 。 
str_relation_plus_40_ns|{s60}热 切 地 望 着 你 。 
str_relation_plus_50_ns|{s60}友 好 地 望 着 你 。 
str_relation_plus_60_ns|{s60}非 常 支 持 你 。 
str_relation_plus_70_ns|{s60}非 常 尊 敬 你 。 
str_relation_plus_80_ns|{s60}为 你 欢 呼 。 
str_relation_plus_90_ns|{s60}对 你 忠 心 耿 耿 。 
str_relation_reg1|关 系 ： {reg1}
str_center_relation_mnus_100|当 地 居 民 与 你 势 同 水 火 
str_center_relation_mnus_90|当 地 居 民 对 你 恨 之 入 骨 
str_center_relation_mnus_80|当 地 居 民 对 你 怒 视 
str_center_relation_mnus_70|当 地 居 民 对 你 充 满 敌 意 
str_center_relation_mnus_60|当 地 居 民 非 常 憎 恨 你 
str_center_relation_mnus_50|当 地 居 民 狠 狠 地 盯 着 你 
str_center_relation_mnus_40|当 地 居 民 非 常 讨 厌 你 
str_center_relation_mnus_30|当 地 居 民 开 始 厌 恶 你 
str_center_relation_mnus_20|当 地 居 民 警 惕 地 看 着 你 
str_center_relation_mnus_10|当 地 居 民 意 味 深 长 地 看 着 你 
str_center_relation_plus_0|当 地 居 民 面 无 表 情 的 看 着 你 
str_center_relation_plus_10|当 地 居 民 开 始 接 受 你 
str_center_relation_plus_20|当 地 居 民 友 善 地 看 着 你 
str_center_relation_plus_30|当 地 居 民 亲 切 地 看 着 你 
str_center_relation_plus_40|当 地 居 民 热 切 地 望 着 你 
str_center_relation_plus_50|当 地 居 民 对 你 交 口 称 赞 
str_center_relation_plus_60|当 地 居 民 非 常 支 持 你 
str_center_relation_plus_70|当 地 居 民 非 常 尊 敬 你 
str_center_relation_plus_80|当 地 居 民 为 你 欢 呼 
str_center_relation_plus_90|当 地 居 民 对 你 忠 心 耿 耿 
str_town_prosperity_0|{s60}镇 的 贫 穷 到 了 不 可 忍 受 的 地 步 。 
str_town_prosperity_10|{s60}镇 看 起 来 肮 脏 破 败 到 几 乎 被 遗 弃 了 。 
str_town_prosperity_20|{s60}镇 看 起 来 十 分 凄 凉 且 荒 芜 。 
str_town_prosperity_30|{s60}镇 看 起 来 穷 的 有 些 不 起 眼 。 
str_town_prosperity_40|{s60}镇 看 起 来 仍 在 艰 难 求 存 。 
str_town_prosperity_50|{s60}镇 看 起 来 平 平 无 奇 。 
str_town_prosperity_60|{s60}镇 似 乎 正 向 繁 荣 发 展 。 
str_town_prosperity_70|{s60}镇 充 满 了 繁 荣 的 活 力 。 
str_town_prosperity_80|{s60}镇 看 起 来 富 足 且 气 派 。 
str_town_prosperity_90|{s60}镇 看 起 来 富 丽 堂 皇 ， 百 姓 腰 缠 万 贯 。 
str_town_prosperity_100|{s60}镇 毫 不 掩 饰 地 炫 耀 着 其 富 可 敌 国 般 的 财 富 。 
str_village_prosperity_0|{s60}村 的 贫 穷 到 了 不 可 忍 受 的 地 步 。 
str_village_prosperity_10|{s60}村 看 起 来 肮 脏 破 败 到 几 乎 被 遗 弃 了 。 
str_village_prosperity_20|{s60}村 看 起 来 十 分 凄 凉 且 荒 芜 。 
str_village_prosperity_30|{s60}村 看 起 来 穷 的 有 些 不 起 眼 。 
str_village_prosperity_40|{s60}村 镇 看 起 来 仍 在 艰 难 求 存 。 
str_village_prosperity_50|{s60}村 看 起 来 平 平 无 奇 。 
str_village_prosperity_60|{s60}村 似 乎 正 向 繁 荣 发 展 。 
str_village_prosperity_70|{s60}村 充 满 了 繁 荣 的 活 力 。 
str_village_prosperity_80|{s60}村 看 起 来 富 足 且 维 护 周 到 。 
str_village_prosperity_90|{s60}村 看 起 来 非 常 富 裕 繁 荣 。 
str_village_prosperity_100|{s60}村 被 广 袤 肥 沃 的 田 野 环 绕 ，显 得 极 为 富 饶 。 
str_town_alt_prosperity_0|市 集 上 仅 有 的 几 件 商 品 标 价 却 高 得 居 民 根 本 无 力 购 买 。 这 些 人 营 养 不 良 ， 牲 口 也 病 歪 歪 的 要 死 不 活 了 ， 他 们 的 工 具 也 破 旧 不 堪 。 那 些 穷 街 陋 巷 到 处 是 苍 蝇 和 癞 皮 狗 ， 早 已 无 人 问 津 。 
str_town_alt_prosperity_20|市 集 里 传 来 人 们 对 日 用 品 价 格 的 抱 怨 ， 半 数 东 西 都 缺 货 。 无 论 是 人 还 是 牲 畜 ， 都 显 出 营 养 不 良 的 迹 象 ， 建 筑 和 工 具 也 需 要 维 修 。 许 多 人 可 能 已 经 迁 徙 到 别 处 谋 生 了 。 
str_town_alt_prosperity_40|市 集 里 偶 尔 传 来 对 日 用 品 价 格 的 抱 怨 ， 但 商 品 供 应 尚 算 充 足 。 偶 尔 可 见 废 弃 的 建 筑 、 商 店 或 推 车 ， 但 总 体 而 言 并 无 太 多 异 样 。 
str_town_alt_prosperity_60|人 们 面 带 丰 食 之 色 、 营 养 良 好 ， 对 生 活 相 对 满 足 。 工 匠 们 的 生 意 红 火 ， 不 少 移 民 从 别 处 前 来 此 地 寻 求 机 遇 。 
str_town_alt_prosperity_80|城 墙 ， 街 道 ， 和 住 宅 都 保 养 的 很 好 。 市 场 里 聚 满 了 被 这 里 的 商 品 和 工 作 吸 引 的 附 近 地 区 的 移 民 。 锤 打 声 和 织 布 机 声 此 起 彼 伏 ， 诉 说 着 工 匠 铺 里 生 意 的 热 火 朝 天 。 
str_village_alt_prosperity_0|只 有 一 部 分 人 能 有 力 气 下 地 干 活 ， 许 多 田 地 已 杂 草 丛 生 。 剩 下 的 人 要 么 面 黄 肌 瘦 ，要 么 已 经 背 井 离 乡 了 。 牲 口 们 早 已 饿 死 或 被 吃 掉 ， 只 有 几 具 尸 骨 仍 躺 在 村 外 ， 被 野 兽 们 互 相 啃 食 。 
str_village_alt_prosperity_20|有 一 些 人 和 牲 口 在 地 里 干 活 ， 但 是 他 们 数 量 有 限 ， 这 使 得 一 部 分 村 民 不 得 不 背 井 离 乡 ， 另 谋 生 路 。 农 具 大 都 残 破 不 堪 。 一 部 分 边 缘 的 田 地 看 上 去 就 要 被 灌 木 和 杂 草 重 新 占 领 了 。 
str_village_alt_prosperity_40|田 地 和 果 园 里 都 是 一 片 繁 忙 的 景 象 ， 村 民 们 都 按 着 时 节 忙 碌 手 头 的 活 计 。 不 管 是 人 还 是 牲 口 ， 看 上 去 都 健 康 强 壮 。 外 围 少 数 田 地 尚 未 播 种 ， 部 分 墙 体 失 修 ， 显 示 着 这 的 人 手 还 不 够 完 成 所 有 工 作 。 
str_village_alt_prosperity_60|田 地 和 果 园 里 都 充 满 了 活 力 ， 满 袋 的 谷 物 和 风 干 肉 见 证 着 村 庄 耕 地 和 牧 场 的 丰 产 。 
str_village_alt_prosperity_80|田 地 和 果 园 里 生 机 勃 勃 ， 新 挖 的 灌 溉 沟 渠 表 明 农 民 有 足 够 的 闲 暇 和 体 力 扩 耕 。 季 节 工 似 乎 正 纷 纷 涌 来 ， 助 力 劳 作 并 共 享 繁 荣 。 
str_oasis_village_alt_prosperity_0|椰 枣 林 几 乎 被 遗 弃 ， 灌 溉 渠 道 淤 积 着 泥 沙 。 偶 见 的 村 民 面 带 饥 色 、 神 态 焦 躁 。 役 用 动 物 早 已 饿 死 或 被 吃 掉 ， 只 有 几 具 尸 骨 躺 在 村 边 ， 被 沙 漠 里 的 胡 狼 啃 咬 。 
str_oasis_village_alt_prosperity_20|很 少 看 见 村 民 照 料 椰 枣 林 ， 在 某 些 地 方 ， 沙 丘 正 侵 蚀 着 园 子 。 许 多 渠 道 淤 积 ， 井 穴 和 水 池 堵 满 沙 子。 
str_oasis_village_alt_prosperity_40|人 们 都 在 忙 着 照 料 那 片 椰 枣 林 ， 爬 上 树 顶 为 果 实 授 粉 。 健 壮 的 牲 畜 拉 动 水 泵 和 水 车 ， 为 田 地 送 水 。 不 过 ， 有 些 水 渠 和 储 水 池 需 要 一 些 维 护 了 。 
str_oasis_village_alt_prosperity_60|椰 枣 林 和 果 园 里 都 充 满 了 活 力 。 农 民 们 在 树 顶 上 快 乐 的 互 相 呼 唤 ， 为 椰 枣 授 粉 。 木 质 唧 筒 的 吱 嘎 声 ， 牲 口 的 叫 声 ， 和 流 水 的 奔 腾 声 ， 诉 说 着 灌 溉 系 统 在 村 民 的 呵 护 下 焕 发 生 机 。 
str_oasis_village_alt_prosperity_80|椰 枣 林 里 生 机 勃 勃 ， 农 民 们 正 装 运 大 批 椰 枣 准 备 卖 往 市 场 。 男 女 村 民 辛 勤 劳 作 ， 挖 掘 新 的 井 穴 和 渠 道 ， 以 将 更 多 土 地 纳 入 灌 溉 范 围 。 
str_acres_grain|成 片 的 耕 地 
str_acres_orchard|成 片 的 果 园 和 葡 萄 园 
str_acres_oasis|大 片 灌 溉 良 好 的 田 地 
str_looms|织 布 机 
str_boats|小 船 
str_head_cattle|牛 头 
str_head_sheep|羊 头 
str_mills|磨 房 
str_kilns|烧 窑 
str_pans|平 底 锅 
str_deposits|押 金 
str_hives|蜂 房 
str_breweries|酿 酒 厂 
str_presses|印 刷 机 
str_smithies|铁 匠 铺 
str_caravans|陆 地 商 队 
str_traps|行 李 
str_gardens|小 花 园 
str_tanneries|制 革 桶 
str_master_miller|高 级 磨 坊 工 
str_master_brewer|高 级 酿 酒 工 
str_master_presser|高 级 熨 衣 工 
str_master_smith|高 级 铁 匠 
str_master_tanner|高 级 皮 革 匠 
str_master_weaver|高 级 织 工 
str_master_dyer|高 级 染 匠 
str_war_report_minus_4|我 们 几 乎 要 输 掉 这 场 战 争 了 
str_war_report_minus_3|现 在 的 形 势 看 起 来 有 些 严 峻 
str_war_report_minus_2|战 事 进 展 得 不 太 顺 利 
str_war_report_minus_1|如 果 我 们 能 振 作 起 来 ， 我 们 还 是 可 以 赢 得 这 场 战 争 的 
str_war_report_0|我 们 与 敌 人 势 均 力 敌 
str_war_report_plus_1|我 们 有 一 定 机 会 赢 得 这 场 战 争 
str_war_report_plus_2|战 事 进 展 得 非 常 顺 利 
str_war_report_plus_3|打 败 他 们 完 全 不 成 问 题 
str_war_report_plus_4|我 们 几 乎 要 赢 得 这 场 战 争 了 
str_persuasion_summary_very_bad|你 尽 最 大 努 力 去 说 服 {s50}, 但 是 你 没 有 一 个 论 证 是 正 确 的 。 每 当 你 刚 刚 开 始 讲 得 通 顺 ， 就 会 马 上 说 出 一 些 完 全 错 误 的 话 ， 让 话 题 偏 离 轨 道 ， 以 至 于 使 你 自 己 的 思 路 都 断 了 。 等 你 讲 完 时 ， 发 现 自 己 竟 然 连 一 个 有 力 的 观 点 都 没 有 讲 出 来 ， 反 而 给 自 己 挖 的 坑 越 挖 越 深 。 毫 不 奇 怪 ， {s50}完 全 不 为 你 动 。 
str_persuasion_summary_bad|你 试 着 说 服 {s50}, 但 是 {reg51?她 :他 }从 最 开 始 起 就 提 防 着 你 。 就 连 你 自 认 为 最 有 力 的 论 点 ， 在 自 己 耳 中 都 显 得 空 洞 无 力 。 {s50}同 样 也 没 能 从 你 说 的 东 西 看 出 什 么 高 见 。 
str_persuasion_summary_average|{s50}原 来 是 个 思 维 敏 捷 、 能 言 善 辩 的 人 ， 你 基 本 就 没 有 办 法 使 {reg51?她 :他 }反 过 来 接 受 你 的 任 何 观 点 。 最 终 ， 在 这 场 辩 论 中 ， 你 们 两 人 都 没 能 使 对 方 偏 向 各 自 的 立 场 。 
str_persuasion_summary_good|凭 借 敏 捷 的 思 维 和 流 畅 的 辩 论 ， 你 设 法 把 你 的 观 点 论 证 得 很 好 ， 迫 使 {s50}认 同 你 的 一 些 观 点 。 然 而 {reg51?她 :他 }对 你 的 请 求 仍 然 存 有 疑 虑 。 
str_persuasion_summary_very_good|你 发 表 了 一 篇 充 满 激 情 的 演 讲 ， 言 辞 如 诗 歌 般 在 每 个 倾 听 者 的 耳 中 回 响 。 整 个 世 界 似 乎 都 安 静 下 来 以 便 更 清 楚 地 聆 听 。 这 些 激 励 人 心 的 话 语 把 {s50}深 深 打 动 了 ， {reg51?她 :他 }看 起 来 非 常 乐 意 帮 助 你 。 
str_secret_sign_1|大 衣 柜 在 子 夜 跳 舞 … … 
str_secret_sign_2|我 正 在 卖 库 吉 特 挂 毯 。 你 想 买 几 条 吗 ？ 
str_secret_sign_3|一 位 朋 友 的 朋 友 派 我 前 来 … … 
str_secret_sign_4|东 风 劲 吹 ， 河 水 泛 红 … … 
str_countersign_1|但 他 是 为 梳 妆 台 还 是 蜡 烛 台 跳 舞 呢 ？ 
str_countersign_2|是 的 ， 我 想 买 一 条 ， 你 有 蓝 色 的 吗 ？ 
str_countersign_3|但 我 的 朋 友 ， 你 朋 友 的 朋 友 永 远 不 会 有 像 我 这 样 的 朋 友 。 
str_countersign_4|你 是 不 是 有 病 了 ？ 
str_name_1|沃 巴 得 
str_name_2|依 斯 卡 尔 
str_name_3|西 格 马 
str_name_4|泰 尔 斯 科 
str_name_5|里 特 曼 德 
str_name_6|艾 尔 斯 
str_name_7|劳 尔 克 
str_name_8|布 莱 格 马 斯 
str_name_9|塔 尔 
str_name_10|莱 明 
str_name_11|叙 尔 科 
str_name_12|普 它 
str_name_13|塔 玛 斯 
str_name_14|里 查 德 
str_name_15|沃 奇 斯 
str_name_16|鲁 尔 克 
str_name_17|马 伦 德 
str_name_18|奥 格 伦 
str_name_19|代 纳 德 
str_name_20|卓 亚 
str_name_21|莱 玛 
str_name_22|卡 尔 达 朗 
str_name_23|帕 瑞 斯 
str_name_24|昆 均 
str_name_25|帕 奇 拉 克 
str_surname_1|乌 克 斯 豪 尔 的 {s50}
str_surname_2|沃 尔 切 格 的 {s50}
str_surname_3|瑞 瓦 丁 的 {s50}
str_surname_4|苏 诺 的 {s50}
str_surname_5|杰 尔 喀 拉 的 {s50}
str_surname_6|维 鲁 卡 的 {s50}
str_surname_7|哈 尔 玛 的 {s50}
str_surname_8|库 劳 的 {s50}
str_surname_9|萨 哥 斯 的 {s50}
str_surname_10|提 尔 的 {s50}
str_surname_11|禅 达 的 {s50}
str_surname_12|里 瓦 切 格 的 {s50}
str_surname_13|沃 尔 切 格 的 {s50}
str_surname_14|埃 勒 达 的 {s50}
str_surname_15|亚 拉 加 尔 的 {s50}
str_surname_16|伯 格 伦 的 {s50}
str_surname_17|沙 佩 什 特 的 {s50}
str_surname_18|哈 茵 的 {s50}
str_surname_19|塞 伦 的 {s50}
str_surname_20|托 斯 德 尔 的 {s50}
str_surname_21|高 个 的 {s50}
str_surname_22|瘦 弱 的 {s50}
str_surname_23|苗 条 的 {s50}
str_surname_24|精 瘦 的 {s50}
str_surname_25|贫 穷 的 {s50}
str_surname_26|丑 陋 的 {s50}
str_surname_27|诚 实 的 {s50}
str_surname_28|可 怕 的 {s50}
str_surname_29|激 进 的 {s50}
str_surname_30|阴 险 的 {s50}
str_surname_31|矮 个 的 {s50}
str_surname_32|单 纯 的 {s50}
str_surname_33|无 畏 的 {s50}
str_surname_34|勇 敢 的 {s50}
str_surname_35|小 心 的 {s50}
str_surname_36|胆 小 的 {s50}
str_surname_37|机 警 的 {s50}
str_surname_38|性 急 的 {s50}
str_surname_39|机 智 的 {s50}
str_surname_40|冒 失 的 {s50}
str_surname_41|冲 动 的 {s50}
str_surnames_end|surnames end 
str_number_of_troops_killed_reg1|杀 敌 数 ： {reg1}
str_number_of_troops_wounded_reg1|伤 敌 数 ： {reg1}
str_number_of_own_troops_killed_reg1|我 方 阵 亡 ： {reg1}
str_number_of_own_troops_wounded_reg1|我 方 受 伤 ： {reg1}
str_retreat|撤 退 ！ 
str_siege_continues|继 续 战 斗 … … 
str_casualty_display|我 方 伤 亡 ： {s10}^ 敌 方 伤 亡 ： {s11}^{s12}
str_casualty_display_hp|你 受 到 {reg1}点 伤 害 。 
str_quest_log_updated|任 务 日 志 更 新 … … 
str_banner_selection_text|你 被 授 予 携 带 旗 帜 的 权 利 。 旗 帜 是 身 份 与 荣 耀 的 象 征 。 你 想 选 择 哪 种 旗 帜 ？ 
str_retirement_text_1|当 你 意 识 到 你 将 入 不 敷 出 的 时 候 已 经 晚 了 。 短 短 时 日 ， 你 便 将 微 薄 的 积 蓄 挥 霍 一 空 ， 几 次 绝 望 重 启 冒 险 均 以 失 败 告 终 。 最 后 你 在 {s9}城 里 当 了 个 乞 丐 ， 靠 接 济 和 教 堂 的 施 舍 过 活 。 
str_retirement_text_2|当 你 意 识 到 你 将 入 不 敷 出 的 时 候 已 经 晚 了 。 短 短 时 日 ， 你 便 将 微 薄 的 积 蓄 挥 霍 一 空 。 当 最 后 一 枚 第 纳 尔 在 手 中 消 失 ， 你 迫 于 无 奈 在 {s9}城 的 后 街 小 巷 里 的 落 草 为 寇 ， 凭 借 那 点 能 耐 从 妇 女 和 贫 苦 市 民 手 中 抢 夺 铜 板 谋 生。 
str_retirement_text_3|当 你 意 识 到 你 将 入 不 敷 出 的 时 候 已 经 晚 了 。 短 短 时 日 ， 你 便 将 微 薄 的 积 蓄 挥 霍 一 空 。 你 流 连 于 各 家 酒 馆 ， 向 宽 容 的 顾 客 编 造 无 人 信 服 的 战 斗 故 事 ， 骗 取 几 杯 劣 酒 填 肚 。 
str_retirement_text_4|你 存 下 来 的 钱 并 不 能 维 持 多 久 ， 但 是 你 想 办 法 凑 了 足 够 的 钱 在 {s7}村 庄 的 附 近 买 了 一 小 片 地 。 当 上 了 自 由 农 。 很 快 你 就 吸 引 了 未 来 的 {妻 子 /丈 夫 }。 现 在 你 就 成 了 当 地 的 英 雄 。 宴 会 上 你 总 有 一 席 之 地 ， 酒 馆 里 人 们 不 断 传 颂 你 的 英 勇 事 迹 ， 让 孩 子 们 永 远 铭 记 于 心 。 
str_retirement_text_5|你 存 下 来 的 钱 并 不 能 维 持 多 久 ， 不 过 还 是 够 用 来 在 {s9}城 买 个 小 酒 馆 。 尽 管 当 地 人 一 开 始 对 你 有 所 提 防 ， 他 们 很 快 就 接 受 容 纳 了 你 。 随 着 酒 馆 日 渐 兴 旺 ， 这 里 成 了 闻 名 遐 迩 的 宴 会 厅 和 聚 会 场 所 。 人 们 慕 名 从 远 方 而 来 ， 为 了 品 尝 美 食 、 听 你 讲 述 当 年 的 冒 险 传 奇 。 
str_retirement_text_6|冒 险 生 涯 中 你 一 直 精 明 理 财 ， 现 在 积 蓄 与 智 慧 让 你 做 出 了 优 质 投 资 ， 巩 固 了 未 来 生 活 。 在 {s9}购 得 几 间 商 店 和 仓 库 后 ， 你 的 商 业 头 脑 使 你 成 为 城 中 显 赫 商 人 之 一 。 不 久 ， 你 便 以 富 有 的 {男 人 / 女 人}身 份 闻 名 ， 既 因 商 业 帝 国 ， 亦 因 当 年 的 战 场 传 奇 。 
str_retirement_text_7|作 为 一 个 有 封 地 的 贵 族 ， 尽 管 地 位 不 高 ， 你 的 未 来 却 无 忧 无 虑 。 你 迁 入 了 你 的 领 地 {s7}安 居， 管 理 村 庄 田 野 、 裁 决 地 方 纠 纷 、 履 行 对 封 主 的 义 务 。 封 主 偶 尔 召 你 征 战 ， 但 时 日 短 暂 ， 而 你 再 也 没 有 真 正 回 到 你 年 轻 时 候 的 冒 险 经 历 。 你 已 经 置 下 大 笔 财 富 。 你 已 积 累 了 财 富 ， 有 自 己 的 堡 垒 和 领 地 ， 个 人 资 产 与 土 地 收 益 足 以 满 足 所 有 需 求 ， 你 不 再 奢 求 什 么 了 。 
str_retirement_text_8|无 疑 ， 你 已 功 成 名 就 。 你 广 阔 的 领 地 和 积 累 的 财 富 足 够 保 证 你 在 余 下 的 日 子 里 过 着 富 足 而 省 心 的 生 活 。 退 隐 至 {s8}的 贵 族 领 地 后 ， 你 从 冒 险 转 向 政 治 ， 很 快 你 就 在 你 君 主 的 王 国 里 面 建 立 了 自 己 相 当 可 观 的 权 威 。 随 着 自 己 的 兴 趣 爱 好 忙 碌 ， 在 自 己 的 林 地 里 打 猎 ， 在 领 主 大 厅 里 大 摆 宴 席 ， 以 及 吹 嘘 着 上 百 个 耐 听 的 战 争 事 迹 ， 你 无 忧 无 虑 地 让 剩 余 的 每 一 年 都 过 的 有 滋 有 味 。 
str_retirement_text_9|因 你 能 干 忠 诚 ， 封 主 赐 予 你 世 袭 爵 位 ， 晋 身 王 国 显 贵 。 不 久 ， 你 完 成 封 爵 仪 式 ， 成 为 {s7}的 伯 爵 ， 并 成 为 封 主 的 亲 信 顾 问 和 助 手 。 名 望 为 你 带 来 隐 形 的 影 响 力 和 显 赫 的 政 治 地 位 。 现 在 ， 你 纵 横 权 力 游 戏 ， 管 理 广 袤 封 地 ， 闲 时 回 忆 当 年 的 冒 险 与 荣 光 。 
str_retirement_text_10|虽 然 起 点 低 微 ， 但 封 主 对 你 青 睐 有 加 。 当 他 封 你 为 {s9}的 {伯 爵 / 伯 爵 夫 人}时 ， 全 王 国 引 起 了 轩 然 大 波 。 现 在 ， 广 袤 的 封 地 和 财 富 由 你 统 治 。 你 迅 速 成 为 封 主 最 信 任 的 顾 问 ， 几 乎 和 他 平 起 平 坐 地 承 担 王 国 大 部 分 治 理 之 责 。 你 高 坐 自 己 华 丽 的 宫 殿 宝 座 ， 成 为 卡 拉 迪 亚 最 强 大 的 人 物 之 一 。 
str_loot_village|袭 击 无 辜 的 村 民 
str_steal_from_villagers|偷 窃 贫 苦 村 民 的 财 物 
str_rob_caravan|抢 夺 商 队 
str_sell_slavery|买 卖 人 口 
str_men_hungry|部 队 缺 少 食 物 
str_men_unpaid|无 力 支 付 部 下 薪 饷 
str_excessive_casualties|让 每 场 战 斗 在 我 方 来 说 只 是 用 敌 人 鲜 血 洗 澡 
str_surrender|投 降 
str_flee_battle|逃 跑 
str_pay_bandits|缴 过 路 费 
str_fail_quest|一 个 以 荣 誉 担 保 的 任 务 失 败 了 
str_squander_money|挥 霍 他 人 信 托 的 财 物 
str_murder_merchant|我 们 将 自 己 陷 于 冷 血 的 谋 杀 
str_round_up_serfs|代 表 贵 族 围 捕 农 隶 
str_battle_fate_1|在 激 战 中 被 冲 散 
str_battle_fate_2|我 受 了 重 伤 ， 躺 着 等 死 
str_battle_fate_3|我 被 击 昏 了 
str_battle_fate_4|我 被 俘 虏 并 悬 出 赎 金 
str_battle_fate_5|我 被 俘 虏 ， 不 久 找 了 个 机 会 逃 跑 了 
str_npc_morale_report|我 {s6}你 选 择 的 同 伴 ， {s7}你 的 领 导 风 格 ， {s8}现 在 总 体 的 情 况 
str_happy|喜 欢 
str_content|满 足 于 
str_concerned|关 心 
str_not_happy|一 点 都 不 喜 欢 
str_miserable|特 别 害 怕 
str_morale_reg1|士 气 ： {reg1}
str_bar_enthusiastic|热 情 
str_bar_content|满 足 
str_bar_weary|厌 倦 
str_bar_disgruntled|不 满 
str_bar_miserable|害 怕 
str_here_plus_space|这 里 
str_npc1_intro|你 好 ， 旅 行 者 。 你 不 会 正 巧 想 要 雇 个 追 踪 者 吧 ？ 
str_npc2_intro|你 好 ， 朋 友 。 能 赏 脸 共 饮 一 杯 吗 ？ 我 手 头 只 剩 5个 第 纳 尔 了 。 实 在 不 想 独 自 喝 闷 酒 。 
str_npc3_intro|愿 你 度 过 美 好 的 一 天 ！ 
str_npc4_intro|幸 会 。 我 乃 罗 尔 夫 之 子 罗 尔 夫 ， 来 自 最 古 老 强 大 的 罗 尔 夫 家 族 。 
str_npc5_intro|旅 人 你 好 ， 可 愿 与 我 共 饮 一 杯 ？ 
str_npc6_intro|我 好 迷 茫 … … 好 迷 茫 … … 
str_npc7_intro|嗯 ， 怎 么 了 ？ 先 说 好 ， 别 靠 太 近 。 
str_npc8_intro|你 想 干 什 么 ？ 
str_npc9_intro|嘿 ， 那 边 的 {帅 哥 /小 姐 }。 劳 驾 再 给 我 来 杯 酒 如 何 。 
str_npc10_intro|嘿 ， 你 好 ， {老 兄 /大 姐 }！ 为 所 有 贵 族 老 爷 小 姐 的 灭 亡 干 杯 ！ 
str_npc11_intro|嘿 ， {老 兄 /大 姐 }。 这 杯 酒 我 请 了 。 
str_npc12_intro|同 道 旅 人 你 好 ， 或 许 你 能 帮 我 个 忙 。 
str_npc13_intro|旅 人 你 好 。 我 是 尼 扎 尔 。 你 肯 定 听 说 过 我 。 
str_npc14_intro|嗯 ？ 有 何 贵 干 ？ 
str_npc15_intro|哦 ！ 朋 友 。 你 近 期 会 出 城 么 ？ 
str_npc16_intro|你 好 。 看 你 这 模 样 ， 十 有 八 九 马 上 就 有 仗 打 。 你 是 否 碰 巧 在 找 帮 手 ？ 
str_npc1_intro_response_1|也 许 吧 。 有 什 么 要 紧 事 ？ 
str_npc2_intro_response_1|只 剩 五 个 第 纳 尔 了 ？ 你 怎 么 了 ？ 
str_npc3_intro_response_1|你 好 ， 像 你 这 般 端 庄 的 姑 娘 ， 怎 会 出 现 在 这 种 酒 肉 之 地 ？ 
str_npc4_intro_response_1|嗯 … 我 从 未 听 说 过 什 么 罗 尔 夫 家 族 。 
str_npc5_intro_response_1|当 然 可 以 。 不 知 我 有 幸 与 何 人 共 饮 ？ 
str_npc6_intro_response_1|朋 友 ， 何 故 如 此 忧 郁 ？ 
str_npc7_intro_response_1|抱 歉 ， 我 只 是 想 说 ， 你 看 起 来 近 来 运 气 不 佳 。 
str_npc8_intro_response_1|若 你 得 空 ， 仅 是 想 同 你 打 个 招 呼 ， 女 士 。 
str_npc9_intro_response_1|你 一 定 是 把 我 认 成 酒 馆 老 板 了 ，先 生 。 
str_npc10_intro_response_1|先 生 何 出 此 言 ？ 
str_npc11_intro_response_1|有 何 特 殊 缘 故 吗 ？ 
str_npc12_intro_response_1|何 出 此 言 ？ 
str_npc13_intro_response_1|嗯 … 好 像 没 听 说 过 。 
str_npc14_intro_response_1|只 是 想 同 旅 人 互 致 问 候 ， 消 磨 时 间 而 已 ， 若 你 允 许 的 话 。 
str_npc15_intro_response_1|我 会 。 请 问 与 你 何 干 ？ 
str_npc16_intro_response_1|有 可 能 。 你 有 何 来 历 ？ 
str_npc1_intro_response_2|请 退 后 ， 先 生 ， 手 离 我 的 钱 包 远 点 。 
str_npc2_intro_response_2|我 有 更 要 紧 的 事 要 做 。 
str_npc3_intro_response_2|小 丫 头 ， 一 边 玩 去 。 我 还 有 大 人 的 事 要 干 。 
str_npc4_intro_response_2|嗯 ？ 谢 谢 ， 我 不 参 与 这 事 儿 。 
str_npc5_intro_response_2|我 没 时 间 浪 费 喝 酒 上 。 
str_npc6_intro_response_2|江 湖 无 疑 如 此 。 那 祝 你 早 日 找 到 正 途 。 
str_npc7_intro_response_2|行 ， 那 我 不 打 扰 了 。 
str_npc8_intro_response_2|既 然 你 明 显 不 愿 恰 谈 ， 那 便 无 事 。 再 见 ！ 
str_npc9_intro_response_2|有 手 你 就 自 己 拿 去 吧 。 
str_npc10_intro_response_2|这 是 叛 国 者 的 言 辞 ， 我 一 句 也 不 想 听 。 再 见 ！ 
str_npc11_intro_response_2|女 士 ， 还 是 不 必 了 。 
str_npc12_intro_response_2|对 不 起 ， 我 还 有 些 要 紧 事 得 先 处 理 。 
str_npc13_intro_response_2|没 听 说 过 ， 而 且 我 也 不 太 想 认 识 你 。 
str_npc14_intro_response_2|没 什 么 事 。 抱 歉 打 扰 。 
str_npc15_intro_response_2|先 生 ， 你 能 不 多 管 闲 事 ， 我 就 谢 天 谢 地 了 。 
str_npc16_intro_response_2|少 管 闲 事 ， 小 姐 。 
str_npc1_backstory_a|好 吧 ， {先 生 /夫 人 }， 说 来 话 长 … 
str_npc2_backstory_a|这 是 个 悲 惨 的 故 事 ， 先 生 。 
str_npc3_backstory_a|问 得 好 ， 我 这 就 讲 给 你 听 啊 ！ 
str_npc4_backstory_a|这 样 啊 ？ 或 许 我 可 以 原 谅 你 的 无 知 … … 我 们 祖 地 很 远 很 远 ， 在 群 山 那 边 。 
str_npc5_backstory_a|我 是 巴 赫 什 图 尔 ， 阿 扎 贝 之 子 ， 巴 德 赞 之 孙 。 若 你 不 是 野 蛮 人 ， 定 能 从 我 的 血 统 看 出 我 是 高 原 上 的 库 吉 特 人 ，来 自 沙 米 尔 部 落 、 杜 兰 姆 氏 族 、 乌 拜 恩 家 族 、 潘 塔 什 的 山 谷 。 你 或 能 猜 到 我 为 何 远 离 家 乡 。 
str_npc6_backstory_a|我 犯 下 了 滔 天 大 罪 。 若 你 愿 听 ， {先 生 /夫 人 }， 我 只 得 厚 颜 请 你 做 我 的 告 解 师 。 
str_npc7_backstory_a|我 的 运 气 么 ？ 你 说 得 对 。 
str_npc8_backstory_a|啊 ， 既 然 你 这 么 想 聊 聊 ， 我 们 就 聊 聊 。 
str_npc9_backstory_a|深 表 歉 意 。 在 这 烟 雾 缭 绕 的 地 方 ， 有 时 确 实 难 辨 人 影 。 我 仍 无 法 相 信 竟 要 在 此 安 家 。 
str_npc10_backstory_a|说 来 话 长 ， 但 你 若 来 杯 酒 ， 我 很 乐 意 讲 给 你 听 。 
str_npc11_backstory_a|哎 ， {小 伙 子 / 姑 娘}， 我 卖 了 马 车 和 锅 碗 瓢 盆 。 一 辈 子 难 得 手 头 有 钱 ， 自 然 要 痛 快 花 一 场 。 
str_npc12_backstory_a|我 会 讲 给 你 听 的 — — 但 这 是 个 充 满 罪 恶 的 故 事 。 先 提 醒 你 ， 若 你 性 子 火 爆 ， 听 到 我 遭 受 的 不 公 对 待 ， 恐 怕 会 怒 火 中 烧 ， 伤 了 自 己 。 
str_npc13_backstory_a|没 听 说 过 ？ 那 或 许 你 听 说 过 我 的 战 马 ， 如 月 光 般 纵 驰 卡 拉 迪 亚 平 原 ？ 还 有 我 的 宝 剑 ， 曾 饮 过 王 国 贵 族 的 鲜 血 ！ 
str_npc14_backstory_a|消 磨 时 间 也 好 ， 我 不 在 意 。 我 名 叫 雷 萨 里 特 。 
str_npc15_backstory_a|我 是 个 工 程 师 ， 精 通 防 御 工 事 。 不 管 你 想 拆 什 么 墙 ， 给 足 时 间 我 都 能 办 到 。 若 需 筑 墙 ， 我 也 能 办 ， 只 是 耗 时 更 长 、 花 费 更 高 。 这 些 钱 是 不 能 省 的 ， 否 则 一 造 好 就 会 垮 掉 — — 就 像 最 近 这 儿 的 某 人 亲 身 经 历 的 那 样 。 
str_npc16_backstory_a|好 吧 {先 生 /夫 人 }， 自 我 有 记 忆 以 来 ， 便 对 美 丽 物 件 无 法 抵 抗 ， 你 看 ， 这 给 我 招 来 了 麻 烦 … … 
str_npc1_backstory_b|我 只 是 对 拴 在 {s20}{s19}酒 馆 外 面 的 一 匹 马 产 生 了 一 点 误 会 。 它 跟 几 天 前 把 我 甩 下 逃 跑 的 那 匹 马 一 模 一 样 。 不 知 不 觉 地 我 就 去 解 了 马 缰 想 仔 细 看 看 。 结 果 这 马 是 个 商 人 的 ， 那 个 尖 嘴 猴 腮 山 羊 脸 的 老 头 完 全 不 接 受 我 的 解 释 ， 立 刻 把 卫 兵 找 过 来 了 … … 
str_npc2_backstory_b|不 久 前 ， 我 从 杰 罗 亚 随 商 队 出 发 ， 想 在 萨 哥 斯 卖 货 大 赚 一 笔 。 谁 会 想 到 我 们 被 一 伙 库 吉 特 杂 种 埋 伏 了 ， 大 部 分 马 匹 和 货 物 被 抢 了 。 更 遭 的 是 ， 两 天 后 ， 商 队 护 卫 竟 然 卷 着 剩 下 的 货 物 逃 跑 了 。 
str_npc3_backstory_b|我 父 亲 是 {s20}{s19}的 著 名 商 人 ， 他 让 我 嫁 给 他 的 一 个 商 业 伙 伴 — — 一 个 三 十 多 岁 的 男 人 。 我 一 生 孝 顺 ， 但 这 提 议 实 在 荒 唐 可 憎 。 于 是 我 逃 走 了 ！ 
str_npc4_backstory_b|如 我 家 族 中 所 有 男 儿 一 般 ， 我 来 到 异 乡 ， 希 望 在 从 武 之 路 上 闯 出 名 声 ， 然 后 归 家 接 管 家 族 地 产 。 可 惜 这 里 的 官 员 并 不 尚 武 ， 竟 然 称 我 为 盗 匪 ， 还 悬 赏 我 的 脑 袋 — — 对 一 位 绅 士 冒 险 者 来 说 ， 这 简 直 是 莫 须 有 的 诬 蔑 ， 你 肯 定 也 这 么 认 为 。 
str_npc5_backstory_b|自 古 以 来 ， 我 们 部 落 与 胡 姆 扬 部 落 仇 怨 不 断 ， 他 们 很 多 人 居 住 在 邻 近 谷 地 。 这 场 仇 杀 夺 去 了 两 方 无 数 男 儿 的 生 命 ， 其 中 包 括 我 的 两 个 兄 弟 。 汗 王 为 了 卡 拉 迪 亚 战 事 节 约 人 力 ， 亲 自 下 令 我 们 停 战 。 但 我 知 道 自 己 的 要 求 ， 兄 弟 的 血 债 必 须 偿 还 。 我 在 山 间 小 道 伏 击 并 杀 死 了 一 名 胡 姆 扬 人 ， 当 晚 便 骑 马 离 村 ， 甚 至 没 来 得 及 向 父 亲 告 别 。 我 会 在 卡 拉 迪 亚 暂 避 一 两 年 ， 等 可 汗 的 人 忘 记 这 事 再 回 家 。 胡 姆 扬 人 当 然 不 会 忘 ， 但 这 就 是 荣 誉 的 代 价 。 
str_npc6_backstory_b|我 曾 是 {s20}{s19}的 领 主 的 骑 兵 队 长 ， 我 的 兄 弟 也 和 我 一 起 服 役 。 但 是 我 们 都 爱 上 了 同 一 个 女 人 — — 一 个 四 处 勾 引 男 人 的 荡 妇 ！ 她 玩 弄 着 我 们 之 间 的 嫉 妒 ！ 我 的 兄 弟 和 我 反 目 。 我 当 时 喝 得 太 醉 ， 他 用 手 套 扇 我 ， 我 竟 用 剑 刺 穿 了 他 … … 那 是 我 的 亲 兄 弟 啊 ！ 我 的 剑 臂 竟 沾 上 了 亲 人 的 血 ！ 
str_npc7_backstory_b|我 真 倒 霉 ！ 养 我 的 是 个 软 弱 的 父 亲 ， 他 把 我 嫁 给 了 一 个 动 不 动 就 打 我 的 嗜 酒 懒 汉 。 当 我 好 不 容 易 逃 离 丈 夫 后 ， 又 遭 盗 匪 掳 掠 ， 这 是 倒 了 两 次 霉 ！ 结 果 ， 盗 匪 中 唯 一 对 我 好 的 人 ， 教 我 狩 猎 和 战 斗 ， 却 引 来 其 他 人 嫉 妒 ， 他 们 杀 了 他 ， 逼 我 又 一 次 逃 亡 。 
str_npc8_backstory_b|我 来 自 北 境 古 老 家 族 ， 是 长 老 之 女 ， 也 是 乡 绅 之 妻 。 无 论 战 时 或 平 时 ， 我 都 与 丈 夫 在 出 生 入 死 、 并 肩 作 战 。 但 后 来 他 死 于 瘟 疫 ， 我 们 膝 下 无 子 。 丈 夫 的 遗 嘱 让 我 继 承 土 地 ， 可 我 的 叔 夫 （ 愿 他 下 地 狱 ） 声 称 女 人 继 承 长 老 之 位 有 违 习 俗 。 这 简 直 胡 说 ， 但 他 用 金 钱 收 买 了 丈 夫 的 叛 徒 仆 人 ， 强 占 了 我 的 大 厅 。 我 无 奈 逃 走 — — 从 小 到 大 我 从 未 想 过 逃 跑 ， 也 希 望 永 远 不 必 再 这 样 做 。 
str_npc9_backstory_b|我 是 父 亲 的 长 子 ， 也 是 他 的 合 法 继 承 者 。 母 亲 去 世 后 ， 父 亲 再 婚 。 继 母 想 让 她 的 儿 子 继 承 家 业 。 她 不 敢 明 目 张 胆 对 付 我 ， 但 近 日 我 把 留 给 我 的 一 锅 油 脂 喂 了 猎 犬 ， 它 竟 暴 毙 。 我 指 控 继 母 ， 可 父 亲 被 她 的 妖 术 迷 惑 ， 不 信 我 所 言 ， 竟 命 我 滚 出 他 的 眼 前 。 
str_npc10_backstory_b|我 曾 是 {s20}{s19}驻 军 的 中 士 。 我 为 那 座 城 站 了 二 十 年 的 岗 ， 经 历 无 数 恶 战 ，直 到 上 面 派 来 一 个 拖 着 鼻 涕 的 ， 嘴 上 没 毛 的 年 轻 王 子 ， 刚 刚 离 开 他 娘 的 摇 篮 ， 就 做 了 守 军 指 挥 官 。 一 次 我 在 塔 顶 站 岗 ， 因 雨 天 我 怕 弦 松 了 ， 就 未 给 弩 上 弦 ，那 小 王 子 竟 说 我 失 职 ， 要 用 马 鞭 抽 我 。 我 一 气 之 下 ， 甩 下 职 守 走 了 。 
str_npc11_backstory_b|三 十 年 来 ， 我 跟 随 王 国 军 队 ， 卖 食 物 酒 水 ， 看 他 们 赌 博 ， 帮 他 们 找 女 人 ， 最 后 兜 里 连 一 个 第 纳 尔 都 没 剩 。 
str_npc12_backstory_b|我 本 该 苦 心 钻 研 自 然 哲 学 ， 却 因 大 学 里 那 些 书 呆 子 医 生 的 嫉 妒 ， 沦 为 了 赤 脚 医 生 。有 一 次 一 个 商 人 雇 我 治 疗 从 阳 台 跌 落 昏 迷 的 儿 子 ， 我 做 完 环 钻 手 术 成 功 减 轻 了 脑 肿 胀 ， 可 他 家 人 忽 略 了 我 用 柳 皮 酊 治 疗 发 烧 的 建 议 ， 孩 子 就 死 了 ！ 他 爸 不 但 没 感 谢 我 ， 反 而 还 控 告 我 施 了 什 么 妖 术 咒 死 了 孩 子 — — 我 ， 一 个 他 妈 的 自 然 哲 学 家 ，施 法 术 ！ 人 就 是 能 这 么 蠢 — — 既 无 知 、 又 忘 恩 。 
str_npc13_backstory_b|我 是 一 名 职 业 战 士 。 但 或 许 你 也 听 说 过 我 作 诗 的 才 华 ， 能 让 冷 若 冰 霜 的 少 女 心 醉 。 还 有 我 在 床 笫 之 间 的 本 领 ， 这 一 点 我 得 承 认 我 确 实 略 有 造 诣 。 我 对 卡 拉 迪 亚 怀 有 着 朴 素 的 热 爱 ， 近 几 年 游 历 各 地 城 镇 、 堡 垒 、 村 庄 ， 尽 情 展 示 着 我 的 才 华 。 
str_npc14_backstory_b|我 是 杰 罗 亚 伯 爵 的 次 子 ， 你 肯 定 听 说 过 我 父 亲 。 因 为 没 有 任 何 继 承 权 ， 我 来 卡 拉 迪 亚 闯 荡 ， 教 人 战 斗 技 艺 。 不 幸 的 是 ， {s20}的 领 主 不 懂 纪 律 训 练 ， 不 知 道 怎 么 把 乌 合 之 众 变 成 士 兵 。 我 说 现 在 鞭 打 是 为 了 以 后 少 埋 人 ， 他 不 听 ， 我 只 好 另 寻 明 主 。 
str_npc15_backstory_b|{s20}{s19}的 堡 主 想 在 城 墙 上 加 建 塔 楼 ， 可 建 到 一 半 他 就 没 钱 了 ， 支 撑 结 构 没 完 成 。 我 预 先 告 知 他 塔 楼 会 倒 ， 结 果 真 倒 了 ！ 而 他 当 时 正 好 站 在 塔 上 面 。 新 堡 主 不 愿 承 担 前 任 债 务 ， 还 暗 示 我 再 追 讨 就 告 我 谋 杀 。 
str_npc16_backstory_b|我 是 一 个 在 马 勒 尤 格 堡 长 大 的 奴 仆 ， 和 母 亲 在 厨 房 打 杂 。 我 常 在 食 品 间 捕 鼠 取 乐 ， 技 艺 高 超 到 让 堡 里 的 猫 都 失 业 了 。 最 终 领 主 发 现 我 能 追 踪 更 大 的 “ 猎 物 ” ， 去 办 一 些 不 便 明 说 的 差 事 。 不 用 说 ， 我 也 抓 住 机 会 顺 走 领 主 敌 人 的 首 饰 ， 攒 钱 赎 身 成 了 自 由 人 。 我 的 最 后 一 份 工 作 是 在 {s20}{s19}做 的 。 
str_npc1_backstory_c|但 如 果 我 加 入 一 个 大 部 队 ， 有 人 为 我 作 证 ， 他 们 或 许 会 放 过 我 。 若 你 能 帮 我 ， 我 必 当 感 激 不 尽 。 
str_npc2_backstory_c|所 以 我 现 在 流 落 此 地 ， 身 无 分 文 ， 回 家 无 望 。 
str_npc3_backstory_c|我 想 嫁 谁 就 嫁 谁 ， 想 什 么 时 候 嫁 就 什 么 时 候 嫁 。 而 且 ， 不 管 父 亲 怎 么 想 ， 我 完 全 能 照 顾 好 自 己 。 我 正 想 着 ， 或 许 该 加 入 吉 普 赛 团 伙 ， 或 者 当 一 名 雇 佣 兵 ！ 
str_npc4_backstory_c|但 我 实 在 怕 再 惹 麻 烦 ， 若 你 知 道 哪 里 有 部 队 供 我 投 奔 ， 我 会 非 常 感 谢 。 
str_npc5_backstory_c|这 期 间 ， 任 何 能 让 我 用 剑 谋 生 的 机 会 ， 我 都 求 之 不 得 。 
str_npc6_backstory_c|你 觉 得 我 这 样 的 人 还 有 救 吗 ？ 能 走 上 正 途 ， 还 是 注 定 被 内 心 的 恶 魔 拖 向 深 渊 ？ 
str_npc7_backstory_c|但 我 不 觉 得 自 己 不 幸 ， 陌 生 人 ， 和 卡 拉 迪 亚 其 他 女 人 比 起 来 没 两 样 — — 这 片 腐 臭 的 穷 乡 僻 壤 ， 各 国 中 的 粪 堆 ， 到 处 是 猿 猴 和 豺 狼 。 
str_npc8_backstory_c|等 我 攒 够 金 钱 招 募 军 队 ， 就 回 去 夺 回 属 于 我 的 一 切 。 
str_npc9_backstory_c|我 希 望 为 有 价 值 的 统 帅 效 力 ， 除 了 拥 有 土 地 ， 这 对 我 出 身 的 人 来 说 是 唯 一 体 面 的 职 业 。 但 目 前 只 能 与 盗 贼 、 流 浪 汉 、 商 人 和 路 上 的 三 教 九 流 为 伍 。 
str_npc10_backstory_c|现 在 我 只 想 在 这 里 喝 个 烂 醉 ， 管 他 妈 的 明 天 会 怎 样 。 
str_npc11_backstory_c|给 军 队 供 军 需 根 本 不 算 生 活 。 靠 士 兵 的 花 钱 赚 点 薄 利 ， 一 场 败 仗 就 得 重 头 再 来 ， 借 债 买 新 马 车 和 牛 。 我 很 想 退 出 这 行 ， 可 我 只 懂 军 旅 生 活 。 
str_npc12_backstory_c|这 个 城 堡 的 领 主 勉 强 还 没 有 抓 我 ， 但 是 我 还 是 想 到 别 处 去 避 一 避 。 
str_npc13_backstory_c|这 倒 提 醒 我 了 — — 城 里 有 个 怒 火 中 烧 的 丈 夫 在 找 我 。 你 能 帮 我 离 开 这 座 城 吗 ？ 
str_npc14_backstory_c|所 以 ， 若 你 知 道 哪 位 统 帅 致 力 于 打 胜 仗 ， 而 非 宠 士 兵 ， 请 一 定 替 我 引 荐 ， 我 会 感 激 不 尽 。 
str_npc15_backstory_c|没 收 定 金 就 接 合 同 ， 我 真 是 蠢 。 现 在 处 境 很 尴 尬 ， 路 上 到 处 是 盗 匪 ， 我 又 没 钱 雇 护 卫 。 若 近 几 天 有 强 大 的 武 装 队 伍 出 发 ， 能 带 上 我 的 话 ， 我 将 不 胜 感 激 。 
str_npc16_backstory_c|遗 憾 的 是 ， 上 一 任 雇 主 的 妻 子 有 个 可 爱 的 护 身 符 ， 我 实 在 忍 不 住 顺 走 了 。 她 现 在 还 没 发 现 ， 但 快 了 。 告 诉 我 ， 你 在 找 帮 手 吗 ？ 
str_npc1_backstory_later|你 知 道 的 ， 我 一 直 在 附 近 打 转 ， 尽 量 不 惹 麻 烦 ， 但 实 在 急 需 工 作 。 
str_npc2_backstory_later|我 卖 了 靴 子 ， 靠 串 镇 卖 货 赚 了 几 个 第 纳 尔 ， 生 活 艰 难 啊 。 
str_npc3_backstory_later|我 受 雇 给 过 往 商 队 做 饭 吃 ， 至 少 我 也 能 混 口 饭 吃 。 但 路 上 的 同 伴 鱼 龙 混 杂 ， 我 厌 倦 了 一 次 次 击 退 那 些 想 占 我 便 宜 的 卫 兵 和 路 人 。 我 寻 思 着 ， 要 是 能 当 个 战 士 ， 别 人 就 知 道 别 来 招 惹 我 了 。 
str_npc4_backstory_later|我 回 祖 传 领 地 看 了 看 ， 那 里 遭 了 蝗 灾 、 暴 雨 和 其 他 的 灾 难 ， 所 以 又 回 来 找 工 作 了 。 
str_npc5_backstory_later|我 在 这 片 战 火 纷 飞 的 土 地 上 游 荡 ， 寻 找 值 得 追 随 的 领 袖 。 
str_npc6_backstory_later|我 在 卡 拉 迪 亚 到 处 漂 泊 ， 却 始 终 找 不 到 赎 罪 之 路 。 
str_npc7_backstory_later|我 一 直 在 找 追 踪 者 的 工 作 ， 但 谈 何 容 易 。 卡 拉 迪 亚 人 都 是 些 没 教 养 肮 脏 和 无 知 的 家 伙 ， 和 这 群 人 合 作 简 直 难 熬 。 
str_npc8_backstory_later|我 仍 在 寻 找 能 在 其 麾 下 战 斗 的 统 帅 。 但 我 急 需 用 钱 。 然 而 这 里 的 领 主 总 爱 躲 在 堡 垒 里 ， 而 不 愿 出 征 争 夺 荣 耀 和 财 富 。 
str_npc9_backstory_later|我 曾 为 一 些 领 主 效 力 过 。 可 他 们 总 让 我 去 做 诸 如 送 信 ， 训 练 农 民 之 类 不 符 合 我 绅 士 身 份 的 工 作 。 
str_npc10_backstory_later|不 知 我 有 没 说 过 ， 我 因 打 了 一 个 无 故 要 鞭 打 我 的 年 轻 贵 族 ， 从 部 队 逃 了 出 来 ， 一 直 在 躲 藏 。 幸 好 离 开 时 顺 了 队 长 的 钱 包 ， 但 现 在 钱 快 花 完 了 。 
str_npc11_backstory_later|我 走 遍 世 界 。 但 没 几 个 队 长 愿 雇 我 这 把 老 骨 头 当 战 士 ， 尽 管 我 能 打 败 他 队 里 一 半 的 全 副 武 装 的 小 伙 子 。 
str_npc12_backstory_later|我 一 直 在 附 近 治 病 ， 能 拿 多 少 报 酬 算 多 少 。 但 是 这 里 的 人 很 无 知 ， 对 我 的 技 术 毫 不 尊 重 。 我 得 到 的 可 怜 的 报 酬 只 够 勉 强 补 充 我 的 药 品 。 有 机 会 找 其 他 工 作 的 话 我 会 很 高 兴 的 。 
str_npc13_backstory_later|我 在 卡 拉 迪 亚 各 城 游 荡 ， 留 下 无 数 对 我 爱 恋 的 女 人 以 及 她 们 被 戴 绿 帽 子 的 丈 夫 。 但 是 这 种 小 挑 战 我 已 经 厌 倦 了 ， 我 考 虑 让 自 己 在 战 争 中 找 寻 更 大 的 乐 趣 。 
str_npc14_backstory_later|我 遍 访 各 个 王 庭 ， 却 仍 未 找 到 称 心 的 领 主 。 
str_npc15_backstory_later|我 走 访 各 个 堡 垒 ， 看 城 墙 塔 楼 是 否 需 要 维 修 。 要 么 领 主 不 在 ， 要 么 他 有 别 的 事 ， 要 么 我 在 街 上 遇 到 他 的 债 主 讨 钱 ， 就 知 道 这 活 干 不 得 。 若 你 听 说 有 工 作 ， 请 告 诉 我 一 声 。 
str_npc16_backstory_later|我 偶 尔 打 打 零 工 ， 但 没 什 么 比 稳 定 工 作 更 好 了 ， 还 能 经 常 从 尸 体 上 搜 刮 财 物 。 
str_npc1_backstory_response_1|也 许 吧 ， 但 是 我 怎 么 确 定 你 不 会 在 我 的 马 中 搞 出 什 么 “ 误 会 ” 呢 ？ 
str_npc2_backstory_response_1|那 我 或 许 能 给 你 提 供 一 份 工 作 。 你 会 战 斗 吗 ？ 
str_npc3_backstory_response_1|巧 了 ， 我 刚 好 带 领 着 一 支 雇 佣 兵 队 伍 。 
str_npc4_backstory_response_1|我 就 率 领 着 这 样 的 部 队 ， 而 且 我 很 乐 意 多 一 个 帮 手 。 
str_npc5_backstory_response_1|这 才 对 嘛 ！ 我 或 许 能 给 你 提 供 点 机 会 ！ 
str_npc6_backstory_response_1|你 可 以 加 入 我 们 。 伸 张 正 义 ， 打 击 压 迫 者 ， 赎 罪 洗 心 ， 诸 如 此 类 。 
str_npc7_backstory_response_1|嗯 … … 你 想 要 一 份 工 作 吗 ？ 
str_npc8_backstory_response_1|我 可 以 给 你 一 个 机 会 ， 让 你 在 正 规 战 斗 和 掠 夺 中 赚 上 一 笔 。 
str_npc9_backstory_response_1|或 许 你 愿 意 暂 时 加 入 我 的 队 伍 ？ 
str_npc10_backstory_response_1|如 果 你 想 找 份 工 作 的 话 ， 我 很 乐 意 雇 用 熟 练 的 战 士 。 
str_npc11_backstory_response_1|你 现 在 打 算 怎 么 办 ？ 
str_npc12_backstory_response_1|你 可 以 跟 我 们 一 起 行 动 ， 但 得 能 在 战 线 上 作 战 。 
str_npc13_backstory_response_1|我 的 队 伍 或 许 需 要 多 一 把 战 刀 。 
str_npc14_backstory_response_1|我 的 队 伍 或 许 能 用 得 上 你 。 
str_npc15_backstory_response_1|你 要 去 哪 里 ？ 
str_npc16_backstory_response_1|或 许 吧 ， 你 都 会 什 么 ？ 
str_npc1_backstory_response_2|我 才 不 干 。 我 有 更 要 紧 的 事 ， 没 空 帮 盗 贼 逃 避 惩 罚 。 
str_npc2_backstory_response_2|算 你 倒 霉 ， 朋 友 。 再 见 。 
str_npc3_backstory_response_2|回 家 去 吧 ， 小 姑 娘 ， 父 辈 意 愿 不 可 违 。 
str_npc4_backstory_response_2|很 抱 歉 ， 我 没 听 说 过 这 样 的 队 伍 。 
str_npc5_backstory_response_2|唉 … … 你 们 山 区 部 落 若 是 继 续 这 样 互 斗 ， 只 会 日 渐 式 微 ， 留 下 些 五 大 三 粗 的 蠢 货 。 
str_npc6_backstory_response_2|滚 开 ， 可 憎 的 弑 亲 者 。 
str_npc7_backstory_response_2|其 实 ， 我 挺 喜 欢 卡 拉 迪 亚 的 ， 拜 拜 。 
str_npc8_backstory_response_2|你 的 小 叔 子 是 对 的 ， 女 人 本 就 不 该 掌 权 ，滚 回 家 看 看 火 炉 吧 。 
str_npc9_backstory_response_2|我 最 好 的 兄 弟 就 是 些 三 教 九 流 。 再 见 ， 先 生 。 
str_npc10_backstory_response_2|毫 无 疑 问 ， 你 早 晚 会 因 当 逃 兵 被 绞 死 ， 那 也 是 你 的 报 应 。 等 着 吧 。 
str_npc11_backstory_response_2|呵 呵 ， 很 有 意 思 ， 但 是 我 还 有 活 要 干 。 
str_npc12_backstory_response_2|抱 歉 ， 我 没 法 雇 佣 更 多 的 人 了 。 
str_npc13_backstory_response_2|不 ， 抱 歉 ， 我 帮 不 了 你 。 
str_npc14_backstory_response_2|如 果 我 听 说 有 机 会 ， 我 会 告 诉 你 的 ， 放 心 。 
str_npc15_backstory_response_2|抱 歉 ， 我 的 队 伍 已 经 满 员 了 。 
str_npc16_backstory_response_2|抱 歉 ， 小 姐 ， 听 起 来 你 会 是 个 大 麻 烦 。 
str_npc1_signup|{先 生 /夫 人 }，你 竟 会 那 样 想 ，真 伤 我 心 啊 。 我 会 对 你 感 恩 戴 德 的 ， 你 会 看 到 我 怎 样 用 行 动 表 达 我 的 感 激 之 情 。 
str_npc2_signup|实 话 实 说 ， 我 本 职 并 非 战 士 。 
str_npc3_signup|真 的 吗 ？ 那 么 ，我 也 没 资 格 挑 三 拣 四 的 了 ！ 我 很 乐 意 加 入 你 们 。 
str_npc4_signup|太 好 了 ， 我 的 剑 就 是 你 的 剑 。 
str_npc5_signup|啊 ， 这 可 是 一 个 再 慷 慨 不 过 的 提 议 了 ！ 
str_npc6_signup|是 的 ！ 你 一 定 是 天 主 的 使 者 ， 求 你 带 领 我 ！ 带 我 远 离 黑 暗 ！ 
str_npc7_signup|也 许 吧 。 我 现 在 需 要 用 钱 。 
str_npc8_signup|你 能 提 供 机 会 ？ 那 我 接 受 你 的 邀 请 。 
str_npc9_signup|我 非 常 愿 意 ， {先 生 /夫 人 }
str_npc10_signup|你 确 定 吗 ？ 现 在 就 走 ？ 好 吧 ， 总 比 被 当 作 逃 兵 而 送 上 绞 刑 架 好 。 
str_npc11_signup|何 必 问 ，我 会 当 个 好 兵 ！用 我 这 双 老 手 夺 点 战 利 品 ， 好 能 舒 服 地 退 休 。 我 有 两 个 儿 子 ， 都 是 天 生 的 军 人 坯 子 ， 后 来 也 当 了 兵 。 一 个 的 脑 袋 被 库 吉 特 的 战 棍 打 开 了 花 ， 另 一 个 死 于 花 柳 病 ， 但 这 都 比 饿 死 要 好 得 多 ！ 
str_npc12_signup|如 我 所 言 ， 我 是 个 外 科 医 生 。 并 不 是 那 种 衣 着 光 鲜 却 从 未 碰 过 尸 体 的 大 学 医 生 。 我 不 在 乎 弄 脏 我 的 手 。 
str_npc13_signup|是 吗 ？ 雇 用 我 你 一 定 不 会 后 悔 。 
str_npc14_signup|我 很 乐 意 跟 随 你 征 战 ， 至 少 暂 时 如 此 — — 为 了 薪 饷 和 战 利 品 分 成 。 
str_npc15_signup|最 终 要 回 杰 罗 亚 ， 但 我 希 望 先 赚 点 第 纳 尔 ， 不 想 空 手 而 归 。 所 以 若 你 答 应 提 供 食 物 和 战 利 品 分 成 ， 我 很 乐 意 跟 你 并 肩 作 战 一 段 时 间 。 
str_npc16_signup|好 吧 ， {先 生 /夫 人 }， 跟 你 说 吧 ， 或 许 我 大 字 不 识 ， 但 我 知 道 命 中 心 脏 最 快 的 方 法 是 从 第 四 和 第 五 根 肋 骨 之 间 刺 进 去 。 如 何 ？ 
str_npc1_signup_2|我 一 生 骑 马 穿 越 过 无 数 荒 野 ， 大 多 是 在 急 行 军 中 。 我 是 一 个 出 色 的 追 踪 者 ， 而 且 对 地 形 辨 别 力 也 强 。 怎 么 样 ， 考 虑 一 下 ？ 
str_npc2_signup_2|我 学 东 西 很 快 ， 我 会 骑 马 ， 对 贸 易 和 物 价 等 事 也 略 知 一 二 。 
str_npc3_signup_2|你 会 发 现 我 会 成 为 你 最 重 要 的 部 属 之 一 。 我 通 晓 经 典 文 学 ， 能 够 朗 诵 那 些 民 族 史 诗 ， 会 弹 鲁 特 琴 ， 同 时 也 很 擅 长 管 理 仆 人 们 。 
str_npc4_signup_2|请 你 注 意 一 点 ， 身 为 贵 族 而 且 享 有 男 爵 的 称 号 ， 我 更 希 望 成 为 一 位 指 挥 官 ， 而 不 是 一 个 普 通 的 士 兵 来 冲 锋 陷 阵 。 
str_npc5_signup_2|我 保 证 不 会 背 叛 你 ， 当 然 ， 前 提 是 你 尽 到 职 责 ： 供 我 食 宿 、 支 付 薪 饷 ， 别 拖 着 我 这 可 怜 的 身 子 去 打 毫 无 胜 算 的 仗 。 若 你 愿 意 ， 递 给 我 一 把 盐 吧 — — 我 们 族 人 的 习 俗 是 从 队 长 手 中 接 过 盐 ， 作 为 他 关 心 部 下 的 象 征 。 
str_npc6_signup_2|我 熟 谙 战 争 技 艺 — — 但 我 请 求 你 ， {先 生 /夫 人 }。 我 希 望 用 这 身 本 领 保 护 无 辜 、 纯 善 和 无 法 自 保 之 人 ， 而 不 是 当 一 个 流 寇 ， 制 造 更 多 苦 难 。 
str_npc7_signup_2|但 请 让 你 的 部 下 知 道 ， 我 忍 不 了 粗 鲁 之 人 。 任 何 在 我 面 前 胡 作 非 为 者 ， 很 快 就 会 被 箭 射 穿 喉 咙 。 
str_npc8_signup_2|我 很 乐 意 在 你 身 边 作 战 ， 不 过 我 也 要 警 告 你 ， 如 果 你 让 我 去 做 一 些 诸 如 捡 柴 做 饭 一 类 的 事 情 ， 你 会 后 悔 莫 及 的 。 
str_npc9_signup_2|我 是 个 有 身 份 的 人 ， 我 更 愿 用 剑 和 骑 枪 来 战 斗 。 我 知 道 你 出 身 比 我 低 ， 但 为 一 位 经 验 丰 富 的 队 长 效 力 并 不 失 身 份 — — 当 然 ， 前 提 是 你 的 部 下 不 要 对 我 太 随 便 。 应 该 没 问 题 吧 ？ 
str_npc10_signup_2|你 不 会 后 悔 让 我 加 入 的 ， {老 兄 /姐 妹 }。 我 是 个 神 弩 手 ， 用 这 完 美 的 武 器 ， 能 穿 透 贵 族 的 甲 胄 ， 让 他 高 贵 的 鲜 血 当 场 四 射 。 打 个 不 客 气 的 比 方 ， 我 训 练 过 的 新 兵 比 你 吃 过 的 米 还 多 。 我 不 会 向 贵 族 献 媚 。 
str_npc11_signup_2|我 会 格 斗 ， 包 扎 伤 口 ， 还 会 给 行 军 中 的 部 队 做 吃 的 。 一 个 笨 统 帅 才 会 放 弃 雇 用 一 个 像 我 这 么 有 经 验 的 老 兵 ！ 哎 ， {小 伙 子 /小 姑 娘 }， 你 现 在 不 正 率 领 着 一 支 战 斗 队 伍 吗 ？ 
str_npc12_signup_2|人 类 能 造 成 的 各 种 伤 口 ， 我 都 治 疗 过 。 当 医 生 之 前 ， 我 是 个 学 生 ， 所 以 你 放 心 — — 我 既 会 治 伤 ， 也 会 制 造 伤 口 。 
str_npc13_signup_2|剑 、 长 枪 、 弓 — — 我 在 这 些 武 艺 上 的 造 诣 堪 称 史 诗 。 我 们 并 肩 作 战 的 伟 绩 ， 将 在 未 来 数 代 人 的 口 中 传 颂 ， 在 节 日 盛 会 、 营 火 旁 、 肮 脏 的 酒 馆 里 ， 乃 至 王 者 的 大 厅 中 被 人 讲 述 。 
str_npc14_signup_2|我 是 一 名 熟 练 的 剑 客 ， 我 也 可 以 教 你 的 手 下 格 斗 。 但 是 我 提 醒 你 我 不 喜 欢 受 命 于 一 个 对 {他 的 /她 的 }部 下 纪 律 松 懈 的 领 导 者 ， 因 为 从 长 远 来 看 ， 士 兵 不 会 尊 重 宽 纵 无 度 的 统 帅 。 
str_npc15_signup_2|我 专 精 于 围 城 战 ， 不 过 若 有 必 要 ， 野 战 中 我 也 能 应 付 自 如 。 
str_npc16_signup_2|除 了 用 刀 刺 杀 ， 我 还 会 掷 刀 ， 身 手 像 水 银 般 灵 活 。 我 保 证 ， 你 会 发 现 我 在 战 斗 中 非 常 有 用 。 
str_npc1_signup_response_1|好 的 。 你 会 对 我 们 很 有 用 的 。 
str_npc2_signup_response_1|这 就 行 了 。 
str_npc3_signup_response_1|嗯 ， 这 是 个 开 端 。 其 他 的 我 们 可 以 教 你 的 。 
str_npc4_signup_response_1|很 好 。 很 高 兴 你 能 加 入 我 们 ， 呃 ， “ 男 爵 先 生 ”。 
str_npc5_signup_response_1|当 然 。 给 ， 拿 些 盐 吧 。 
str_npc6_signup_response_1|很 高 兴 接 受 你 的 效 劳 ！ 去 整 理 好 行 囊 ， 我 们 就 要 出 发 。 
str_npc7_signup_response_1|我 会 雇 用 你 。 你 得 试 着 别 在 第 一 天 就 射 死 自 己 人 。 
str_npc8_signup_response_1|不 用 怕 ， 夫 人 。 你 作 为 长 老 之 女 、 乡 绅 遗 孀 ， 你 将 受 到 相 称 的 待 遇 。 
str_npc9_signup_response_1|嗯 ， 不 会 的 。 我 会 和 队 友 们 谈 谈 的 。 
str_npc10_signup_response_1|好 样 的 。 我 们 会 给 你 应 得 的 尊 敬 。 
str_npc11_signup_response_1|听 上 去 你 能 派 上 用 场 。 你 被 雇 用 了 。 
str_npc12_signup_response_1|那 么 ， 欢 迎 加 入 我 们 的 队 伍 ， 医 生 。 
str_npc13_signup_response_1|很 好 。 做 好 准 备 ， 我 们 就 要 出 发 了 。 
str_npc14_signup_response_1|很 好 。 我 很 高 兴 能 招 到 你 这 样 的 。 
str_npc15_signup_response_1|那 么 为 我 工 作 。 我 将 很 高 兴 雇 用 你 。 
str_npc16_signup_response_1|听 上 去 你 能 做 这 份 工 作 。 我 雇 用 你 了 。 
str_npc1_signup_response_2|我 宁 愿 不 去 冒 这 份 风 险 。 再 见 ， 先 生 。 
str_npc2_signup_response_2|恐 怕 我 只 想 招 募 有 经 验 的 人 。 祝 你 好 运 。 
str_npc3_signup_response_2|事 实 上 ， 我 们 需 要 一 些 稍 微 不 同 技 能 的 人 。 
str_npc4_signup_response_2|事 实 上 ， 我 们 不 习 惯 雇 用 虚 构 血 统 的 盗 匪 。 日 安 ， 先 生 。 
str_npc5_signup_response_2|事 实 上 ， 经 过 重 新 考 虑 ， 我 更 愿 意 结 交 更 文 明 的 伙 伴 。 
str_npc6_signup_response_2|经 过 重 新 考 虑 ， 也 许 雇 佣 兵 队 伍 现 在 并 不 适 合 你 。 
str_npc7_signup_response_2|事 实 上 ， 重 新 考 虑 了 一 下 ， 你 听 起 来 可 能 会 惹 麻 烦 。 再 见 。 
str_npc8_signup_response_2|啊 哈 。 事 实 上 ， 若 你 不 服 从 我 的 命 令 ， 最 好 去 别 处 谋 生 。 
str_npc9_signup_response_2|你 想 错 了 ， 先 生 。 在 我 的 队 伍 里 只 尊 重 勇 气 和 技 艺 ， 而 不 是 贵 族 身 份 。 
str_npc10_signup_response_2|经 过 重 新 考 虑 ， 我 们 非 常 重 视 纪 律 。 祝 你 好 运 。 
str_npc11_signup_response_2|对 不 起 ， 夫 人 。 我 的 队 伍 人 手 已 经 足 够 了 。 
str_npc12_signup_response_2|战 场 和 在 酒 馆 里 打 架 是 两 码 事 。 也 许 你 需 要 在 别 处 找 份 工 作 。 
str_npc13_signup_response_2|事 实 上 ， 经 过 重 新 考 虑 ， 一 个 过 于 渴 望 荣 耀 的 战 士 对 我 的 队 伍 来 说 是 很 危 险 的 。 
str_npc14_signup_response_2|事 实 上 ， 我 不 想 我 的 部 下 会 引 发 兵 变 。 日 安 ， 先 生 。 
str_npc15_signup_response_2|事 实 上 ， 我 需 要 一 个 有 着 别 的 特 殊 技 能 的 人 。 抱 歉 。 
str_npc16_signup_response_2|说 实 话 ， 我 更 想 招 一 个 盗 窃 欲 望 不 是 那 么 强 烈 的 人 。 
str_npc1_payment|我 会 对 你 很 有 用 的 ， {先 生 /夫 人 }, 我 向 你 保 证 。 我 们 离 开 之 前 还 有 一 件 事 情 ， 你 可 以 借 给 我 {reg3}第 纳 尔 吗 ？ 说 来 惭 愧 ， 近 几 周 住 在 这 酒 馆 里 ， 我 欠 了 点 债 ， 酒 馆 老 板 已 经 不 再 相 信 我 以 前 吹 嘘 的 腰 缠 万 贯 了 。 你 懂 的 ， 若 他 们 看 见 我 没 还 债 就 跟 你 走 ， 事 情 会 很 难 看 的 。 
str_npc4_payment|好 极 了 。 在 我 们 启 程 之 前 ， 你 可 以 行 个 好 借 给 我 {reg3}第 纳 尔 吗 ？ 我 被 迫 在 {s20}的 典 当 行 抵 押 了 一 件 传 家 宝 ， 我 想 在 离 开 之 前 先 把 它 赎 回 来 。 
str_npc5_payment|谢 谢 。 现 在 ， 为 了 保 证 我 们 之 间 的 协 议 ， 我 要 求 你 给 我 {reg3}第 纳 尔 。 这 是 我 父 亲 给 我 的 建 议 。 他 告 诉 我 “ 巴 赫 什 图 尔 ， 在 野 蛮 人 付 清 你 的 价 值 之 前 ， 绝 不 为 {他 /她 }而 战 。” 
str_npc7_payment|那 么 好 吧 。 我 会 跟 着 你 走 。 但 是 我 想 先 支 取 {reg3}第 纳 尔 报 酬 。 你 不 会 想 让 我 白 干 吧 ？ 
str_npc8_payment|我 将 为 了 你 同 敌 人 战 斗 。 但 是 我 想 先 拿 到 {reg3}第 纳 尔 佣 金 。 如 果 你 是 一 名 能 够 率 领 {你 的 /你 的 }军 队 获 得 财 富 和 战 利 品 的 称 职 队 长 ， 付 钱 应 该 不 难 。 我 可 跟 不 了 穷 光 蛋 。 
str_npc9_payment|你 真 是 太 好 了 。 在 我 加 入 之 前 ， 你 能 借 给 我 {reg3}第 纳 尔 吗 ， 我 得 买 些 合 适 的 衣 服 ， 配 得 上 我 这 样 的 贵 族 绅 士 。 近 来 运 气 不 佳 ， 我 的 外 套 已 经 破 旧 不 堪 ， 不 能 让 普 通 士 兵 把 我 当 成 他 们 一 员 。 
str_npc10_payment|真 是 个 好 消 息 。 但 是 我 还 有 最 后 一 个 请 求 ， 长 官 。 我 在 {s20}有 个 女 人 ， 酒 馆 女 侍 ， 她 说 怀 了 我 的 孩 子 。 我 想 在 走 之 前 给 她 留 点 钱 … … 为 了 那 孩 子 ， 你 知 道 的 。 你 有 多 余 的 {reg3}第 纳 尔 吗 ？ 
str_npc11_payment|嗨 ， 谢 谢 你 长 官 。 但 是 在 我 加 入 你 之 前 ， 我 想 支 取 {reg3}第 纳 尔 报 酬 。 我 知 道 在 战 队 里 士 兵 会 有 将 近 几 周 看 不 到 工 资 。 我 很 清 楚 在 得 到 自 身 保 障 之 前 不 要 在 任 何 地 方 签 字 。 
str_npc13_payment|在 我 签 约 之 前 ， 有 件 小 事 ： 我 在 这 里 住 宿 产 生 了 些 开 销 — — {reg3}第 纳 尔 。 你 认 为 你 可 以 为 我 代 付 掉 吗 ， 算 作 友 谊 的 表 示 ？ 
str_npc14_payment|啊 哈 ， 最 后 一 件 事 。 在 我 听 从 你 的 指 挥 之 前 ， 我 想 要 支 取 {reg3}第 纳 尔 作 为 预 付 奖 金 。 我 的 原 则 是 在 拿 到 我 应 得 的 报 酬 之 前 决 不 为 别 人 服 务 。 
str_npc15_payment|很 好 。 顺 便 ， 作 为 一 名 熟 练 的 工 程 师 ， 我 想 为 我 的 服 务 要 一 笔 报 酬 。 我 想 {reg3}第 纳 尔 的 签 约 费 就 够 了 。 
str_npc16_payment|那 真 是 个 好 消 息 ， 长 官 。 那 么 ， 付 点 小 钱 巩 固 我 们 的 协 议 如 何 ？ 只 要 {reg3}第 纳 尔 就 够 了 。 别 往 坏 处 想 ， 只 是 我 在 过 去 那 几 个 雇 主 那 儿 都 不 走 运 。 
str_npc1_payment_response|那 么 好 吧 ， 这 是 {reg3}第 纳 尔 。 现 在 ， 跟 其 他 人 集 合 吧 。 
str_npc4_payment_response|当 然 。 这 是 {reg3}第 纳 尔 。 
str_npc5_payment_response|好 吧 … … 那 么 ， 这 是 {reg3}第 纳 尔 。 你 的 第 一 份 报 酬 。 
str_npc7_payment_response|不 ， 当 然 不 。 这 是 {reg3}第 纳 尔 。 
str_npc8_payment_response|噢 ， 我 可 不 是 穷 光 蛋 ， 夫 人 。 这 是 给 你 的 {reg3}第 纳 尔 。 
str_npc9_payment_response|那 么 好 吧 ， 这 是 {reg3}第 纳 尔 。 
str_npc10_payment_response|当 然 。 给 ， {reg3}第 纳 尔 。 
str_npc11_payment_response|那 么 好 吧 ， 这 是 {reg3}第 纳 尔 。 去 做 好 准 备 。 我 们 很 快 就 离 开 。 
str_npc13_payment_response|当 然 ， 这 是 {reg3}第 纳 尔 。 快 点 做 好 出 发 准 备 。 
str_npc14_payment_response|好 吧 ， 这 是 {reg3}第 纳 尔 。 你 在 我 的 队 伍 里 面 最 受 欢 迎 。 
str_npc15_payment_response|好 吧 ， 这 是 {reg3}第 纳 尔 。 很 高 兴 能 让 你 加 入 我 们 。 
str_npc16_payment_response|好 吧 ， 这 是 给 你 的 {reg3}第 纳 尔 。 做 好 准 备 。 
str_npc1_morality_speech|唉 — — 老 大 。 别 误 会 ， 生 活 本 就 艰 难 ， 而 我 们 {s21}也 过 分 了 一 点 。 队 长 ， 若 不 介 意 的 话 ， 以 后 多 留 点 情 吧 。 
str_npc2_morality_speech|我 希 望 你 不 要 介 意 我 所 说 的 ， 但 是 看 我 们 {s21}对 我 来 说 实 在 难 受 。 或 许 我 该 更 铁 石 心 肠 ， 但 若 能 时 不 时 施 点 仁 慈 ， 我 会 睡 得 更 踏 实 。 
str_npc3_morality_speech|或 许 轮 不 到 我 多 嘴 ， {先 生 /夫 人 }， 但 是 我 承 认 对 我 们 {s21}颇 感 震 惊 。 当 然 我 明 白 战 争 是 残 酷 的 ， 但 无 谓 的 残 酷 实 在 没 必 要 。 
str_npc4_morality_speech|抱 歉 — — 你 也 知 道 ， 罗 尔 夫 家 族 的 人 不 愿 {s21}。 我 不 大 愿 意 看 到 你 继 续 这 个 任 务 。 
str_npc5_morality_speech|请 原 谅 ， 长 官 。 {s21}实 在 不 妥 。 你 的 首 要 职 责 是 对 得 起 吃 你 盐 、 为 你 效 力 的 兄 弟 。 他 们 至 少 希 望 有 饭 吃 、 有 饷 拿 、 有 战 利 品 可 抢 ， 而 不 是 无 谓 送 命 。 
str_npc6_morality_speech|请 原 谅 ， {先 生 /夫 人 }。 你 也 知 道 ， 我 加 入 队 伍 ， 为 的 是 伸 张 正 义 ， 保 护 无 辜 者 ， 并 且 弥 补 我 之 前 的 罪 过 。 没 想 到 咱 们 竟 然 {s21}。 
str_npc7_morality_speech|长 官 — — 我 不 希 望 看 到 我 们 {s21}。 那 些 是 强 盗 行 径 ， 根 本 不 顾 手 下 死 活 。 
str_npc8_morality_speech|看 到 你 决 定 去 {s21}我 很 不 爽 。 战 死 沙 场 是 荣 誉 ， 但 在 懦 夫 率 领 的 队 伍 里 作 战 是 耻 辱 。 
str_npc9_morality_speech|{先 生 /夫 人 }— — {s21}不 合 我 的 做 派 。 我 家 族 的 男 儿 宁 死 不 受 辱 。 请 别 让 我 为 追 随 你 而 羞 愧 。 
str_npc10_morality_speech|抱 歉 ， 长 官 。 我 非 常 不 愿 意 看 到 我 们 {s21}。 我 心 里 难 受 。 他 们 只 是 谋 生 的 普 通 人 。 若 能 对 这 些 可 怜 人 网 开 一 面 ， 我 会 舒 心 很 多 。 
str_npc11_morality_speech|抱 歉 ， 长 官 。 我 们 {s21}不 是 很 好 。 我 跟 随 军 队 和 战 团 三 十 年 ， 士 兵 对 统 帅 至 少 的 期 望 是 让 他 们 有 饭 吃 、 有 钱 拿 、 尽 力 让 他 们 活 着 回 家 。 
str_npc12_morality_speech|长 官 ， 我 不 想 看 到 我 们 {s21}。 我 准 备 当 战 士 ， 而 非 盗 匪 。 请 让 我 们 多 一 点 同 情 心 。 
str_npc13_morality_speech|长 官 ， 如 果 我 们 可 以 避 免 的 话 ， 我 更 倾 向 于 不 去 {s21}。 卡 拉 迪 亚 是 个 小 地 方 ， 名 声 很 重 要 。 我 可 不 想 让 敌 手 把 这 糟 糕 的 事 写 进 讽 刺 诗 里 。 
str_npc14_morality_speech|我 不 愿 {s21}。 一 个 怯 懦 的 统 帅 ， 手 下 士 兵 怎 会 真 正 畏 惧 、 服 从 ？ 
str_npc15_morality_speech|{先 生 /夫 人 }— — 你 也 知 道 我 的 看 法 ， 任 何 理 智 的 领 导 者 都 不 会 让 他 的 队 伍 去 {s21}。 希 望 你 别 介 意 我 的 直 率 。 
str_npc16_morality_speech|长 官 ， 我 不 想 去 {s21}。 这 么 多 喉 咙 没 割 ， 这 么 多 钱 包 没 摸 呢 。 
str_npc1_2ary_morality_speech|老 大 — — 跟 你 说 ， 如 果 我 们 {s21}我 一 点 问 题 都 没 有 。 留 得 青 山 在 ， 不 怕 没 柴 烧 ， 这 道 理 我 太 支 持 了 。 
str_npc2_2ary_morality_speech|{先 生 /夫 人 }— — 我 不 怎 么 满 意 我 们 {s21}。 我 是 商 人 ， 信 用 至 上 。 不 想 落 个 不 诚 实 的 名 声 — — 那 等 于 断 了 我 的 生 意 ， {先 生 /女 士 }。 
str_npc3_2ary_morality_speech|{先 生 /夫 人 }— — 我 认 为 你 去 {s21}是 一 个 勇 敢 的 决 定 。 寻 找 途 径 来 避 免 流 血 这 一 点 也 不 羞 耻 。 
str_npc4_2ary_morality_speech|抱 歉 — — 不 管 别 人 说 什 么 ， 我 对 你 {s21}一 点 意 见 也 没 有 。 乱 世 求 生 ， 使 用 任 何 手 段 都 无 可 厚 非 。 
str_npc6_2ary_morality_speech|{先 生 /夫 人 }— — 你 可 以 选 择 {s21}， 但 我 不 愿 参 与 。 这 不 是 我 赎 罪 的 道 路 。 
str_npc9_2ary_morality_speech|长 官 ， 你 {s21}让 我 感 到 很 沮 丧 。 一 个 像 你 这 样 的 {绅 士 /淑 女 }， 应 该 时 刻 展 示 出 最 高 水 准 的 荣 誉 。 
str_npc10_2ary_morality_speech|{先 生 /女 士 }— — 我 不 想 看 到 我 们 {s21}。 你 若 对 手 下 有 滴 水 之 恩 ， 他 们 自 会 涌 泉 相 报 。 
str_npc14_2ary_morality_speech|长 官 — — 你 不 应 该 为 {s21}的 事 情 困 扰 。 军 队 本 就 该 服 从 统 帅 ， 艰 辛 本 就 是 士 兵 的 常 态 。 
str_npc15_2ary_morality_speech|你 知 道 的 ， {playername}, 朋 友 ， 看 你 刚 才 如 何 {s21}让 人 极 为 不 安 。 我 想 ， 你 能 对 他 们 背 信 ， 也 能 对 我 背 信 。 
str_npc16_2ary_morality_speech|长 官 — — 正 如 你 所 知 的 ， {s21}对 我 来 说 没 有 问 题 。 为 了 活 下 去 ， 该 做 什 么 就 做 什 么 ， 换 作 他 们 也 会 这 么 对 我 们 。 
str_npc1_personalityclash_speech|长 官 — — 不 敢 冒 犯 ， 但 我 有 点 厌 倦 {s11}, 她 那 么 喜 欢 摆 架 子 ， 好 像 比 我 这 谦 逊 的 波 尔 查 更 高 贵 似 的 。 
str_npc2_personalityclash_speech|{先 生 /夫 人 }— — 正 如 你 所 记 得 的 ， 加 入 你 之 前 我 是 商 人 。 我 尊 敬 那 些 冒 险 从 远 方 运 货 、 安 分 守 己 谋 生 的 人 。 
str_npc3_personalityclash_speech|长 官 — — 在 我 看 来 ， {s11}是 一 个 铁 石 心 肠 、 残 忍 无 比 的 人 。 他 开 口 闭 口 都 是 他 鞭 抽 、 棒 打 和 绞 死 队 友 的 欲 望 。 
str_npc4_personalityclash_speech|{先 生 /夫 人 }。 罗 尔 夫 家 族 是 这 片 大 陆 最 古 老 最 受 尊 敬 的 家 族 之 一 ， 血 统 可 追 溯 至 古 卡 拉 迪 亚 帝 国 。 然 而 {s11}公 开 表 示 对 我 的 不 尊 敬 ， 怀 疑 我 家 族 的 血 统 。 
str_npc5_personalityclash_speech|占 用 你 一 点 时 间 ， 长 官 。 {s11}似 乎 把 我 当 成 了 土 匪 ， 仅 仅 因 为 我 以 前 从 经 过 家 乡 的 商 队 那 里 “ 收 取 ” 合 法 战 利 品 。 
str_npc6_personalityclash_speech|抱 歉 ， {先 生 /夫 人 }， 我 实 在 忍 不 住 了 。 那 个 婊 子 {s11}每 次 见 到 我 都 伸 出 五 指 指 着 我 — — 那 是 农 民 驱 邪 的 手 势 。 
str_npc7_personalityclash_speech|长 官 ， 我 已 经 尽 力 忍 受 你 手 下 的 粗 言 秽 语 和 肮 脏 习 惯 。 但 是 有 个 自 称 是 {s11}的 家 伙 已 经 超 出 我 的 忍 耐 限 度 了 。 
str_npc8_personalityclash_speech|正 如 你 所 知 ， 我 受 不 了 那 个 趾 高 气 昂 的 吹 牛 大 王 {s11}。 几 分 钟 前 ， 我 跟 同 伴 说 这 地 方 的 农 民 比 往 常 更 加 呆 头 呆 脑 、 粗 眉 笨 眼 ， 还 猜 测 他 们 说 不 定 是 猿 猴 养 大 的 呢 。 
str_npc9_personalityclash_speech|先 生 — — {s11}整 天 下 流 地 跟 我 们 吹 牛 ， 丝 毫 不 懂 尊 重 女 性 名 誉 。 听 他 吹 嘘 勾 引 这 的 少 女 、 那 的 少 女 ， 我 实 在 是 恶 心 。 
str_npc10_personalityclash_speech|打 搅 了 ， 长 官 。 不 想 拿 这 种 事 烦 你 ， 但 我 必 须 告 诉 你 ， 我 无 法 忍 受 那 个 自 称 男 爵 的 罗 尔 夫 。 
str_npc11_personalityclash_speech|抱 歉 ， 长 官 ， 但 我 不 能 继 续 保 持 沉 默 了 。 那 个 家 伙 ， {s11}— — 他 杀 了 自 己 的 兄 弟 。 
str_npc12_personalityclash_speech|主 人 ， 那 个 野 蛮 女 孩 {s11}, 抱 怨 自 己 头 疼 — — 可 能 是 血 液 过 剩 的 症 状 。 我 想 给 她 用 水 蛭 放 放 血 。 
str_npc13_personalityclash_speech|长 官 ， 我 要 被 {s11}烦 死 了， 那 家 伙 不 讲 别 的 ， 成 天 就 是 骑 士 精 神 和 夸 耀 战 功 。 
str_npc14_personalityclash_speech|打 扰 了 ， 队 长 。 刚 才 我 表 达 观 点 ， 认 为 多 用 鞭 刑 、 偶 用 绞 刑 才 能 整 肃 军 纪 。 不 畏 惧 统 帅 的 士 兵 更 容 易 临 阵 脱 逃 。 
str_npc15_personalityclash_speech|打 搅 了 ， 希 望 你 不 会 介 意 我 谈 谈 我 的 看 法 ， 那 个 女 孩 {s11}对 我 们 团 队 是 个 危 险 ， 她 就 是 个 野 孩 子 ， 完 全 不 尊 重 军 队 的 权 威 和 原 则 。 
str_npc16_personalityclash_speech|哦 ， 长 官 。 你 也 知 道 — — 有 些 关 于 {s11}的 可 笑 之 事 。 他 在 地 上 乱 涂 乱 画 ， 还 一 个 人 嘀 嘀 咕 咕 的 。 
str_npc1_personalityclash_speech_b|她 不 过 是 个 土 匪 ， 就 像 我 一 样 。 她 没 资 格 跟 我 说 要 我 跟 她 保 持 距 离 。 
str_npc2_personalityclash_speech_b|我 不 愿 听 {s11}吹 嘘 他 抢 了 或 计 划 抢 劫 商 队 ， 好 像 完 全 不 尊 重 正 当 贸 易 。 
str_npc3_personalityclash_speech_b|我 知 道 军 队 不 是 幼 儿 园 ， 严 格 的 纪 律 很 重 要 。 但 有 的 人 简 直 以 残 忍 为 乐 。 希 望 你 不 介 意 我 说 这 些 。 
str_npc4_personalityclash_speech_b|{先 生 /夫 人 }， 倘 若 下 等 平 民 竟 能 嘲 笑 上 流 贵 族 ， 这 世 道 真 是 可 悲 。 没 别 的 了 。 
str_npc5_personalityclash_speech_b|我 跟 他 说 ， 若 战 士 的 生 活 让 他 这 么 烦 恼 ， 干 脆 去 当 僧 侣 或 乞 丐 ， 就 不 用 操 这 些 心 了 。 希 望 你 不 介 意 我 这 么 说 。 
str_npc6_personalityclash_speech_b|我 知 道 自 己 的 罪 行 可 憎 ， 但 我 在 寻 求 忏 悔 ， 不 该 被 一 个 巫 婆 当 成 迷 信 的 对 象 。 觉 得 你 应 该 知 道 。 
str_npc7_personalityclash_speech_b|我 讨 厌 他 餐 后 围 着 营 火 剔 牙 时 盯 着 我 看 的 样 子 。 我 认 得 他 ， 从 前 当 盗 匪 时 就 见 过 。 他 卑 鄙 无 知 ， 我 不 愿 跟 这 种 人 同 行 。 
str_npc8_personalityclash_speech_b|{s11}, 那 个 厚 颜 无 耻 之 徒 偷 听 我 说 话 ， 竟 骂 我 无 知 、 野 蛮 ， 还 有 些 难 听 的 话 我 不 想 再 提 。 看 在 你 的 面 子 上 ， 我 当 时 才 没 割 他 的 喉 咙 。 觉 得 应 该 提 醒 你 一 声 。 
str_npc9_personalityclash_speech_b|如 果 他 顽 固 不 化 ， 我 就 直 说 他 是 卑 鄙 的 无 赖 ， 动 起 手 来 我 绝 不 道 歉 。 就 这 样 。 {先 生 /夫 人 }。 
str_npc10_personalityclash_speech_b|在 我 看 来 ， 他 就 是 个 憨 憨 土 匪 。 罗 尔 夫 家 族 ？ 放 他 娘 个 屁 ！ 真 贵 族 都 已 经 够 坏 的 了 ， 他 还 要 装 成 贵 族 ， 谁 能 受 得 了 。 刚 才 我 可 能 说 了 些 难 听 的 ， 他 好 像 生 气 了 。 我 觉 得 该 让 你 知 道 。 
str_npc11_personalityclash_speech_b|他 是 杀 亲 者 ， 受 天 谴 的 人 ， 肯 定 会 给 我 们 带 来 灾 难 和 痛 苦 。 我 不 愿 跟 他 待 在 一 起 ， 也 认 为 他 不 该 留 在 队 里 。 就 这 些 ， 抱 歉 打 扰 了 。 
str_npc12_personalityclash_speech_b|但 我 试 图 治 疗 时 ， 她 却 躲 开 还 打 我 ， 还 骂 我 在 施 巫 术 。 队 长 ， 我 实 在 是 受 够 了 应 付 这 群 不 知 好 歹 、 愚 昧 无 知 之 辈 的 抱 怨 。 
str_npc13_personalityclash_speech_b|英 勇 事 迹 固 然 可 贵 ， 但 绝 非 生 命 中 唯 一 追 求 。 就 我 而 言 ， 我 从 不 信 任 没 在 沟 里 醉 醒 过 、 没 挨 过 情 人 鞋 板 子 的 好 好 男 人 。 
str_npc14_personalityclash_speech_b|那 个 {s11}小 丫 头 竟 然 敢 为 此 数 落 我 。 我 不 容 许 自 己 的 方 法 在 手 下 面 前 被 质 疑 ， 也 不 会 效 力 于 纵 容 下 属 忤 逆 的 统 帅 。 谢 谢 你 让 我 一 吐 为 快 。 
str_npc15_personalityclash_speech_b|更 何 况 ， 我 怀 疑 她 是 个 贼 。 我 发 现 她 翻 我 的 行 李 ， 乱 摸 我 的 设 计 图 ， 我 提 出 抗 议 时 她 竟 然 抽 刀 相 向 。 队 长 ， 你 要 是 聪 明 ， 绝 不 会 让 她 留 在 队 伍 里 。 
str_npc16_personalityclash_speech_b|我 担 心 他 搞 巫 术 ， 问 了 几 句 ， 他 却 让 我 这 样 的 小 女 孩 少 管 闲 事 。 于 是 我 翻 了 他 的 行 李 ， 发 现 了 奇 怪 的 草 图 和 图 纸 。 {先 生 / 女 士 }， 我 觉 得 他 是 个 男 巫 ， 若 让 我 抓 到 他 对 我 施 咒 ， 必 定 割 开 他 的 喉 咙 。 
str_npc1_personalityclash2_speech|哎 — — 老 大 ， 我 自 认 不 是 软 心 肠 的 人 ， 但 实 在 看 不 惯 {s11}刚 才 那 样 割 敌 人 伤 员 的 喉 咙 。 
str_npc2_personalityclash2_speech|{先 生 /夫 人 }。 如 果 你 不 介 意 ， 刚 才 那 仗 打 完 后 ， 我 不 想 和 {s11}安 排 到 一 起 了 。 
str_npc3_personalityclash2_speech|{先 生 /夫 人 }。 自 从 我 加 入 你 的 队 伍 以 后 ， 我 努 力 的 学 习 如 何 像 一 个 战 士 一 样 的 生 活 ， 和 如 何 去 取 得 战 士 的 光 荣 。 如 果 我 偶 尔 犯 了 错 误 ， 我 希 望 能 被 原 谅 。 
str_npc4_personalityclash2_speech|{先 生 /夫 人 }。 当 我 们 正 在 分 配 战 利 品 的 时 候 ， 我 碰 巧 和 {s11}交 谈 了 几 句 。 劳 烦 转 告 她 ， 今 后 与 我 说 话 时 ， 要 么 称 我 “ 男 爵 ” 、 “ 罗 尔 夫 男 爵 ” 或 “ 阁 下 ” ， 但 绝 不 能 只 叫 “ 罗 尔 夫 ” 。 
str_npc5_personalityclash2_speech|队 长 。 {s11}该 闭 嘴 了 ， 我 想 切 掉 他 的 舌 头 。 
str_npc6_personalityclash2_speech|队 长 。 你 看 到 {s11}在 上 次 战 斗 中 的 表 现 了 么 ？ 敌 人 倒 在 地 上 无 助 挣 扎 ， 他 竟 然 当 众 辱 骂 他 们 的 血 统 ， 嘲 笑 他 们 与 我 们 为 敌 的 愚 蠢 。 
str_npc7_personalityclash2_speech|队 长 — — 我 一 直 在 回 想 在 哪 里 见 过 那 个 自 称 男 爵 的 {s11}。 看 他 上 场 战 斗 的 表 现 ， 我 突 然 想 起 来 了 。 他 确 实 善 战 ， 却 也 狠 毒 。 
str_npc8_personalityclash2_speech|队 长 。 {s11}这 个 女 孩 子 傲 慢 至 极 。 我 一 直 礼 貌 相 待 ， 甚 至 想 示 好 ， 她 却 处 处 冷 落 我 。 
str_npc9_personalityclash2_speech|{先 生 /尊 敬 的 女 士 }， 我 不 想 说 ， 但 是 在 我 看 来 那 个 商 人 {s11}, 简 直 不 知 天 高 地 厚 。 上 场 战 斗 中 ， 他 竟 然 抢 在 我 前 面 攻 击 我 已 经 盯 上 的 敌 人 。 
str_npc10_personalityclash2_speech|{兄 弟 /大 姐 }— — 我 想 问 一 下 ， 这 支 队 伍 是 你 统 率 ， 还 是 {s11}？ 
str_npc11_personalityclash2_speech|队 长 。 我 对 {s11}不 是 很 放 心 。 上 场 战 斗 结 束 后 ， 他 一 边 翻 找 战 利 品 ， 一 边 低 声 念 诵 异 教 咒 语 。 
str_npc12_personalityclash2_speech|队 长 。 我 实 在 不 能 在 忍 受 像 {s11}这 等 无 知 的 人 。 上 场 战 斗 治 疗 伤 员 时 ， 我 使 用 鸦 片 酊 止 痛 、 蜂 蜜 敷 剂 治 伤 ， 他 竟 然 当 众 嘲 笑 我 的 疗 法 。 
str_npc13_personalityclash2_speech|你 好 ， 队 长 ！ {s11}脾 气 也 太 大 了 吧 ？ 上 次 战 斗 后 ， 我 只 是 和 敌 人 边 打 边 开 玩 笑 说 他 们 的 母 亲 ， 他 竟 然 发 疯 生 气 了 ！ 
str_npc14_personalityclash2_speech|队 长 。 {s11}简 直 毫 无 纪 律 可 言 。 小 规 模 战 斗 中 ， 我 叫 他 保 持 队 形 ， 他 竟 然 回 骂 我 “ 滚 一 边 去 ” 。 
str_npc15_personalityclash2_speech|队 长 ， 我 必 须 告 诉 你 ， 我 怀 疑 {s11}的 医 术 。 上 场 战 斗 后 他 治 疗 伤 员 时 ， 我 提 醒 他 名 医 伽 列 里 安 常 用 甜 菜 根 提 取 液 恢 复 失 血 引 起 的 体 液 失 衡 ， 他 却 置 若 罔 闻 。 
str_npc16_personalityclash2_speech|请 你 原 谅 ， 队 长 。 {s11}可 能 是 一 个 很 好 的 盗 贼 ， 但 他 不 是 一 个 好 的 战 士 。 
str_npc1_personalityclash2_speech_b|她 做 这 事 时 还 吹 着 欢 快 的 口 哨 — — 说 真 的 ， 这 让 我 脊 背 发 凉 。 
str_npc2_personalityclash2_speech_b|敌 人 正 朝 我 们 压 过 来 ， 他 却 说 ： ‘ 让 开 ， 商 人 ， 这 是 骑 士 的 事 。 ’ 下 次 我 会 让 开 的 ， 就 为 了 看 他 肚 子 吃 矛 ！ 
str_npc3_personalityclash2_speech_b|上 次 胜 利 后 ， 我 正 在 尸 堆 里 翻 找 ， 拿 了 敌 人 的 一 个 钱 袋 。 没 想 到 {s11}从 后 面 上 来 打 落 我 的 手 ， 说 是 她 杀 的 敌 人 ， 战 利 品 该 归 她 。 主 人 ， 激 战 中 我 哪 里 分 得 清 谁 杀 了 谁 。 若 她 只 是 说 钱 袋 该 归 她 ， 我 本 会 高 兴 地 交 给 她 。 
str_npc4_personalityclash2_speech_b|我 体 内 流 着 高 贵 的 血 ， 而 她 却 只 是 个 低 贱 的 东 西 ， 她 得 记 住 自 己 的 身 份 地 位 。 
str_npc5_personalityclash2_speech_b|当 我 们 搜 集 战 利 品 的 时 候 ， 我 找 到 了 一 个 非 常 好 的 大 锅 ， 这 样 在 冬 天 我 们 就 可 以 吃 一 些 热 乎 乎 的 东 西 暖 暖 胃 了 。 但 是 {s11}却 抢 走 了 锅 ， 说 不 许 我 用 “ 异 教 食 物 ” 污 染 它 ， 这 锅 该 归 她 。 尽 管 这 次 我 忍 了 ， 但 是 我 不 能 再 次 容 忍 这 样 的 无 礼 行 径 。 
str_npc6_personalityclash2_speech_b|主 人 — — 此 等 狂 妄 天 怒 难 容 ， 恐 怕 我 们 都 要 付 出 代 价 。 
str_npc7_personalityclash2_speech_b|从 前 住 在 山 谷 时 ， 我 们 常 与 一 个 叫 “林 间 兄 弟” 的 对 敌 部 落 交 战 。 队 长 — — 我 不 信 任 任 何 隐 瞒 出 身 的 人 ， 更 不 信 任 自 称 贵 族 的 普 通 盗 匪 。 
str_npc8_personalityclash2_speech_b|上 场 战 斗 后 清 理 武 器 时 ， 我 发 现 她 是 个 俊 俏 姑 娘 ， 等 我 夺 回 领 地 ， 乐 意 给 她 介 绍 个 战 士 成 家 。 我 觉 得 这 很 大 方 ， 毕 竟 被 父 亲 剥 夺 继 承 权 的 女 人 前 途 茫 茫 。 但 是 她 不 但 没 有 感 谢 我 ， 反 而 一 言 不 发 的 背 过 身 去 。 如 果 不 是 出 于 对 你 的 尊 敬 ， 我 恐 怕 就 当 场 要 教 育 教 育 她 什 么 叫 礼 貌 了 。 
str_npc9_personalityclash2_speech_b|我 欣 赏 他 愿 为 战 斗 献 身 的 勇 气 ， 但 是 这 并 不 足 以 让 他 成 为 一 个 绅 士 。 他 并 非 贵 族 出 身 ， 家 族 财 富 来 自 商 贸 和 高 利 贷 。 他 可 以 当 辅 助 兵 与 我 们 并 肩 ， 但 不 应 试 图 从 上 流 人 士 手 中 偷 取 荣 耀 。 
str_npc10_personalityclash2_speech_b|上 场 战 斗 中 他 对 我 吆 喝 ： “ 前 进 、 后 退 、 守 住 阵 线 。” 我 让 他 少 管 闲 事 ， 他 竟 说 要 鞭 打 我 。 队 长 ， 原 谅 我 的 无 礼 ，但 那 人 简 直 是 找 死 ， 盼 着 胸 口 挨 一 弩 箭 。 
str_npc11_personalityclash2_speech_b|他 说 那 是 胜 利 谢 恩 祷 告 ， 但 我 听 着 不 像 。 队 长 ， 我 不 想 让 他 召 唤 死 灵 ， 搞 得 我 们 鬼 上 身 。 你 最 好 赶 他 走 。 
str_npc12_personalityclash2_speech_b|队 长 ， 若 那 人 懂 一 点 医 学 ， 就 该 知 道 绝 不 能 动 摇 病 人 对 医 生 的 信 任 ， 何 况 是 在 复 杂 手 术 中 。 若 你 能 开 除 他 ， 简 直 是 帮 了 大 忙 。 
str_npc13_personalityclash2_speech_b|战 事 平 息 后 ， {s11}转 过 身 叫 我 不 要 用 “ 狂 妄 ” 触 怒 天 威 。 我 回 顶 说 至 少 我 没 杀 亲 兄 弟 ， 这 事 天 神 怕 是 更 在 意 。 他 气 得 脸 红 如 猴 屁 股 ， 要 不 是 我 躲 得 快 ， 早 挨 打 了 。 叫 他 别 这 么 认 真 ， 行 吗 ？ 
str_npc14_personalityclash2_speech_b|{先 生 /夫 人 }， 如 此 蔑 视 权 威 对 队 伍 腐 蚀 极 大 ， 若 他 再 犯 ， 我 必 定 鞭 刑 相 待 。 
str_npc15_personalityclash2_speech_b|{s11}竟 说 伽 列 里 安 是 “ 过 时 的 无 知 之 辈 ” 。 队 长 ， 真 正 的 医 生 岂 会 如 此 轻 慢 先 贤 。 你 不 该 雇 用 这 等 明 目 张 胆 的 冒 牌 货 。 
str_npc16_personalityclash2_speech_b|上 次 小 战 后 ， 我 按 照 精 打 细 算 的 女 人 该 做 的 — — 划 开 敌 人 内 脏 找 隐 藏 的 金 子 。 他 作 呕 着 骂 我 是 “ 野 兽 ” 。 他 再 嘴 臭 ， 我 就 以 找 违 禁 品 的 理 由 刨 开 他 的 内 脏 。 
str_npc1_personalitymatch_speech|老 大 ， 刚 才 那 场 战 斗 ， {s11}表 现 相 当 不 错 。 人 也 很 靠 谱 。 
str_npc2_personalitymatch_speech|{先 生 /夫 人 }。 我 想 告 诉 你 们 ， 或 许 {s11}是 一 个 粗 鲁 的 家 伙 ， 而 且 是 一 个 彻 头 彻 尾 的 小 流 氓 ， 但 我 很 乐 意 称 他 为 我 的 伙 伴 ， 并 为 此 而 骄 傲 。 
str_npc3_personalitymatch_speech|你 好 ， {先 生 /夫 人 }！ 我 要 告 诉 你 {s11}是 一 个 英 勇 无 比 的 骑 士 。 你 看 到 他 在 上 一 场 战 斗 中 的 表 现 了 吗 ？ 
str_npc4_personalitymatch_speech|很 抱 歉 打 扰 你 ， {先 生 /夫 人 }。 我 只 是 想 来 夸 奖 一 下 {s11}。 上 一 场 战 斗 中 他 干 得 很 漂 亮 。 
str_npc5_personalitymatch_speech|真 是 一 场 精 彩 的 战 斗 。 {playername}阁 下 ！ {s11}能 和 我 们 一 起 战 斗 真 是 太 好 了 。 
str_npc6_personalitymatch_speech|队 长 。 虽 然 这 些 杀 戮 还 是 会 让 我 迷 惑 ， 但 我 知 道 我 们 必 须 要 击 败 骄 傲 的 军 阀 ， 制 服 嗜 血 的 盗 匪 ， 我 们 是 在 为 卡 拉 迪 亚 的 和 平 而 战 。 
str_npc7_personalitymatch_speech|队 长 。 我 刚 刚 和 {s11}谈 了 谈 ， 或 许 她 看 起 来 有 点 野 性 未 驯 ， 但 她 是 一 个 值 得 信 任 的 伙 伴 。 
str_npc8_personalitymatch_speech|刚 才 那 真 是 一 场 精 彩 的 战 斗 ， 队 长 。 而 且 我 要 承 认 ， {s11}对 敌 人 的 那 些 嘲 讽 实 在 是 精 彩 。 
str_npc9_personalitymatch_speech|队 长 。 战 斗 结 束 后 ， {s11}在 刚 才 的 战 斗 中 表 现 出 色 。 不 揣 冒 昧 地 说 ， 她 是 位 优 秀 而 谦 逊 的 女 士 。 
str_npc10_personalitymatch_speech|啊 嘿 ！ 兄 弟 ！ 祝 你 胜 利 愉 快 ！ {s11}老 妈 都 这 把 年 纪 了 ， 战 斗 力 还 不 错 吧 ？ 虽 然 我 自 己 也 老 啦 。 
str_npc11_personalitymatch_speech|哎 ， 队 长 ！ 那 样 的 战 斗 让 我 老 骨 头 咯 吱 响 。 不 过 ， 我 们 把 他 们 揍 得 够 惨 ， 是 吧 ？ 
str_npc12_personalitymatch_speech|队 长 ， 这 是 血 腥 的 勾 当 ， 血 腥 的 勾 当 — — 当 然 ， 也 是 必 要 的 。 我 相 信 ， {s11}和 我 一 样 ， 对 不 断 的 战 斗 心 存 矛 盾 。 
str_npc13_personalitymatch_speech|英 勇 的 人 啊 ， 你 今 日 名 声 远 扬 ！ {s11}也 是 ！ 我 喜 欢 她 。 她 冲 锋 时 唱 着 家 乡 的 歌 ， 看 起 来 她 和 我 一 样 有 着 艺 术 家 的 灵 魂 。 
str_npc14_personalitymatch_speech|队 长 ， 与 {s11}这 般 男 儿 并 肩 作 战 ， 心 生 欢 愉 。 
str_npc15_personalitymatch_speech|队 长 。 我 想 谈 谈 {s11}在 上 一 场 战 斗 中 的 表 现 ， 那 让 我 清 楚 了 这 个 人 有 聪 明 的 头 脑 。 
str_npc16_personalitymatch_speech|噢 ！ 队 长 ， 在 我 们 翻 尸 体 的 时 候 ， 我 刚 刚 和 {s11}交 谈 过 。 以 前 我 们 之 间 的 一 些 小 冲 突 根 本 没 什 么 。 
str_npc1_personalitymatch_speech_b|没 有 他 这 等 诚 实 善 良 的 人 为 卡 拉 迪 亚 带 来 银 钱 ， 像 我 这 样 的 无 赖 日 子 肯 定 难 过 。 很 高 兴 他 与 我 们 同 行 。 
str_npc2_personalitymatch_speech_b|从 他 在 上 一 场 战 斗 的 表 现 来 看 ， 我 得 承 认 ， 在 战 斗 时 他 确 实 值 得 依 靠 ， 不 过 我 仍 然 要 看 紧 我 的 钱 包 就 是 了 。 
str_npc3_personalitymatch_speech_b|我 得 承 认 ， 他 是 个 极 讨 人 喜 欢 的 同 伴 ， 幽 默 风 趣 又 不 失 礼 貌 ， 也 许 ， 也 许 … … 啊 ， 我 说 得 有 点 多 了 ， 一 会 儿 见 ， {先 生 /夫 人 }。 
str_npc4_personalitymatch_speech_b|你 让 他 加 入 我 们 实 在 是 很 英 明 ， 他 不 仅 对 战 斗 得 心 应 手 ， 也 明 白 对 战 友 表 示 尊 敬 的 重 要 性 ， 从 这 一 点 来 看 ， 他 和 其 他 人 确 实 有 所 不 同 。 
str_npc5_personalitymatch_speech_b|至 于 他 的 其 他 身 份 ， 我 都 比 他 像 一 个 男 爵 ， 但 我 佩 服 他 厚 脸 皮 自 称 男 爵 的 勇 气 ，或 许 也 有 可 取 之 处 。 
str_npc6_personalitymatch_speech_b|{s11}真 的 让 我 感 到 如 释 重 负 ， 我 向 他 坦 白 罪 过 ， 他 告 诉 我 ， 他 说 若 我 真 心 悔 改 ， 天 神 必 会 宽 恕 ， 天 国 之 门 为 所 有 子 民 而 敞 开 。 他 是 一 个 智 者 ， 大 人 ， 我 很 高 兴 他 能 与 我 们 同 行 。 
str_npc7_personalitymatch_speech_b|将 来 若 你 不 再 需 要 我 们 ， 她 答 应 陪 我 回 山 谷 ， 找 到 杀 我 爱 人 的 盗 匪 ， 帮 我 复 仇 。 这 份 情 意 珍 贵 ， 很 高 兴 她 在 我 们 身 边 。 
str_npc8_personalitymatch_speech_b|他 竟 能 在 一 首 精 美的 古 卡 拉 迪 亚 四 行 诗 中 ， 写 进 敌 人 的 家 谱 、 长 相 和 饮 食 习 惯 。 我 个 人 更 喜 欢 传 奇 故 事 ， 但 诺 德 人 听 到 诗 艺 精 湛 的 作 品 ， 自 然 心 生 敬 佩 。 
str_npc9_personalitymatch_speech_b|如 果 她 生 在 贵 族 之 家 ， 我 定 会 向 她 求 婚 ， 遗 憾 她 是 商 人 之 女 。 尽 管 如 此 ， 在 行 军 时 和 她 交 谈 仍 然 是 一 件 令 人 愉 快 的 事 。 
str_npc10_personalitymatch_speech_b|啊 ， 那 恰 恰 说 明 了 年 轻 并 不 是 一 切 ， 经 验 同 样 可 以 让 你 赢 得 战 斗 。 我 看 她 和 我 能 教 教 世 上 的 小 毛 孩 们 几 招 ， 是 吧 ？ 
str_npc11_personalitymatch_speech_b|我 觉 得 ， 老 {s11}尤 其 给 他 们 上 了 几 课 。 考 虑 到 我 们 俩 加 起 来 差 不 多 活 了 一 百 岁 ， 表 现 不 错 吧 。 
str_npc12_personalitymatch_speech_b|即 便 师 出 有 名 ， 夺 取 同 类 生 命 仍 让 他 深 感 痛 心 。 他 和 我 聊 过 更 明 亮 的 未 来 ， 聊 到 需 要 统 一 卡 拉 迪 亚 各 个 争 战 的 小 王 国 ， 终 结 这 动 乱 时 代 。 
str_npc13_personalitymatch_speech_b|而 且 ， 虽 然 我 通 常 喜 欢 羞 涩 女 子 胜 过 巾 帼 战 士 ， 但 我 承 认 注 意 到 她 在 武 装 风 范 下 隐 藏 的 柔 情 。 确 实 ， 行 军 和 扎 营 时 她 有 些 冷 淡 ， 但 或 许 我 的 甜 言 蜜 语 能 融 化 她 心 头 的 诺 德 冰 霜 。 
str_npc14_personalitymatch_speech_b|他 是 一 个 资 深 的 士 兵 ， 也 许 他 的 脚 步 没 有 其 他 士 兵 那 么 快 ， 但 是 他 懂 得 在 战 场 上 保 持 严 整 阵 线 的 智 慧 。 你 招 他 入 队 ， 很 有 见 识 。 
str_npc15_personalitymatch_speech_b|战 争 如 同 其 他 事 业 ， 需 要 周 密 计 划 、 充 分 准 备 ， 并 牢 握 战 略 原 则 。 在 其 他 条 件 相 同 时 ， 训 练 最 精 良 的 军 队 必 胜 — — 上 场 战 斗 便 证 明 了 这 点 。 士 兵 现 在 或 许 咒 骂 他 ， 但 迟 早 会 学 会 感 激 ， 我 敢 打 赌 。 
str_npc16_personalitymatch_speech_b|你 听 过 她 的 故 事 吗 ？ 能 相 信 她 遭 受 的 冤 屈 吗 ？ 告 诉 你 ， 我 气 得 血 脉 贲 张 。 我 要 把 欺 负 她 的 杂 种 碎 尸 万 段 — — 若 旅 途 中 遇 见 他 们 ， 我 必 然 如 此 做 到 ！ 
str_npc1_retirement_speech|我 有 点 厌 倦 了 在 这 片 土 地 上 东 征 西 讨 ， 为 别 人 的 事 业 流 血 拼 杀 。 战 利 品 虽 好 ， 但 我 想 现 在 已 经 足 够 了 。 我 要 回 到 自 己 的 村 庄 ， 娶 个 妻 子 ， 安 定 下 来 ， 如 果 负 担 得 起 ， 或 许 还 能 养 几 匹 马 。 
str_npc2_retirement_speech|我 对 战 士 的 生 活 有 点 厌 倦 了 。 我 打 算 用 分 到 的 战 利 品 做 本 钱 进 货 — — 大 概 是 皮 毛 、 亚 麻 布 、 丝 绒 之 类 — — 然 后 运 过 山 去 卖 。 再 次 感 谢 你 当 初 招 募 我 ， 祝 你 一 切 顺 利 。 
str_npc3_retirement_speech|恐 怕 我 有 事 要 告 诉 你 。 我 觉 得 战 士 的 生 活 不 适 合 我 。 我 想 现 在 找 个 好 姻 缘 恐 怕 已 经 太 晚 了 — — 我 的 族 人 不 会 娶 一 个 曾 经 跟 随 雇 佣 兵 队 伍 的 女 人 — — 但 我 手 头 的 钱 或 许 足 够 开 一 家 商 店 。 希 望 你 不 会 生 气 ， {先 生 / 夫 人}。 
str_npc4_retirement_speech|为 你 战 斗 是 我 的 光 荣 ， 并 且 十 分 适 合 我 贵 族 之 子 罗 尔 夫 的 身 份 。 但 我 不 能 完 全 认 可 你 的 统 帅 能 力 。 现 在 ， 我 要 回 去 继 承 我 祖 传 的 产 业 ， 那 里 更 需 要 我 。 
str_npc5_retirement_speech|阁 下 ， 自 从 我 成 为 你 的 部 下 以 来 ， 我 努 力 ， 忠 诚 地 为 你 战 斗 。 但 你 却 没 有 给 我 应 得 的 报 酬 和 地 位 。 所 以 现 在 我 要 回 到 故 乡 了 ， 希 望 汗 王 的 人 民 已 经 遗 忘 了 我 ， 这 样 ， 我 就 能 再 见 到 我 的 父 亲 和 兄 弟 了 。 
str_npc6_retirement_speech|当 初 ， 我 加 入 这 支 队 伍 ， 怀 着 你 能 引 导 我 走 出 黑 暗 的 希 望 ， 而 且 我 确 实 在 这 里 寻 找 到 了 久 违 的 平 静 。 可 是 ， 我 渐 渐 对 你 的 领 导 感 到 不 安 ， 也 许 ， 我 的 救 赎 之 路 不 在 此 处 。 
str_npc7_retirement_speech|我 已 经 厌 烦 了 这 在 无 止 境 的 杀 戮 中 挣 扎 的 肮 脏 生 活 了 ， 我 也 受 够 了 看 着 人 们 因 为 恐 惧 ， 贪 婪 ， 色 欲 和 其 他 数 不 清 的 罪 行 而 堕 落 了 。 我 已 经 赚 了 足 够 的 钱 ， 现 在 我 要 航 海 去 寻 找 一 块 比 卡 拉 迪 亚 好 的 多 的 地 方 生 活 。 相 信 没 了 我 ， 你 仍 会 一 切 顺 利 的 ， 不 是 吗 ？ 
str_npc8_retirement_speech|我 为 你 战 斗 了 不 少 日 子 ， 而 我 表 现 的 也 不 错 。 但 你 的 领 导 无 法 始 终 让 我 满 意 ， 而 且 我 现 在 有 了 别 的 出 路 。 我 要 用 我 那 一 份 战 利 品 组 成 一 只 部 队 ， 驶 回 北 方 的 诺 德 大 陆 ， 从 背 叛 的 妹 夫 手 中 夺 回 我 丈 夫 的 大 厅 。 祝 你 今 后 一 切 顺 利 ， 再 见 。 
str_npc9_retirement_speech|我 们 在 一 起 战 斗 得 很 好 ，我 们 也 赢 得 了 众 多 荣 誉 。 不 过 ， 我 仍 然 对 你 的 领 导 有 所 保 留 ， 而 且 总 得 去 收 回 我 的 遗 产 。 我 要 离 开 了 ， 希 望 后 会 有 期 。 
str_npc10_retirement_speech|来 来 去 去 的 行 军 已 经 快 把 我 逼 疯 了 ， 我 已 经 赚 到 了 买 一 小 块 土 地 的 钱 ， 所 以 我 想 我 应 该 试 着 定 居 下 来 ， 祝 你 好 运 ， 再 见 。 
str_npc11_retirement_speech|我 承 认 ， 你 让 我 加 入 你 的 队 伍 确 实 是 帮 了 我 这 个 老 妇 人 一 个 大 忙 ， 但 我 发 现 这 样 的 生 活 并 不 比 行 商 更 适 合 我 。 战 斗 的 生 活 始 终 面 临 着 温 饱 的 问 题 ， 并 且 时 时 刻 刻 都 在 与 死 亡 擦 肩 而 过 。 对 一 个 老 人 来 说 这 太 难 了 ， 所 以 我 要 离 开 了 ， 虽 然 不 知 去 向 何 方 。 
str_npc12_retirement_speech|在 你 的 队 伍 里 我 过 得 不 错 。 能 填 饱 肚 子 ， 赚 些 金 钱 ， 还 增 长 了 治 伤 的 见 识 — — 没 什 么 可 抱 怨 的 ！ 但 现 在 我 觉 得 留 在 这 里 会 阻 碍 我 的 发 展 。 我 有 责 任 把 所 学 分 享 给 其 他 医 生 ， 为 此 需 要 雇 用 抄 写 员 ， 可 这 在 卡 拉 迪 亚 很 难 找 。 我 要 回 家 了 。 
str_npc13_retirement_speech|随 着 你 的 名 声 日 益 显 赫 ， 我 担 心 自 己 的 名 声 将 如 同 月 亮 被 太 阳 掩 盖 般 黯 淡 。 我 决 定 独 自 闯 荡 。 祝 你 一 切 顺 利 ！ 
str_npc14_retirement_speech|我 想 告 诉 你 ， 我 希 望 结 束 我 们 之 间 的 雇 佣 关 系 。 打 算 另 寻 工 作 。 
str_npc15_retirement_speech|感 谢 你 当 初 招 募 我 ， 但 对 现 状 并 不 完 全 满 意 。 我 要 去 别 处 了 — — 或 许 回 家 ， 或 许 找 新 工 作 ， 目 前 还 没 决 定 。 
str_npc16_retirement_speech|在 这 支 队 伍 里 有 过 美 好 时 光 ， 也 在 战 场 上 捡 到 过 几 件 漂 亮 的 小 珍 宝 ， 但 现 在 情 况 不 对 了 。 我 要 离 开 ， 把 才 能 卖 给 别 人 。 
str_npc1_rehire_speech|老 大 — — 很 高 兴 又 见 到 你 。 我 知 道 我 们 曾 经 意 见 有 分 歧 ， 但 是 说 实 话 ， 那 却 是 我 最 快 乐 的 时 光 。 还 有 ， 说 实 话 ， 我 要 再 找 其 他 工 作 也 挺 困 难 的 ， 所 以 如 果 你 希 望 我 回 来 的 话 我 会 很 乐 意 再 次 和 你 共 事 。 
str_npc2_rehire_speech|{先 生 /夫 人 }！ 再 见 到 你 太 棒 了 。 但 我 得 承 认 — — 我 一 直 在 找 你 。 如 我 所 言 ， 我 买 了 大 量 的 货 物 ， 运 着 它 们 准 备 穿 越 草 原 ， 但 是 太 不 幸 了 ， 我 又 被 库 吉 特 人 打 劫 了 ， 货 物 全 丢 了 。 我 猜 这 是 老 天 在 考 验 我 。 同 时 ， 人 们 说 你 现 在 混 得 很 好 。 告 诉 我 ， {先 生 /女 士 }， 你 愿 意 再 次 雇 佣 我 吗 ？ 
str_npc3_rehire_speech|你 好 {先 生 /夫 人 }！ 很 高 兴 再 次 见 到 你 。 说 实 话 自 从 我 们 分 别 后 我 过 得 并 不 如 意 。 我 本 希 望 我 母 亲 家 里 会 让 我 开 始 我 的 贸 易 生 涯 ， 但 是 结 果 他 们 似 乎 并 不 欢 迎 我 。 姨 妈 们 只 会 训 斥 我 ， 说 我 加 入 雇 佣 兵 队 伍 毁 了 婚 姻 前 途 。 或 许 我 更 适 合 战 争 ， 我 宁 愿 和 粗 汉 们 围 着 营 火 吃 饭 ， 也 不 想 陪 维 鲁 卡 的 商 人 喝 酒 。 {先 生 /女 士 }， 我 必 须 向 你 询 问 — — 你 愿 意 再 次 带 上 我 吗 ？ 
str_npc4_rehire_speech|你 好 啊 ， 队 长 。 好 久 不 见 了 。 听 说 你 混 得 风 生 水 起 啊 。 至 于 我 嘛 ， 在 自 己 的 领 地 上 讨 生 活 却 屡 屡 碰 壁 ： 蝗 灾 、 暴 雨 、 还 有 不 听 话 的 农 奴 ， 诸 如 此 类 的 麻 烦 。 我 想 或 许 该 重 新 拿 起 武 器 了 。 我 知 道 我 们 之 间 曾 有 过 一 些 不 愉 快 ， 但 能 再 次 在 你 的 麾 下 效 力 ， 我 深 感 荣 幸 。 
str_npc5_rehire_speech|{playername}阁 下 ！ 你 的 名 声 更 加 响 亮 了 ， 甚 至 传 到 了 山 那 边 我 的 故 乡 了 。 我 回 到 家 乡 ， 希 望 汗 王 的 人 已 经 把 我 忘 记 了 。 可 他 们 没 忘 — — 我 还 没 进 谷 ， 家 人 就 传 信 说 汗 王 和 胡 姆 扬 都 在 找 我 。 所 以 我 又 回 来 了 ， 希 望 你 能 忘 记 我 以 前 的 难 听 话 ， 让 我 再 次 与 你 并 肩 作 战 。 
str_npc6_rehire_speech|很 高 兴 见 到 你 ， {先 生 /夫 人 }。 我 所 经 之 地 ， 人 们 都 对 你 的 功 绩 感 叹 不 已 。 而 我 在 分 别 后 却 过 得 不 怎 么 样 。 无 论 我 到 哪 里 ， 我 心 中 的 魔 鬼 便 卷 土 重 来 ， 灵 魂 备 受 煎 熬 。 虽 然 曾 对 你 的 领 导 有 过 质 疑 ， 但 不 知 为 何 ， 在 你 的 队 伍 里 我 曾 找 到 平 静 。 能 让 我 再 次 为 你 效 力 吗 ？ 
str_npc7_rehire_speech|队 长 ！ 很 高 兴 见 到 你 。 忘 了 我 在 离 开 时 说 的 那 些 混 账 话 吧 。 我 从 沃 尔 切 格 乘 船 东 行 ， 却 被 海 盗 劫 持 ， 赎 身 后 又 被 扔 回 了 这 里 。 世 界 上 或 许 有 比 卡 拉 迪 亚 更 好 的 地 方 ， 但 我 还 没 见 过 。 所 以 我 想 ， 若 命 定 留 此 ， 你 的 队 伍 便 是 最 好 的 归 宿 。 能 让 我 回 来 吗？ 
str_npc8_rehire_speech|你 好 ， {playername}。 不 知 以 前 的 争 吵 能 否 翻 篇 。 我 一 直 在 诺 德 这 一 带 招 人 ， 看 能 不 能 找 到 足 够 的 人 手 夺 回 我 丈 夫 的 一 切 ， 却 凑 不 够 长 船 的 船 员 ， 招 来 的 人 没 多 久 就 无 聊 离 去 — — 更 何 况 ， 他 们 在 喝 光 我 积 攒 的 金 钱 之 前 就 走 了 。 于 是 我 回 忆 起 曾 经 并 肩 作 战 的 日 子 ， 那 是 美 好 而 富 有 收 获 的 时 光 。 
str_npc9_rehire_speech|噢 ， 亲 爱 的 {先 生 /女 士 }！ 见 到 你 太 好 了 ！ 我 为 这 块 大 陆 的 许 多 领 主 服 务 过 了 ， 但 是 他 们 让 我 失 望 透 顶 了 。 他 们 中 有 一 半 人 让 我 去 向 其 他 领 主 收 债 ， 就 好 像 我 是 银 行 的 跑 腿 的 似 的 ； 另 外 一 些 领 主 叫 我 去 追 回 他 的 农 奴 ， 就 好 像 我 是 个 看 农 场 的 似 的 。 还 有 一 个 居 然 叫 我 去 谋 杀 一 个 他 的 债 主 ！ 我 一 直 在 找 你 ， 希 望 能 再 次 加 入 你 的 队 伍 。 
str_npc10_rehire_speech|队 长 ！ 很 高 兴 见 到 你 。 显 然 ， 我 不 是 个 合 格 的 农 场 主 。 我 对 那 些 雇 佣 工 太 手 软 了 。 我 稀 里 糊 涂 的 被 他 们 抢 劫 了 。 我 猜 打 仗 才 是 我 的 本 行 。 告 诉 我 ， 队 长 ， 你 还 在 找 合 适 的 人 吗 ？ 
str_npc11_rehire_speech|队 长 ！ 见 到 你 太 好 了 ！ 人 们 都 说 你 过 得 棒 极 了 。 我 承 认 我 是 个 贱 骨 头 。 当 初 我 离 开 是 因 为 我 觉 得 当 个 战 士 不 适 合 我 。 但 是 当 我 在 城 镇 里 呆 了 一 段 时 间 后 我 发 现 这 里 更 糟 。 与 这 里 糟 糕 的 生 活 相 比 ， 不 挨 饿 的 肚 子 ， 值 得 信 任 的 队 友 ， 还 有 看 着 敌 人 在 你 面 前 溃 逃 的 那 种 喜 悦 简 直 棒 极 了 。 所 以 ， 希 望 你 能 再 次 雇 佣 我 
str_npc12_rehire_speech|队 长 ！ 见 到 你 这 诚 实 的 面 孔 真 是 太 好 了 。 这 个 世 界 充 满 了 谎 言 。 我 回 家 想 出 版 医 学 发 现 ， 雇 了 抄 写 员 写 了 几 本 手 稿 ， 等 待 订 单 ， 可 大 学 只 认 伽 列 里 安 的 老 调 重 弹 ， 根 本 不 看 真 正 的 医 学 知 识 。 还 有 出 版 商 — — 告 诉 你 ， 没 见 过 这 么 无 耻 的 人 。 他 们 把 书 分 章 租 给 学 生 抄 写 ， 半 数 有 去 无 回 ， 还 回 来 的 页 面 浸 满 酒 渍 ， 我 的 著 作 再 也 没 有 完 整 的 版 本 了 。 我 会 继 续 努 力 ， 但 首 先 得 赚 点 钱 。 你 在 找 医 生 吗 ？ 
str_npc13_rehire_speech|你 好 ， 勇 敢 的 人 。 我 一 直 希 望 能 再 见 到 你 。 我 所 到 之 处 都 有 故 事 与 诗 歌 在 传 颂 你 的 事 迹 。 我 承 认 在 我 们 分 开 后 我 感 到 阵 阵 悔 意 。 我 也 得 承 认 当 初 离 开 是 对 你 的 声 誉 的 阵 阵 嫉 妒 所 致 。 想 着 或 许 能 再 次 与 你 并 肩 作 战 ， 沐 浴 在 你 的 荣 耀 之 下 。 也 许 我 们 可 以 再 次 并 肩 骑 行 ， 哪 怕 只 是 一 小 会 ？ 
str_npc14_rehire_speech|上 次 分 开 时 ， 我 发 誓 再 也 不 为 你 效 力 。 但 是 也 许 我 太 武 断 了 。 在 卡 拉 迪 亚 大 陆 的 每 个 角 落 ， 人 们 都 在 传 颂 你 的 事 迹 。 我 曾 试 着 在 其 他 领 主 的 军 队 中 服 役 ， 但 是 相 信 我 ， 我 的 所 见 所 闻 使 我 否 定 了 之 前 我 对 你 的 领 导 能 力 的 质 疑 。 如 果 你 能 允 许 我 加 入 你 的 队 伍 ， 我 会 再 次 为 你 挥 舞 手 中 的 宝 剑 。 
str_npc15_rehire_speech|你 好 ， {playername}。 见 到 你 我 不 能 说 我 不 高 兴 。 在 和 你 分 别 后 我 又 跟 了 另 外 一 个 主 子 ， 但 是 到 发 工 钱 的 时 候 那 个 领 主 除 了 借 口 和 对 我 工 作 的 埋 怨 没 给 我 一 分 钱 。 我 不 能 说 在 你 的 队 伍 里 我 过 得 很 开 心 ， 但 是 至 少 每 次 战 斗 后 我 都 能 切 实 拿 到 我 的 报 酬 。 你 还 在 招 人 吗 ？ 
str_npc16_rehire_speech|队 长 ！ 自 从 我 们 上 次 见 面 以 后 人 们 都 说 你 过 得 很 好 。 我 得 承 认 在 我 离 开 时 我 咒 骂 过 你 的 名 字 ， 但 回 想 起 来 你 并 不 那 么 糟 。 所 有 这 些 领 主 ， 他 们 似 乎 很 乐 于 派 我 去 干 杂 活 ， 却 不 愿 让 我 进 主 力 战 线 。 显 然 我 让 他 们 的 士 兵 害 怕 了 ， 说 什 么 我 在 杀 死 男 人 后 会 吃 下 他 们 的 心 脏 ， 胡 说 八 道 。 虽 然 我 并 不 介 意 在 一 个 男 人 熟 睡 时 刺 穿 他 的 胸 膛 ， 但 是 在 他 们 醒 着 还 能 挣 扎 的 时 候 杀 他 更 刺 激 。 所 以 我 试 着 再 次 找 到 你 ， 看 你 会 不 会 再 次 带 上 我 。 
str_npc1_home_intro|老 大 — — 你 知 道 么 ， 我 就 是 在 这 片 高 地 草 原 上 出 生 的 。 我 对 马 的 鉴 别 力 就 来 自 这 里 ， 这 是 个 养 马 而 不 是 养 人 的 地 方 。— — 我 猜 这 也 是 库 吉 特 人 喜 欢 这 里 的 原 因 。 
str_npc2_home_intro|我 们 快 到 萨 哥 斯 了 。 当 初 被 库 吉 特 人 俘 虏 时 ， 我 正 往 那 里 赶 。 
str_npc3_home_intro|你 能 闻 到 吗 ？ 柠 檬 树 、 苹 果 还 有 藏 红 花 ， 这 是 维 鲁 卡 的 气 息 ！ 我 在 这 里 度 过 了 许 多 个 快 乐 的 夏 天 。 父 亲 出 门 做 生 意 的 时 候 ， 还 是 个 小 姑 娘 的 我 就 在 母 亲 家 的 花 园 里 乱 跑 。 
str_npc4_home_intro|埃 勒 达 的 森 林 。 呸 ， 这 里 到 处 都 是 强 盗 和 歹 徒 。 
str_npc5_home_intro|阁 下 — — 我 们 接 近 哈 尔 玛 了 ， 低 地 草 原 的 最 大 城 市 ， 我 的 小 姨 就 嫁 到 了 这 儿 。 我 本 想 来 此 为 当 地 领 主 效 力 ， 就 在 那 时 遇 见 了 你 。 
str_npc6_home_intro|看 见 山 坡 上 的 葡 萄 藤 和 台 地 ， 就 知 道 我 快 到 家 了 。 不 过 我 不 想 看 到 我 的 家 人 ， 你 到 城 里 去 的 时 候 ， 我 还 是 在 外 面 逛 逛 好 了 ， 我 想 你 能 够 理 解 吧 。 
str_npc7_home_intro|咸 鱼 、 河 泥 和 沤 麻 的 味 道 ， 你 闻 到 了 吗 ？ 这 就 是 我 的 童 年 。 真 让 人 恶 心 。 
str_npc8_home_intro|哈 ， 你 听 到 了 吗 ？ 一 定 是 海 浪 撞 击 到 礁 石 上 的 声 音 。 我 们 靠 近 甘 迪 格 角 了 。 
str_npc9_home_intro|看 啊 ， 里 瓦 切 格 之 岩 ！ 卡 拉 迪 亚 最 坚 固 的 堡 垒 。 诺 德 人 初 次 从 海 岸 向 内 陆 进 犯 时 ， 我 父 亲 就 是 留 守 此 处 抵 抗 他 们 的 战 士 之 一 。 
str_npc10_home_intro|兄 弟 ， 闻 到 这 清 新 的 空 气 了 吗 ？ 在 出 来 寻 找 财 富 之 前 ， 这 里 就 是 我 的 家 。 能 够 重 回 群 山 感 觉 真 好 。 ^ （ 深 吸 一 口 气 ） 嗯 ， 这 就 是 自 由 的 味 道 。 格 鲁 恩 沃 德 堡 下 ， 这 里 是 罗 多 克 自 由 的 摇 篮 。 
str_npc11_home_intro|看 那 片 云 雾 缭 绕 的 山 峦 ， 我 想 我 们 快 到 家 了 。 
str_npc12_home_intro|我 们 正 在 经 过 一 个 代 表 我 最 高 医 学 成 就 的 地 方 ， 有 兴 趣 吗 ？ 
str_npc13_home_intro|看 ， 阿 尔 哥 隆 堡 ！ 多 美 的 地 方 啊 ， 坐 落 在 罗 多 克 高 地 的 山 脚 之 下 … … 我 在 这 里 有 过 一 段 多 么 美 好 的 时 光 … … 就 在 前 年 夏 天 … … 
str_npc14_home_intro|山 谷 尽 头 的 那 个 峰 顶 上 ， 看 到 那 城 堡 没 ？ 依 斯 摩 罗 拉 ？ 几 年 前 我 曾 在 那 儿 ， 用 整 个 冬 天 来 训 练 领 主 的 部 下 。 
str_npc15_home_intro|看 到 山 头 上 那 个 堡 垒 了 么 ？ 他 们 叫 它 卡 尔 玛 堡 。 不 久 之 前 我 还 在 这 儿 干 活 。 虽 不 如 本 地 其 他 堡 垒 华 丽 ， 却 有 绝 对 是 我 见 过 最 精 美 的 石 工 。 
str_npc16_home_intro|嘿 ， 长 官 ， 你 注 意 到 这 些 了 没 ？ 它 们 是 野 兔 在 雪 地 上 留 下 的 脚 印 。 我 们 一 定 是 离 我 出 生 的 地 方 不 远 了 。 
str_npc1_home_description|嗯 ， 库 吉 特 人 一 直 生 活 在 这 里 ， 那 时 帝 国 给 他 们 土 地 和 金 钱 ， 让 他 们 抵 御 其 他 部 落 。 我 听 说 我 外 祖 父 曾 经 是 库 吉 特 的 族 长 ， 但 母 亲 从 未 见 过 他 ， 就 像 我 不 认 识 父 亲 一 样 。 她 还 在 童 年 的 时 候 ， 库 吉 特 人 就 大 批 地 翻 山 过 来 了 。 现 在 ， 库 吉 特 人 的 汗 王 驻 扎 在 图 尔 加 。 
str_npc2_home_description|人 们 都 说 诺 德 人 是 群 嗜 血 的 野 蛮 人 ， 不 过 要 我 来 说 ， 他 们 在 经 商 上 有 着 不 错 的 头 脑 。 他 们 让 沿 海 居 民 种 亚 麻 ， 在 此 织 成 亚 麻 布 。 它 当 然 没 法 跟 杰 尔 喀 拉 的 丝 绸 和 天 鹅 绒 这 些 昂 贵 的 奢 侈 纺 织 品 比 美 。 但 是 用 来 做 夏 装 不 错 ， 还 能 用 来 做 船 用 的 帆 布 。 更 重 要 的 是 ， 亚 麻 布 是 卡 拉 迪 亚 少 有 的 独 家 商 品 之 一 。 
str_npc3_home_description|维 鲁 卡 的 气 候 冬 雨 绵 绵 ， 夏 季 炎 热 。 这 里 的 人 建 了 巨 大 的 蓄 水 池 来 灌 溉 农 田 。 他 们 种 植 葡 萄 — — 维 鲁 卡 葡 萄 酒 名 扬 四 海 ， {先 生 /夫 人 }— — 富 人 建 起 围 墙 花 园 ， 果 树 成 荫 。 如 果 你 愿 意 ， 我 们 晚 上 可 以 在 那 里 听 听 曲 子 ， 下 下 棋 ， 或 仅 仅 嗅 着 令 人 陶 醉 的 夜 风 的 气 息 。 
str_npc4_home_description|呃 ， 是 这 样 的 ， 斯 瓦 迪 亚 国 王 宣 布 这 里 是 他 的 私 人 狩 猎 场 ， 声 称 任 何 在 此 张 弓 的 人 都 要 处 死 。 结 果 呢 ？ 一 个 贫 苦 的 家 庭 ， 挨 饿 的 时 候 经 不 住 诱 惑 去 偷 猎 ， 地 方 官 就 过 来 钉 死 了 这 人 ， 没 收 了 他 的 土 地 。 他 的 儿 子 们 为 免 饿 死 ， 落 草 为 寇 。 很 自 然 的 ， 后 来 整 个 山 谷 里 的 人 ， 那 些 想 要 逃 脱 债 务 、 悍 妇 或 是 恶 毒 领 主 的 人 都 来 加 入 他 。 他 们 靠 着 山 上 的 浆 果 野 味 ， 以 及 倒 霉 路 人 的 钱 包 过 活 。 
str_npc5_home_description|库 吉 特 人 一 直 来 此 贸 易 和 袭 击 。 大 帝 国 的 末 期 我 们 开 始 在 这 里 定 居 。 就 像 维 基 亚 ， 斯 瓦 迪 亚 ， 罗 多 克 ， 诺 德 和 萨 兰 族 人 一 样 ， 我 们 动 用 国 库 来 阻 挡 外 族 侵 略 ， 但 祖 父 时 期 ， 大 部 落 攻 击 我 们 的 故 乡 ， 我 们 被 迫 迁 移 到 这 里 。 我 们 把 维 基 亚 人 赶 回 去 ， 并 且 占 领 了 他 们 的 要 塞 。 
str_npc6_home_description|在 苏 诺 这 片 峡 谷 里 ， 我 们 的 方 言 和 习 俗 比 卡 拉 迪 亚 任 何 地 方 都 更 接 近 古 卡 拉 德 帝 国 。 我 们 种 植 橄 榄 和 葡 萄 ， 这 两 种 作 物 都 是 老 国 王 从 海 外 带 回 来 的 。 我 们 也 遵 循 着 古 卡 拉 德 的 规 矩 ： 信 守 承 诺 ， 偿 还 债 务 。 
str_npc7_home_description|在 被 迫 成 亲 和 遭 盗 匪 俘 虏 前 ， 我 住 在 这 里 。 出 生 在 茅 屋 ， 童 年 在 田 野 度 过 。 地 主 是 诺 德 人 ， 却 从 未 谋 面 ， 只 见 过 他 们 可 憎 的 爪 牙 和 监 工 。 父 亲 胆 小 怕 事 ， 在 他 们 面 前 卑 躬 屈 膝 。 
str_npc8_home_description|你 没 听 过 这 个 故 事 吗 ？ 当 ‘ 毛 裤 ’ 甘 迪 格 从 诺 德 兰 跨 海 来 到 卡 拉 迪 亚 时 ， 他 在 海 角 上 竖 起 旗 帜 ， 宣 称 这 面 旗 帜 将 永 远 矗 立 ， 直 到 他 收 复 自 己 的 ‘ 遗 产 ’ 。 他 管 那 叫 自 己 的 ‘ 遗 产 ’ 。 甘 迪 格 听 信 了 游 吟 诗 人 的 话 ： 他 们 说 皇 帝 曾 把 卡 拉 迪 亚 遗 赠 给 诺 德 人 ， 可 事 实 上 皇 帝 只 给 了 我 们 沿 海 的 一 条 狭 长 地 带 ， 好 让 我 们 为 他 的 战 舰 当 水 手 。 
str_npc9_home_description|诺 德 人 驾 长 船 溯 河 而 上 ， 沿 海 市 民 本 可 以 阻 止 他 们 。 不 过 他 们 就 像 今 天 一 样 的 胆 小 怕 事 ， 付 了 年 奉 — — 我 们 一 般 称 之 为 “ 诺 德 金 ”， 来 换 取 和 平 。 但 是 维 基 亚 的 国 王 不 会 这 样 做 。 我 父 亲 决 定 翻 山 而 来 ， 和 维 基 亚 的 领 主 们 并 肩 作 战 。 连 续 三 年 的 夏 天 诺 德 人 都 想 攻 下 岩 堡 ， 但 每 一 次 他 们 都 被 打 了 回 去 。 
str_npc10_home_description|在 我 父 亲 的 时 代 ， 斯 瓦 迪 亚 人 常 来 袭 扰 ， 以 为 能 让 我 们 俯 首 称 臣 。 但 是 格 鲁 恩 沃 德 ， 一 个 山 间 老 兵 ， 教 会 我 们 如 何 组 成 战 阵 ， 用 长 矛 和 弓 弩 来 破 解 斯 瓦 迪 亚 骑 兵 的 冲 锋 。 他 战 死 沙 场 ， 人 们 用 他 的 名 字 命 名 建 于 他 战 死 之 处 的 堡 垒 ， 让 我 们 铭 记 ， 永 远 坚 定 抵 抗 骑 兵 进 攻 。 
str_npc11_home_description|我 是 从 乌 克 斯 豪 尔 来 的 ， {先 生 /夫 人 }， 你 知 道 那 句 谚 语 吧 — — “ 乌 克 斯 豪 尔 的 大 麦 酿 成 帕 拉 汶 的 酒 ， 你 好 我 好 大 家 好 ！ ” 不 知 何 意 。 不 过 大 麦 的 确 是 乌 城 的 最 好 ， {先 生 /夫 人 }， 还 有 小 麦 和 燕 麦 。 乌 克 斯 豪 尔 谷 物 产 量 比 卡 拉 迪 亚 其 他 地 方 总 和 还 多 ， 我 们 的 麦 芽 酒 也 是 最 好 的 。 你 从 土 质 就 能 看 出 来 — — 黝 黑 肥 沃 ， 散 发 着 丰 收 和 饱 腹 的 气 息 。 
str_npc12_home_description|阿 尔 梅 拉 堡 的 领 主 过 去 得 了 浮 肿 ， 从 乌 克 斯 豪 尔 请 了 位 医 生 来 治 疗 。 典 型 的 书 呆 子 学 院 派 医 生 ， 他 直 接 翻 阅 伽 列 里 安 的 著 作 寻 找 疗 法 。 伽 列 里 安 推 荐 “ 太 阳 金 属 ” 治 水 肿 。 其 实 伽 列 里 安 的 大 部 分 著 作 在 卡 拉 迪 亚 帝 国 时 期 就 毫 无 用 处 ， 现 在 更 是 一 文 不 值 ， 但 偶 尔 也 能 碰 巧 对 症 ： 小 剂 量 太 阳 金 属 确 能 治 某 些 水 肿 。 然 而 ， 大 剂 量 便 是 毒 药 ， 可 崇 拜 伽 列 里 安 的 人 从 未 明 白 。 
str_npc13_home_description|我 曾 率 领 小 股 斯 瓦 迪 亚 军 队 来 此 ， 却 在 树 林 中 遭 罗 多 克 人 伏 击 ， 骑 兵 在 树 间 被 砍 杀 。 我 乘 乱 逃 跑 到 深 谷 躲 藏 起 来 ， 得 一 位 绝 美 的 牧 牛 女 的 庇 护 。 她 带 我 到 高 原 牧 场 附 近 的 山 洞 ， 给 我 带 干 酪 和 浆 果 来 ， 还 跟 我 讲 了 当 地 的 一 些 传 说 — — 比 如 引 导 迷 途 牲 畜 回 群 的 顽 皮 的 山 羊 人 ， 还 有 架 着 云 彩 追 逐 暴 风 云 的 幽 灵 猎 人 。 哈 ， 真 是 群 可 爱 的 淳 朴 的 人 ！ 
str_npc14_home_description|我 说 “ 试 图 ”， 是 因 为 在 我 看 来 ， 维 基 亚 人 不 大 有 纪 律 性 。 他 们 是 顶 尖 弓 手 和 优 秀 骑 手 ， 却 怯 于 阵 列 作 战 。 他 们 的 个 人 技 能 已 经 足 够 对 付 库 吉 特 和 诺 德 的 进 攻 ， 尤 其 当 躲 在 城 垛 后 面 时 ， 但 萨 兰 尼 德 人 箭 术 不 逊 于 他 们 ， 而 我 也 见 过 斯 瓦 迪 亚 骑 士 是 如 何 像 热 刀 切 黄 油 般 轻 松 砍 穿 维 吉 亚 军 阵 。 现 在 ， 罗 多 克 设 计 了 长 矛 阵 来 对 付 斯 瓦 迪 亚 的 骑 兵 冲 锋 ， 这 个 非 常 管 用 。 
str_npc15_home_description|如 同 本 地 大 多 数 历 久 弥 坚 的 堡 垒 ， 它 的 基 础 是 古 卡 拉 迪 亚 帝 国 的 遗 迹 。 虽 经 重 建 已 看 不 见 ， 但 基 石 有 房 子 般 巨 大 。 他 们 当 时 一 定 是 请 了 巫 师 回 来 ， 我 实 在 想 不 出 他 们 有 什 么 其 他 办 法 来 移 动 这 些 庞 然 大 物 。 这 也 是 绝 佳 的 位 置 ， 卡 尔 玛 堡 刚 好 占 据 着 出 入 卡 拉 迪 亚 大 陆 的 路 口 。 每 年 仅 有 的 不 下 雪 的 三 个 月 ， 领 主 可 以 从 通 行 费 上 捞 足 一 大 笔 。 
str_npc16_home_description|这 些 谷 地 的 积 雪 年 末 才 融 ， 土 地 难 耕 。 仅 能 种 些 大 麦 ， 别 的 少 有 收 获 。 其 实 宝 藏 都 富 藏 在 森 林 里 ： 鹿 、 兔 、 猞 猁 ， 提 供 肉 食 和 皮 毛 ； 山 里 有 铁 矿 ， 商 人 从 海 岸 沿 河 运 来 足 够 的 咸 鱼 ， 让 人 们 得 以 度 过 冬 日 。 
str_npc1_home_description_2|他 们 对 我 们 农 民 很 宽 容 ， 税 收 要 得 不 多 — — 反 正 我 们 也 付 不 起 。 这 片 土 地 种 不 了 大 多 数 作 物 ， 说 实 话 ， 只 适 合 养 马 ， 还 只 能 在 雨 后 的 冬 季 养 半 年 。 夏 天 他 们 就 把 牲 群 赶 回 山 里 。 商 队 翻 山 越 岭 把 香 料 运 到 图 尔 加 ， 可 我 看 村 里 人 几 乎 分 不 到 什 么 钱 。 
str_npc2_home_description_2|我 装 了 藏 红 花 、 肉 桂 、 丁 香 、 胡 椒 和 其 他 香 料 ， 还 有 一 箱 第 纳 尔 。 算 计 着 能 买 亚 麻 布 、 皮 毛 、 丝 绒 、 铁 和 羊 毛 ， 再 买 几 匹 马 运 回 去 ， 依 然 有 赚 头 。 没 想 到 库 吉 特 人 横 插 一 杠 ， 他 们 显 然 不 愿 别 人 分 享 他 们 的 垄 断 生 意 。 
str_npc3_home_description_2|诗 人 把 维 鲁 卡 称 作 天 堂 ， 我 觉 得 这 次 他 们 没 有 夸 大 。 
str_npc4_home_description_2|你 问 我 是 怎 么 知 道 的 ？ 好 吧 … … 我 曾 经 被 他 们 捉 住 过 ， 并 要 求 赎 金 ， 但 是 我 逃 跑 了 。 这 就 是 真 实 的 故 事 。 
str_npc5_home_description_2|当 然 ， 你 知 道 事 情 向 来 如 此 。 父 辈 是 来 自 山 那 边 寒 地 的 强 悍 战 士 ， 我 这 一 代 人 却 在 城 里 置 业 买 地 ， 用 父 辈 练 习 箭 术 的 时 间 来 经 商 。 下 一 代 人 将 在 充 满 维 鲁 卡 葡 萄 酒 的 温 柔 乡 里 长 大 ， 他 们 的 土 地 将 会 被 另 一 群 来 自 山 里 的 野 蛮 人 夺 走 。 你 瞧 着 吧 。 过 去 如 此 ， 将 来 亦 然 。 
str_npc6_home_description_2|我 们 苏 诺 人 不 忘 耻 辱 ， 必 为 冤 屈 复 仇 。 传 统 的 卡 拉 德 荣 誉 ， 我 敢 说 ， 古 老 的 卡 拉 迪 亚 荣 誉 感 让 我 落 得 如 今 下 场 。 但 即 便 如 此 ， 我 仍 为 来 自 这 片 土 地 而 自 豪 。 我 们 的 领 主 是 在 帕 拉 汶 的 斯 瓦 迪 亚 领 主 ， 但 是 到 目 前 为 止 我 们 觉 得 他 不 过 只 是 一 个 野 蛮 人 酋 长 ， 我 们 才 是 王 国 真 正 的 继 承 者 。 
str_npc7_home_description_2|他 们 允 许 我 们 在 河 里 捕 鱼 ， 在 芦 苇 荡 里 养 猪 ， 在 自 家 小 块 土 地 上 随 便 种 点 东 西 ， 但 在 公 共 田 地 里 只 能 种 亚 麻 ， 并 被 运 到 萨 哥 斯 织 成 亚 麻 布 。 所 以 我 们 总 是 忍 饥 挨 饿 ， 身 体 虚 弱 ， 从 来 没 勇 气 反 抗 。 
str_npc8_home_description_2|至 少 游 吟 诗 人 的 传 说 给 了 甘 迪 格 召 集 战 团 的 借 口 。 不 过 我 们 诺 德 人 打 仗 从 来 不 需 要 借 口 ， 这 你 知 道 。 他 渡 海 而 来 ， 让 卡 拉 迪 亚 的 诺 德 人 聚 到 他 的 旗 下 ， 然 后 向 里 瓦 切 格 之 岩 进 军 。 维 吉 亚 人 杀 了 他 ， 还 把 他 的 旗 帜 扔 进 了 海 浪 。 但 诺 德 人 前 赴 后 继 ， 终 有 一 天 ， 整 个 卡 拉 迪 亚 都 会 是 我 们 的 。 
str_npc9_home_description_2|诺 德 人 能 号 召 海 外 亲 族 ， 维 吉 亚 国 王 也 能 唤 来 山 那 边 的 亲 族 。 若 父 亲 未 剥 夺 我 的 继 承 权 ， 我 也 会 向 瑞 瓦 丁 领 主 宣 誓 效 忠 。 但 是 既 然 我 已 经 被 剥 夺 了 遗 产 ， 义 务 也 随 之 消 除 。 这 将 是 维 基 亚 国 王 的 损 失 。 
str_npc10_home_description_2|我 们 在 这 里 种 桑 树 取 丝 ， 还 养 胭 脂 虫 用 于 染 色 ， 然 后 把 货 物 运 到 杰 尔 喀 拉 ， 在 那 里 织 成 最 精 美 天 鹅 绒 — — 说 实 话 ， 我 永 远 没 有 足 够 的 第 纳 尔 买 丝 绒 。 但 杰 尔 喀 拉 的 匠 人 确 实 能 把 弩 造 的 结 实 、 精 准 又 好 用 ， 因 此 我 也 就 不 嫉 妒 他 们 享 受 那 点 奢 侈 品 了 。 
str_npc11_home_description_2|斯 瓦 迪 亚 国 王 会 告 诉 你 帕 拉 汶 是 卡 拉 迪 亚 最 大 的 王 国 城 市 ， 所 以 现 在 该 由 他 统 治 全 境 。 请 注 意 ， 我 并 不 太 关 心 政 治 ， {先 生 /夫 人 }， 我 曾 经 给 每 支 在 卡 拉 迪 亚 的 军 队 卖 过 粮 食 ， 我 要 告 诉 你 的 是 在 我 的 手 里 没 有 拿 到 那 又 冷 又 硬 的 第 纳 尔 之 前 ， 我 连 一 块 饼 干 都 不 会 给 。 真 搞 不 明 白 这 些 高 高 在 上 的 国 王 贵 族 为 何 总 是 欠 账 不 还 。 呃 ， 我 扯 的 有 点 多 了 ， 是 不 是 ？ 
str_npc12_home_description_2|毒 药 与 良 药 的 差 别 在 于 剂 量 。 你 见 人 就 把 这 话 传 开 ， 就 说 是 伟 大 的 杰 偌 穆 斯 首 创 的 。 人 们 以 为 所 有 智 慧 都 写 在 古 卡 拉 德 文 献 里 ， 我 却 说 从 村 庄 产 婆 和 细 察 自 然 中 学 到 的 比 整 套 帝 国 文 集 还 多 两 倍 。 就 因 为 这 ， 我 被 大 学 开 除 ， 现 在 反 倒 觉 得 是 件 好 事 。 反 正 我 治 好 了 那 领 主 ， 他 送 我 一 袋 金 子 和 一 具 刚 绞 死 的 犯 人 尸 体 用 于 解 剖 。 哈 ！ 想 想 当 年 为 了 标 本 费 尽 心 机 ， 真 是 恍 如 隔 世 。 
str_npc13_home_description_2|最 终 我 还 是 离 开 了 ， 有 时 会 想 ， 现 在 每 天 早 上 她 赶 牛 去 牧 场 时 ， 背 上 会 不 会 多 了 个 裹 着 的 牧 童 。 我 很 想 见 她 — — 但 不 ， 不 ， 人 绝 不 该 回 头 。 
str_npc14_home_description_2|若 有 人 能 统 一 我 们 这 片 小 土 地 ， 我 愿 意 免 费 为 其 投 效 。 我 会 组 建 一 支 军 队 ： 罗 多 克 长 矛 手 为 中 坚 ， 诺 德 步 兵 护 翼 ， 维 吉 亚 弓 手 前 置 ， 带 上 库 吉 特 侦 察 兵 寻 敌 制 敌 ， 再 用 斯 瓦 迪 亚 枪 骑 和 萨 兰 德 马 穆 鲁 克 终 结 战 场 。 我 会 率 此 军 翻 山 越 岭 ， 让 全 世 界 向 卡 拉 迪 亚 跪 拜 … … 当 然 ， 帝 皇 们 都 曾 这 般 想 过 ， 却 不 料 部 落 夺 走 了 他 们 的 帝 国 。 
str_npc15_home_description_2|这 里 的 事 情 很 有 趣 — — 罗 多 克 地 区 初 叛 斯 瓦 迪 亚 时 ， 个 个 声 称 不 要 贵 族 统 治 。 结 果 如 何 ？ 一 个 罗 多 克 山 村 酋 长 占 据 了 卡 儿 玛 堡 ， 封 自 己 为 “ 伯 爵 ”， 杰 尔 喀 拉 和 维 鲁 卡 的 商 人 想 把 酒 和 丝 绒 卖 到 卡 拉 迪 亚 外 ， 就 得 对 他 阿 谀 逢 迎 ， 舔 他 的 靴 子 。 若 想 制 约 伯 爵 ， 让 农 民 给 城 镇 供 粮 而 不 是 卖 给 出 价 更 高 的 人 ， 就 又 需 要 一 个 国 王 ， 不 是 么 ？ 那 么 罗 多 克 地 区 就 与 别 处 无 异 了 ， 别 管 他 们 胡 扯 什 么 古 老 的“ 自 治 ” 和 “ 自 由 ”。 
str_npc16_home_description_2|但 生 计 依 旧 艰 难 ， 总 有 太 多 嘴 巴 要 喂 。 维 基 亚 国 王 和 库 吉 特 汗 王 没 让 我 们 的 日 子 好 过 半 分 ， 已 控 制 的 村 庄 就 苛 税 盘 剥 ， 未 控 制 的 就 袭 击 抢 劫 。 当 然 ， 若 我 有 堡 垒 和 军 队 ， 说 不 定 也 会 这 么 做 。 强 者 为 所 能 为 ， 弱 者 为 所 必 为 。 
str_npc1_home_recap|我 来 自 {s21}附 近 的 高 原 草 原 。 
str_npc2_home_recap|我 出 生 在 山 那 边 。 我 是 商 人 ， 父 亲 是 商 人 ， 祖 父 也 是 商 人 。 
str_npc3_home_recap|我 通 常 住 在 我 父 亲 在 {s20}的 家 里 ， 但 是 我 大 量 的 童 年 时 光 是 在 {s21}度 过 的 。 
str_npc4_home_recap|我 们 祖 传 领 地 在 山 那 边 ， 穿 过 库 尔 达 尔 关 口 。 
str_npc5_home_recap|我 出 生 在 山 脉 另 一 边 的 山 区 ， 过 了 图 尔 加 ， 但 我 在 {s21}有 亲 戚 。 
str_npc6_home_recap|我 家 住 在 {s21}, 但 是 我 无 法 面 对 他 们 。 
str_npc7_home_recap|我 出 生 在 沼 泽 地 的 一 个 小 屋 里 ， 离 {s21}不 是 很 远 。 
str_npc8_home_recap|我 出 生 在 海 外 ， 诺 德 本 土 ， 我 丈 夫 的 庄 园 也 在 诺 德 本 土 。 
str_npc9_home_recap|我 来 自 山 那 边 的 维 吉 亚 本 土 ， 在 国 王 将 维 吉 亚 领 主 们 带 到 卡 拉 迪 亚 之 前 ， 他 们 就 住 在 那 。 
str_npc10_home_recap|我 在 杰 尔 喀 拉 出 生 和 长 大 ， {兄 弟 /姐 姐 }， 我 希 望 有 一 天 在 那 里 买 到 土 地 。 但 是 我 想 首 先 看 看 世 界 ， 于 是 我 拿 起 弩 ， 走 上 了 征 途 。 
str_npc11_home_recap|我 在 军 队 的 行 列 中 出 生 ， 一 辈 子 都 活 在 军 队 里 。 我 的 亲 戚 们 来 自 帕 拉 汶 ， 所 以 那 里 算 是 我 的 家 乡 吧 。 
str_npc12_home_recap|我 来 自 海 外 。 周 游 世 界 寻 求 医 学 知 识 。 
str_npc13_home_recap|哦 ， 我 的 家 在 离 这 里 很 远 的 地 方 ， 我 的 {主 人 /女 主 人 }， 否 则 你 早 该 听 说 过 我 ， 不 过 也 不 必 问 这 些 了 。 
str_npc14_home_recap|我 是 杰 罗 亚 的 伯 爵 的 次 子 。 
str_npc15_home_recap|我 来 自 山 外 ， 但 如 今 若 从 事 围 攻 工 程 ， 卡 拉 迪 亚 是 赚 钱 的 好 地 方 。 
str_npc16_home_recap|怎 么 了 ， 队 长 ？ 我 出 生 在 乌 斯 卢 姆 村 ， 但 母 亲 被 狡 猾 的 亲 戚 夺 走 土 地 ， 不 得 不 受 雇 于 附 近 的 领 主 。 
str_npc1_honorific|老 大 
str_npc2_honorific|{先 生 /夫 人 }
str_npc3_honorific|{先 生 /夫 人 }
str_npc4_honorific|队 长 
str_npc5_honorific|{playername}阁 下 
str_npc6_honorific|队 长 
str_npc7_honorific|队 长 
str_npc8_honorific|{playername}
str_npc9_honorific|{仁 慈 的 先 生 /仁 慈 的 女 士 }
str_npc10_honorific|{兄 弟 /姐 妹 }
str_npc11_honorific|{小 伙 子 /小 姑 娘 }— — 我 是 说 队 长 
str_npc12_honorific|队 长 
str_npc13_honorific|哦 ， 勇 敢 的 家 伙 。 
str_npc14_honorific|指 挥 官 
str_npc15_honorific|队 长 
str_npc16_honorific|队 长 
str_npc1_kingsupport_1|那 可 真 是 太 好 了 ， 老 大 。 所 有 这 些 掌 权 的 国 王 啊 、 汗 王 啊 、 贵 族 啊 ， 动 不 动 就 用 监 狱 啊 、 绞 刑 架 啊 、 断 头 台 啊 ， 去 鞭 笞 、 拷 打 、 绞 杀 那 些 也 许 仅 是 被 哭 泣 的 孩 子 逼 着 去 偷 一 块 面 包 ， 或 者 是 一 匹 马 的 人 们 — — 卡 拉 迪 亚 需 要 一 个 更 好 的 统 治 者 。 
str_npc2_kingsupport_1|好 吧 ， 队 长 — — 我 会 支 持 你 。 我 认 为 你 会 给 卡 拉 迪 亚 带 来 这 片 大 陆 一 直 渴 望 的 开 明 统 治 。 
str_npc3_kingsupport_1|好 吧 ， 我 的 大 人 — — 我 会 担 心 你 。 历 史 告 诉 我 们 权 力 易 腐 蚀 人 心 。 但 最 终 ， 你 作 为 队 长 展 现 出 的 仁 慈 与 明 断 让 我 安 心 。 
str_npc4_kingsupport_1|好 吧 ， 队 长 ， 我 想 你 将 会 成 为 一 个 贵 族 血 统 纯 正 的 {国 王 /女 王 }， 我 将 唯 你 马 首 是 瞻 … … 
str_npc5_kingsupport_1|好 主 意 啊 ， 阁 下 — — 你 很 善 统 率 之 术 。 但 记 得 要 公 正 治 民 … … 
str_npc6_kingsupport_1|我 无 法 判 断 你 声 称 统 治 权 的 法 律 依 据 。 不 过 ， 我 觉 得 和 这 儿 碌 碌 无 为 的 其 他 国 王 不 同 ， 你 有 统 一 这 片 大 陆 的 能 力 — — 而 这 将 终 结 这 场 无 尽 的 战 争 ， 诸 侯 烽 火 连 天 、 贵 族 尔 虞 我 诈 、 兄 弟 睨 于 墙 内 ， 实 在 是 让 我 们 在 上 苍 面 前 蒙 羞 啊 。 
str_npc7_kingsupport_1|是 ！ 你 会 做 得 很 好 。 你 知 道 怎 么 去 打 击 强 盗 和 恶 棍 。 
str_npc8_kingsupport_1|《 比 恩 斯 塔 德 传 说 》 告 诉 我 们 王 侯 本 无 种 ， 能 者 居 之 。 而 我 觉 得 你 也 是 此 类 夺 得 天 下 的 人 。 
str_npc9_kingsupport_1|很 好 ， 我 的 大 人 。 我 是 维 基 亚 的 血 统 ， 但 是 亚 罗 格 莱 克 在 我 被 骗 夺 继 承 权 时 从 未 挺 身 而 出 。 所 以 我 也 就 不 欠 他 什 么 ， 而 且 我 要 说 ，“ 王 位 应 属 勇 者 ！ ” 此 位 勇 者 就 是 你 ， {先 生 /尊 敬 的 女 士 }。 
str_npc10_kingsupport_1|好 吧 ， {兄 弟 /姐 们 }， 总 得 有 个 {国 王 /女 王 }的 话 ， 那 你 会 是 一 个 不 逊 于 任 何 人 的 {国 王 /女 王 }… … 
str_npc11_kingsupport_1|啊 ， 很 好 的 想 法 ， {老 弟 /小 姑 娘 }！ 看 来 我 得 试 着 习 惯 叫 你 “ 吾 王 陛 下 ” 或 者 “ 女 王 陛 下 ” 了 … … 
str_npc12_kingsupport_1|我 深 信 你 将 成 为 一 个 好 国 王 ， 队 长 。 我 一 直 以 能 看 人 而 自 诩 ， 而 你 早 就 表 现 出 了 远 远 超 乎 那 些 自 称 君 王 的 家 伙 的 仁 慈 。 
str_npc13_kingsupport_1|这 是 何 等 美 事 ！ {先 生 /尊 敬 的 女 士 }！ 许 多 传 说 都 讲 述 着 英 雄 以 勇 武 证 明 自 己 配 戴 王 冠 ， 比 如 阿 什 达 布 之 子 安 塔 兰 从 微 末 之 处 崛 起 成 为 达 巴 拉 国 王 的 故 事 ， 多 么 壮 丽 ！ 
str_npc14_kingsupport_1|好 吧 ， 先 生 ， 天 地 间 本 有 等 级 秩 序 ， 平 常 我 不 赞 成 篡 位 。 不 过 我 也 认 为 这 片 大 陆 的 国 王 们 大 多 暗 弱 无 能 ， 不 配 称 王 ， 应 该 让 更 优 秀 的 {人 /统 治 者 }来 执 掌 王 位 ， 比 如 你 。 
str_npc15_kingsupport_1|好 吧 ， 一 般 来 说 ， 你 手 头 宽 裕 的 时 候 总 是 准 时 付 给 手 下 薪 水 。 在 我 的 字 典 里 ， 这 是 一 个 王 者 的 最 佳 品 格 。 你 赏 罚 分 明 。 
str_npc16_kingsupport_1|为 什 么 不 呢 ， 队 长 ？ 我 确 信 你 将 会 是 一 个 好 {国 王 /女 王 }— — 当 然 我 也 希 望 你 能 记 得 为 你 打 下 江 山 的 人 ， 比 如 我 。 
str_npc1_kingsupport_2|当 然 了 ， 老 大 。 让 我 告 诉 你 怎 么 吸 引 更 多 人 加 入 你 的 事 业 — — 尤 其 是 像 咱 们 穷 人 。 在 以 前 ， 每 个 新 黄 袍 加 身 的 君 主 会 大 赦 天 下 — — 除 了 那 些 关 在 地 牢 里 最 穷 凶 极 恶 的 犯 人 ， 给 人 们 第 二 次 做 人 的 机 会 — — 就 像 你 给 了 我 第 二 次 机 会 那 样 ， 老 大 。 
str_npc2_kingsupport_2|这 片 土 地 上 的 大 多 数 贵 族 — — 这 么 说 吧 ， 他 们 从 不 放 过 任 何 一 个 能 收 租 或 抢 劫 来 的 第 纳 尔 。 而 你 不 同 ， 你 有 商 贸 经 验 ， 懂 得 努 力 和 风 险 ， 比 如 确 保 帕 拉 汶 谷 物 过 剩 时 萨 哥 斯 的 人 不 挨 饿 … … 队 长 ， 若 你 愿 意 ， 我 能 帮 你 赢 得 本 国 商 人 和 市 民 的 支 持 。 
str_npc3_kingsupport_2|我 支 持 你 ， 我 的 大 人 。 但 我 强 烈 建 议 你 恢 复 古 老 的 卡 拉 迪 亚 帝 国 传 统 — — 上 议 院 和 下 议 院 ， 从 领 地 里 的 贵 族 以 及 有 财 产 的 学 识 之 士 中 选 拔 ， 他 们 有 权 否 决 你 可 能 采 取 的 苛 税 或 暴 政 。 这 是 为 您 好 ， {先 生 /尊 敬 的 女 士 }。 
str_npc4_kingsupport_2|当 然 ， {队 长 /尊 敬 的 女 士 }。 当 下 的 良 策 是 让 别 人 拥 立 你 。 你 知 道 ， 一 个 人 的 血 统 是 他 个 人 价 值 的 决 定 性 因 素 。 也 许 你 是 遗 落 民 间 的 某 个 英 雄 之 后 ， 只 是 还 没 有 告 诉 我 ？ 
str_npc5_kingsupport_2|哎 ， 阁 下 ， 我 支 持 你 。 但 有 件 事 要 代 表 我 这 样 的 草 原 汉 子 说 。 若 你 成 为 汗 王 ， 能 恢 复 古 老 权 利 — — 自 古 以 来 草 原 人 有 权 赶 牲 群 去 新 牧 场 或 市 集 ， 且 必 然 要 穿 过 贵 族 领 地 — — 我 们 将 欣 喜 至 极 。 
str_npc6_kingsupport_2|我 支 持 。 我 会 向 所 有 人 讲 述 你 为 弱 者 而 战 的 事 迹 ， 讲 述 你 力 挽 狂 澜 获 胜 的 能 力 ， 并 且 告 诉 他 们 若 你 成 为 {国 王 /女 王 }， 卡 拉 迪 亚 将 法 律 统 一 、 和 平 遍 及 — — 从 罗 多 克 高 原 到 维 基 亚 荒 漠 ， 从 高 地 草 原 到 诺 德 海 滨 。 
str_npc7_kingsupport_2|是 ， 队 长 ， 我 支 持 。 一 个 {国 王 /女 王 }的 职 责 是 保 护 正 直 的 人 们 一 路 平 安 ， 让 女 人 能 安 心 捡 柴 、 打 水 ， 不 被 流 着 口 水 、 满 身 脓 疮 的 法 外 之 徒 骚 扰 。 何 况 你 曾 砍 爆 无 数 这 类 暴 徒 的 脑 袋 ， 若 你 成 为 {国 王 /女 王 }， 男 人 甚 至 不 敢 多 看 路 上 的 女 人 两 眼 。 
str_npc8_kingsupport_2|我 支 持 — — 但 有 个 条 件 。 你 可 在 帕 拉 汶 或 者 萨 哥 斯 或 者 任 何 其 它 你 想 统 治 的 地 方 称 王 ， 而 我 得 有 我 自 己 的 领 地 。 并 且 如 果 我 因 为 领 地 、 家 畜 或 者 血 仇 纠 纷 而 和 你 的 某 个 封 臣 发 生 矛 盾 ， 你 得 依 照 古 老 的 方 法 ， 为 我 们 安 排 一 场 决 斗 ， 用 刀 剑 说 话 ， 让 天 神 判 断 是 非 。 
str_npc9_kingsupport_2|{先 生 /女 士 }， 我 支 持 ， 别 人 也 会 支 持 。 但 是 我 在 想 — — 你 需 要 向 贵 族 展 示 你 会 维 护 他 们 的 古 老 权 利 。 现 在 ， 卡 拉 迪 亚 一 片 混 乱 — — 领 主 拥 有 领 地 ， 国 王 拥 有 森 林 ， 城 镇 拥 有 在 城 门 设 卡 收 税 的 权 力 ， 而 平 民 在 奇 数 日 的 星 期 二 才 能 使 用 牧 场 ， 还 得 除 了 里 瓦 切 格 — — 那 里 是 星 期 三 。 谁 能 记 得 住 ？ 所 以 我 建 议 你 让 事 情 简 单 化 ， 就 像 在 昔 日 那 样 — — {国 王 /君 主 }据 尊 ， 然 后 是 领 主 ， 然 后 是 其 他 人 。 
str_npc10_kingsupport_2|当 然 ， {兄 弟 /姐 们 }。 但 是 我 得 说 你 要 考 虑 一 下 我 的 一 个 想 法 。 如 果 你 成 为 {国 王 /女 王 }， 我 会 要 求 你 的 朝 廷 对 普 罗 大 众 开 放 王 庭 ， 不 要 只 是 接 见 贵 族 和 皇 族 。 请 让 大 家 知 道 ， 任 何 被 判 刑 的 人 都 有 权 直 接 向 你 上 诉 。 而 现 在 只 有 贵 族 有 这 权 利 — — 我 认 为 卡 拉 迪 亚 每 个 人 都 应 该 有 此 权 利 。 
str_npc11_kingsupport_2|当 然 ， 我 支 持 ！ 让 我 看 看 你 的 手 … … 啊 哈 ！ 你 有 “ 王 者 之 印 ”。 至 少 ， 在 我 们 帕 拉 汶 是 这 么 叫 的 。 我 在 苏 诺 听 说 这 叫 “ 皇 帝 纹 ”， 不 过 在 那 里 他 们 叫 什 么 东 西 都 和 别 人 两 样 的 。 总 之 ， 你 的 这 条 特 别 长 — — 我 要 说 你 生 来 该 统 治 ！ 这 是 你 命 中 注 定 的 ！ 其 实 我 记 得 还 有 个 相 应 的 预 言 。 嗯 ， 那 是 怎 么 说 的 来 着 … … 
str_npc12_kingsupport_2|当 然 支 持 ， 队 长 。 但 如 果 说 我 在 周 游 这 片 大 陆 时 学 到 了 点 什 么 的 话 ， 那 就 是 ： 卡 拉 迪 亚 人 死 守 前 例 。 一 切 都 要 按 古 帝 国 旧 制 办 — — 尽 管 百 人 中 难 有 一 人 读 得 懂 古 卡 拉 迪 亚 文 史 记 ！ 维 鲁 卡 商 人 按 照 “ 帝 制 ” 礼 俗 出 嫁 他 们 的 女 儿 。 里 瓦 切 格 牧 人 勾 兑 “ 帝 制 ” 黄 油 。 而 当 然 了 ， 每 个 国 王 都 应 该 参 照 “ 帝 制 ” 律 法 来 加 冕 。 
str_npc13_kingsupport_2|当 然 支 持 ， 我 的 大 人 。 而 且 ， 如 安 塔 兰 的 故 事 所 示 ， 争 夺 王 位 时 ， 若 成 为 营 火 边 吟 诵 的 史 诗 主 角 不 无 益 处 。 而 你 当 然 知 道 ， 我 自 认 善 写 对 句 ， 可 为 你 赋 诗 几 首 。 
str_npc14_kingsupport_2|我 当 然 支 持 ， 先 生 。 我 想 你 能 联 合 这 片 大 陆 ， 然 后 我 们 就 能 纠 集 一 支 在 卡 拉 迪 亚 数 载 之 内 不 会 有 所 匹 敌 的 军 队 — — 斯 瓦 迪 亚 枪 骑 兵 ， 维 基 亚 弓 箭 手 ， 罗 多 克 长 矛 手 ， 萨 兰 德 剑 手 ， 诺 德 斧 手 ， 以 及 库 吉 特 游 击 射 手 ， 带 着 他 们 翻 山 越 岭 ， 征 服 古 卡 拉 迪 亚 帝 皇 曾 统 治 的 所 有 土 地 。 
str_npc15_kingsupport_2|我 支 持 。 人 们 也 许 会 说 你 身 上 流 淌 的 不 是 皇 室 的 血 统 。 但 是 据 我 所 知 ， 皇 室 血 统 只 会 让 人 吝 啬 。 国 王 和 贵 族 随 意 借 贷 、 兴 建 工 程 ， 丝 毫 不 顾 辛 勤 劳 作 盼 着 吃 饭 的 平 民 如 何 讨 债 。 如 果 你 问 我 ， 我 会 告 诉 你 言 而 有 信 的 人 才 能 当 {国 王 /女 王 }， 而 不 应 该 是 靠 华 丽 的 血 统 。 
str_npc16_kingsupport_2|当 然 支 持 ， 我 的 {大 人 /夫 人 }。 我 想 像 我 这 样 的 女 孩 能 帮 你 赢 得 本 地 贵 族 的 支 持 。 多 年 来 我 虽 只 参 与 过 他 们 的 小 阴 谋 ， 但 我 知 道 他 们 真 正 的 意 图 。 凭 我 手 里 的 秘 密 ， 他 们 不 敢 拒 绝 我 登 门 ， 是 吧 ？ 
str_npc1_kingsupport_2a|请 继 续 说 … … 
str_npc2_kingsupport_2a|请 继 续 … … 
str_npc3_kingsupport_2a|请 继 续 … … 
str_npc4_kingsupport_2a|当 然 — — 让 我 跟 你 细 说 我 英 祖 之 事 。 
str_npc5_kingsupport_2a|请 继 续 说 … … 
str_npc6_kingsupport_2a|好 极 了 。 
str_npc7_kingsupport_2a|好 吧 ， 是 ， 我 会 尽 力 维 持 秩 序 … … 
str_npc8_kingsupport_2a|合 情 合 理 。 
str_npc9_kingsupport_2a|那 听 起 来 很 明 智 … … 
str_npc10_kingsupport_2a|当 然 — — 我 会 赋 予 臣 民 那 项 权 利 
str_npc11_kingsupport_2a|你 试 试 回 想 起 那 则 预 言 吧 。 
str_npc12_kingsupport_2a|有 趣 。 请 继 续 说 … … 
str_npc13_kingsupport_2a|哎 ，对 ， 你 肯 定 会 写 。 
str_npc14_kingsupport_2a|请 继 续 说 … … 
str_npc15_kingsupport_2a|说 得 好 ， 我 的 好 部 下 
str_npc16_kingsupport_2a|有 趣 … … 请 继 续 
str_npc1_kingsupport_2b|得 。 我 们 都 看 到 那 样 的 结 果 了 … … 
str_npc2_kingsupport_2b|我 不 希 求 他 们 的 支 持 ， 因 为 他 们 无 疑 想 从 中 谋 利 。 
str_npc3_kingsupport_2b|我 没 打 算 那 样 束 缚 自 己 。 
str_npc4_kingsupport_2b|我 不 会 参 与 其 中 。 
str_npc5_kingsupport_2b|我 说 我 想 当 {国 王 /女 王 }， 而 不 是 陷 入 什 么 游 牧 民 族 的 鸟 事 里 面 
str_npc6_kingsupport_2b|我 不 确 信 我 能 承 担 那 么 多 重 任 。 
str_npc7_kingsupport_2b|我 觉 得 你 对 国 王 治 安 的 想 法 有 点 走 极 端 了 ， 以 上 。 
str_npc8_kingsupport_2b|你 这 条 件 也 太 荒 唐 了 。 
str_npc9_kingsupport_2b|我 觉 得 这 主 意 落 实 起 来 可 没 你 想 的 那 么 “ 简 单 化 ” 。 
str_npc10_kingsupport_2b|嗯 。 让 我 回 头 再 考 虑 下 。 
str_npc11_kingsupport_2b|啊 … … 请 松 开 我 的 手 。 
str_npc12_kingsupport_2b|够 了 ， 先 生 。 我 不 允 许 你 嘲 笑 我 们 的 传 统 。 
str_npc13_kingsupport_2b|嗯 。 我 对 此 存 疑 。 
str_npc14_kingsupport_2b|事 实 上 ， 我 本 期 盼 成 为 {国 王 /女 王 }后 能 稍 作 休 息 … … 
str_npc15_kingsupport_2b|也 许 是 当 个 记 账 的 文 书 {国 王 /女 王 }吧 ， 我 听 够 了 。 
str_npc16_kingsupport_2b|无 意 冒 犯 你 ， 但 我 不 确 定 我 会 采 用 那 种 手 段 。 
str_npc1_kingsupport_3|如 果 我 能 在 这 片 大 陆 上 周 游 数 周 ， 告 诉 大 伙 们 你 将 像 老 帝 国 时 期 那 样 特 赦 他 们 的 亲 属 — — 那 么 ， 他 们 就 会 开 始 把 你 当 作 君 主 而 谈 论 ， 这 将 为 你 铺 平 登 基 之 路 。 要 我 那 么 做 吗 ， 老 大 ？
str_npc2_kingsupport_3|队 长 ， 若 你 愿 意 ， 我 可 花 几 周 拜 访 有 联 系 的 行 会 大 厅 和 商 队 聚 点 ， 告 诉 他 们 ： 有 你 做 {国 王 /统 治 者 }， 便 能 制 约 贪 婪 的 贵 族 — — 他 们 设 关 税 、 征 重 税 ， 只 为 多 攒 几 个 第 纳 尔 供 战 争 和 宴 饮 挥 霍 ， 简 直 要 扼 杀 商 贸 。 队 长 ， 你 觉 得 怎 么 样 ？
str_npc3_kingsupport_3|若 你 能 许 下 此 般 承 诺 ， {先 生 /夫 人 }， 定 能 消 解 许 多 领 主 的 犹 豫 。 若 你 的 目 标 是 恢 复 古 卡 拉 迪 亚 制 度 ， 那 么 毫 无 疑 问 ， 你 会 是 比 后 来 的 篡 位 者 都 更 正 统 的 {国 王 /统 治 者 }。 请 准 我 几 周 时 间 ， {先 生 /夫 人 }， 我 会 在 贵 族 宫 廷 和 商 人 家 中 传 播 ： 你 意 在 恢 复 他 们 的 旧 时 权 利 。 
str_npc4_kingsupport_3|对 嘛 — — 我 好 像 听 说 过 你 英 祖 的 血 脉 ，事 实 上 ， 我 能 构 想 出 {他 /她 }的 整 个 家 谱 。 “ 陛 下 ” ， 若 你 允 许 ， 未 来 几 周 我 将 遍 访 王 国 村 庄 与 堡 垒 ， 宣 扬 你 的 贵 族 出 身 。 当 然 ， 希 望 分 封 土 地 时 ， 你 能 记 得 忠 诚 的 臣 民 … … 
str_npc5_kingsupport_3|总 之 ， 大 人 ， 在 而 今 这 个 苦 难 的 时 代 ， 大 领 主 们 竟 然 封 锁 道 路 ， 征 收 巨 额 过 路 费 。 这 对 我 们 族 人 来 说 是 个 沉 重 的 负 担 ， 阁 下 。 若 我 能 花 几 周 让 草 原 汉 子 们 知 道 你 支 持 恢 复 古 老 权 利 ， 那 么 我 想 你 会 发 现 很 多 人 愿 拥 戴 你 为 汗 王 — — 而 人 们 开 始 称 你 为 汗 王 ， 便 是 登 基 的 第 一 步 。 
str_npc6_kingsupport_3|很 好 。 虽 然 我 的 家 人 已 不 认 我 ， 但 在 同 你 冒 险 之 日 我 也 随 你 出 入 过 许 多 贵 族 的 大 厅 ， 我 应 该 也 受 人 待 见 了 。 我 将 巡 游 此 地 ， 告 诉 贵 族 们 当 你 成 为 {国 王 /女 王 }， 定 会 竭 力 保 护 弱 者 、 消 弭 争 端 ， 让 任 何 人 都 不 敢 肆 意 伤 害 他 人 ， 或 许 有 朝 一 日 ， 同 室 操 戈 的 罪 恶 将 不 复 存 在 。 
str_npc7_kingsupport_3|队 长 ， 听 我 说 。 给 我 几 个 星 期 ， 我 会 去 那 些 村 庄 — — 虽 是 些 猪 圈 一 样 的 臭 茅 屋 ， 但 近 来 我 自 保 有 余 。 我 要 告 诉 那 里 的 人 们 一 旦 你 统 一 了 这 片 大 陆 ， 便 会 清 除 乱 匪 贼 党 。 你 将 沿 途 竖 满 绞 刑 架 ， 将 断 颈 不 法 之 徒 们 高 高 吊 起 ， 让 所 有 经 过 的 人 都 知 道 ： 作 恶 多 端 只 有 死 路 一 条 。 
str_npc8_kingsupport_3|好 啊 ！ 那 么 给 我 几 个 星 期 ， 我 会 走 访 各 地 宫 廷 ， 传 告 大 家 ： 你 是 尊 重 封 臣 及 其 古 老 权 利 的 {国 王 /统 治 者 }， 你 不 会 事 必 躬 亲 ， 把 王 权 伸 到 不 该 管 的 地 方 ， 卡 拉 迪 亚 会 因 此 更 好 。 
str_npc9_kingsupport_3|明 智 极 了 ， {先 生 /夫 人 }— — 我 们 能 摆 脱 那 些 讨 厌 的 令 状 、 市 民 请 愿 书 和 文 卷 ， 这 些 简 直 浪 费 你 我 时 间 ， 而 我 们 本 该 为 王 国 荣 耀 征 战 。 请 准 我 离 开 ， 我 会 向 贵 族 领 主 传 言 ： 你 来 此 是 为 恢 复 旧 制 ， 敢 打 赌 很 多 人 会 追 随 你 上 战 场 。 
str_npc10_kingsupport_3|那 么 ， {兄 弟 /姐 妹 }， 给 我 几 周 时 间 巡 游 此 地 ， 让 老 百 姓 们 知 道 你 将 平 等 治 国 、 伸 张 正 义 ， 领 主 犯 法 与 庶 民 同 罪 。 人 们 会 把 你 当 作 {国 王 /女 王 }来 谈 论 ， 而 那 就 将 是 你 称 孤 之 路 的 良 好 开 端 … … 
str_npc11_kingsupport_3|现 在 记 不 全 了 ， 但 若 你 让 我 回 家 乡 ， 定 能 找 到 一 位 老 者 ， 他 完 全 记 得 那 预 言 。 而 且 ， 我 能 散 布 消 息 ： 你 手 上 有 王 者 之 印 ！ 我 的 故 乡 有 很 多 人 在 等 待 一 位 公 正 的 统 治 者 ， 而 一 个 人 的 手 相 便 能 说 明 他 的 一 切 。 给 我 几 个 星 期 ， 保 证 许 多 人 会 期 待 你 成 为 下 一 任 {国 王 /女 王 }。 
str_npc12_kingsupport_3|但 是 你 知 道 吗 ？关 于 王 冠 ， 从 来 没 有 所 谓 的 “ 帝 制 ” 法 规 。 有 时 皇 帝 传 位 给 子 嗣 ， 有 时 分 给 将 领 ， 有 时 新 皇 谋 杀 旧 皇 篡 位 。 卡 拉 迪 亚 从 无 “ 合 法 ” 的 加 冕 之 道 ， 所 以 王 冠 自 然 应 属 于 最 适 合 统 治 的 人 — — 当 然 就 是 你 。 给 我 几 周 时 间 ， 我 会 写 一 篇 论 文 证 明 这 点 ， 再 找 人 抄 写 贴 满 每 一 个 城 镇 的 酒 馆 里 。 队 长 ， 这 主 意 怎 么 样 ？ 
str_npc13_kingsupport_3|那 么 让 我 离 开 几 个 星 期 ， 尊 贵 的 大 人 ，我 会 编 一 个 连 最 愚 钝 的 心 灵 都 会 感 动 的 故 事 ， 让 人 钦 佩 你 的 德 行 ， 同 情 你 的 艰 辛 ， 愤 慨 于 阻 碍 你 的 人 。 当 然 了 ， 当 然 ， 我 可 以 在 细 节 上 稍 作 诗 意 发 挥 吧 ？ 
str_npc14_kingsupport_3|让 我 离 开 几 个 星 期 ， {先 生 /夫 人 }， 我 会 让 这 片 土 地 上 所 有 贤 能 之 士 知 道 ： 你 不 仅 仅 会 完 成 统 一 卡 拉 迪 亚 的 大 业 ， 还 会 平 定 卡 拉 迪 亚 之 外 的 其 他 版 图 。 在 我 看 来 ， 若 无 统 治 全 境 的 能 力 ， 便 无 权 成 为 这 里 的 {国 王 /女 王 }— — 而 唯 独 你 展 现 了 这 种 能 力 。 
str_npc15_kingsupport_3|我 很 高 兴 你 这 么 想 。 说 一 下 我 的 建 议 ： 我 认 识 这 儿 行 会 里 的 人 ， 像 我 一 样 被 压 榨 欺 负 得 忍 无 可 忍 的 人 。 我 会 告 诉 他 们 ： 你 为 人 诚 实 ， 尊 重 市 民 ， 会 偿 还 债 务 ， 不 会 让 臣 民 破 产 沦 为 乞 丐 。 
str_npc16_kingsupport_3|让 我 离 开 几 个 星 期 ， 我 会 拜 访 前 雇 主 的 堡 垒 。 我 会 给 他 们 唱 唱 你 当 上 {国 王 /女 王 }会 如 何 作 为 的 赞 歌 ， 讲 述 你 将 恢 复 所 有 旧 时 的 传 统 特 权 — — 让 他 们 照 旧 掠 夺 佃 户 、 征 税 商 人 、 发 动 战 争 、 挥 霍 无 度 ， 像 贵 族 该 做 的 那 样 ！ 队 长 ， 你 觉 得 如 何 ？ 
str_npc1_kingsupport_objection|老 大 — — 你 竟 然 允 许 阿 莱 因 离 队 去 告 诉 那 些 贵 族 们 他 们 将 获 得 牧 场 、 市 场 和 林 场 的 权 利 ？ 我 不 赞 成 那 样 。我 实 在 不 认 同 。 随 他 这 么 做 ， 他 会 在 全 地 每 个 村 庄 竖 起 绞 架 ， 像 我 这 样 想 拿 起 弓 去 林 中 打 点 野 味 贴 补 家 用 的 穷 苦 人 ， 恐 怕 就 要 被 吊 在 上 面 了 。 
str_npc2_kingsupport_objection|嗯 ， 队 长 。 玛 蒂 尔 德 已 经 骑 着 马 去 告 诉 领 主 们 你 会 允 许 他 们 用 暴 力 解 决 争 端 。 你 知 道 他 们 其 实 很 少 真 刀 真 枪 打 架 吧 ？ 大 多 数 时 候 ， 倒 霉 的 总 是 堡 垒 之 间 路 上 的 商 人 和 旅 客 ， 他 们 其 实 常 借 小 纠 纷 敲 诈 商 队 。 我 真 心 希 望 她 应 该 是 误 解 了 你 的 意 思 ， 先 生 。 
str_npc3_kingsupport_objection|队 长 — — 德 莎 维 已 经 动 身 展 开 某 种 “ 征 途 ” ， 据 说 是 你 许 可 的 。 她 说 她 要 去 这 片 大 陆 上 的 那 些 村 庄 ， 告 诉 那 些 可 怜 的 村 民 们 一 旦 你 成 为 国 王 ， 你 打 算 绞 死 所 有 的 小 偷 和 强 盗 。 {先 生 /夫 人 }， 我 是 一 个 商 人 的 女 儿 ， 深 知 匪 盗 的 祸 害 ， 也 知 德 莎 维 曾 遭 巨 大 冤 屈 。 但 你 肯 定 不 会 不 分 青 红 皂 白 把 人 全 部 绞 死 吧 ？ 你 的 王 国 里 总 该 有 宽 恕 的 容 地 。 
str_npc4_kingsupport_objection|队 长 ， 阿 提 曼 纳 已 经 出 发 ， 去 向 市 民 们 宣 传 “ 你 之 所 以 竞 逐 王 位 ， 是 因 为 你 懂 得 如 何 请 算 账 本 ”。 恕 我 直 言 ， 这 太 荒 唐 了 。 贵 族 和 国 王 应 该 做 的 ， 是 征 战 和 裁 决 。 若 要 跟 每 个 在 领 地 干 过 活 的 流 浪 汉 对 其 工 钱 讨 价 还 价 ， 那 么 除 了 闹 得 一 地 鸡 毛 ， 你 什 么 都 不 会 得 到 的 。 
str_npc5_kingsupport_objection|{playername}阁 下 — — 我 无 意 中 听 到 了 你 跟 雅 米 拉 说 的 话 。 不 过 我 在 纳 闷 — — 若 让 务 农 的 领 主 和 经 商 的 富 贾 决 定 税 率 ， 谁 会 成 为 被 征 税 的 对 象 ？ 当 然 是 牧 民 — — 我 的 那 些 族 人 ， 生 活 在 草 原 上 的 游 牧 民 族 。 我 绝 不 认 同 这 些 议 会 ， 阁 下 — — 所 有 自 由 人 都 应 在 汗 王 的 统 治 下 团 结 一 致 ， 此 外 别 无 他 法 。 
str_npc6_kingsupport_objection|听 说 你 派 罗 尓 夫 伪 造 了 一 份 关 于 皇 室 血 统 的 声 明 。 我 必 须 提 醒 你 ， {先 生 /夫 人 }— — 靠 欺 诈 夺 取 王 位 ， 天 神 可 不 会 庇 佑 你 的 。 
str_npc7_kingsupport_objection|我 已 经 听 说 了 你 跟 班 达 克 讲 的 ， 要 赋 予 每 个 普 通 犯 人 向 {国 王 /统 治 者 }上 诉 权 利 的 事 情 。 我 无 法 赞 同 。 强 盗 被 抓 到 之 后 应 该 被 绞 死 。 如 果 给 了 他 们 审 判 和 申 诉 的 机 会 ， 他 们 只 会 狡 辩 脱 罪 。 班 达 克 是 个 好 人 ， 但 没 人 能 完 全 明 白 这 些 人 面 兽 心 之 徒 对 女 人 施 下 的 暴 行 。 
str_npc8_kingsupport_objection|队 长 — — 你 已 经 派 费 伦 提 斯 去 知 会 大 陆 上 的 所 有 领 主 ， 说 你 要 强 行 推 行 和 平 ， 以 后 没 有 人 会 因 为 分 歧 而 刀 兵 相 向 。 然 后 ，难 道 要 我 们 躺 在 床 上 等 死 吗 ？ 在 我 的 民 族 看 来 ， 这 实 在 是 太 丢 人 了 。 一 个 {国 王 /元 帅 }的 职 责 是 率 领 我 们 征 战 ， 而 不 是 教 人 如 何 处 理 争 论 和 分 歧 。 
str_npc9_kingsupport_objection|{先 生 /夫 人 }— — 我 很 遗 憾 ， 听 说 你 已 经 让 巴 赫 什 图 尔 告 诉 他 的 族 人 们 ， 允 许 他 们 赶 牲 群 穿 过 贵 族 领 地 。 真 希 望 是 我 听 错 了 ， 队 长 。 我 们 收 的 那 点 过 路 费 ， 远 远 抵 不 过 他 们 对 我 们 牧 群 的 破 坏 以 及 对 水 源 的 污 染 。 尊 敬 的 {阁 下 /女 士 }， 如 果 你 未 来 的 王 国 将 变 成 一 些 游 牧 民 族 的 天 堂 的 话 ， 至 少 我 个 人 绝 不 希 望 如 此 。 
str_npc10_kingsupport_objection|听 说 你 让 尼 扎 尔 编 写 一 些 诗 歌 ， 来 证 明 你 取 得 王 位 的 正 统 性 。 请 恕 我 不 能 苟 同 。 如 果 人 们 愿 意 为 一 位 {国 王 /元 帅 }而 战 ， 那 一 定 是 因 为 他 们 能 从 中 得 到 实 惠 ， 而 非 爱 上 什 么 傻 乎 乎 的 歌 谣 。 
str_npc11_kingsupport_objection|我 听 说 雷 萨 里 特 告 诉 民 众 ， 你 将 成 为 一 位 {国 王 /女 王 }， 然 后 率 军 翻 山 征 战 。 难 道 这 些 战 争 不 该 有 个 终 结 吗 ， {年 轻 人 /小 姑 娘 }？ 我 曾 经 以 为 ， 如 果 你 当 了 {国 王 /女 王 }， 说 不 定 能 给 大 家 带 来 一 点 和 平 。 不 过 现 在 看 来 ， 上 天 注 定 要 卡 拉 迪 亚 血 流 成 河 ， 尸 骨 如 山 ， 让 谁 也 逃 不 过 一 场 骨 断 筋 折 。 
str_npc12_kingsupport_objection|队 长 ， 听 说 你 多 少 有 些 把 克 雷 茜 担 任 贵 族 使 节 的 意 思 。 这 个 是 非 不 明 的 小 姑 娘 会 以 你 的 名 义 许 下 何 等 承 诺 ， 还 把 那 些 纵 容 之 举 美 其 名 曰 “ 昔 日 的 自 由 ”， 一 想 到 这 儿 我 就 不 寒 而 栗 。 你 这 么 做 ， 是 在 嘲 笑 我 们 这 些 期 盼 你 带 卡 拉 迪 亚 告 别 血 腥 过 去 ， 走 向 祥 和 安 定 、 学 术 繁 荣 新 时 代 的 人 。 够 了 ， 对 于 我 心 目 中 的 和 平 ， 我 已 经 说 得 够 多 了 。 
str_npc13_kingsupport_objection|英 勇 的 主 人 — — 我 听 说 你 准 许 杰 偌 穆 斯 编 写 一 些 尖 刻 论 文 ， 来 暗 中 贬 损 这 个 大 陆 的 人 民 所 珍 视 的 一 切 ， 控 诉 古 代 皇 帝 谋 杀 篡 位 。 队 长 — — 作 为 一 个 诗 人 ， 我 明 白 ， 人 民 必 须 得 有 可 以 崇 拜 的 英 雄 ， 有 可 以 指 望 复 兴 的 盛 世 。 不 过 ， 你 愿 意 创 造 一 个 由 犬 儒 和 学 究 来 决 定 我 们 的 信 仰 的 王 国 吗 ？ 我 找 不 出 比 这 更 蠢 的 事 情 了 。 
str_npc14_kingsupport_objection|我 听 说 ， 你 已 经 派 波 尔 查 向 整 个 卡 拉 迪 亚 宣 告 ， 当 你 即 位 之 时 ， 将 赦 免 所 有 的 罪 犯 。 这 简 直 太 可 耻 了 … … 人 民 必 须 接 受 管 理 ， {先 生 /夫 人 }— — 如 有 必 要 ， 你 还 得 用 上 鞭 子 、 镣 铐 和 绞 索 ， 绝 不 能 手 软 。 我 保 证 ， 在 你 当 上 {国 王 /女 王 }， 迟 早 会 吃 苦 头 ， 我 敢 打 赌 。 
str_npc15_kingsupport_objection|听 说 你 允 许 凯 特 琳 去 散 布 你 手 上 有 神 圣 印 记 的 谶 语 。 我 只 想 说 ， 作 为 一 个 受 过 教 育 的 人 ， 我 很 担 心 你 是 不 是 要 靠 老 妇 人 的 迷 信 来 支 持 你 竞 逐 王 位 。 乡 下 的 女 人 们 朝 三 暮 四 ， 今 天 信 这 个 ， 明 天 又 信 那 个 。 如 今 ， 皇 家 大 学 里 体 面 的 星 象 家 算 出 的 星 盘 ， 才 能 告 诉 你 有 价 值 的 预 言 ， 只 是 卡 拉 迪 亚 已 久 未 有 此 等 正 统 预 测 了 。 
str_npc16_kingsupport_objection|唉 — — 队 长 ！ 我 听 说 马 尼 德 离 队 去 向 那 些 商 人 大 唱 甜 言 蜜 语 的 赞 歌 ， 说 你 会 把 卡 拉 迪 亚 奉 上 银 盘 供 他 们 享 用 ， 让 他 们 在 上 面 大 块 朵 颐 ， 敲 膏 吸 髓 。 我 希 望 那 只 是 夸 张 之 辞 。 一 个 高 尚 的 领 主 在 举 办 宴 会 的 时 候 起 码 会 给 穷 人 施 舍 两 个 铜 板 ， 也 会 让 他 的 仆 人 们 吃 饱 了 肚 子 再 回 家 。 一 个 商 人 给 他 的 女 儿 举 办 婚 宴 时 ， 你 在 饭 桌 上 找 到 一 点 残 羹 剩 饭 算 是 你 走 运 。 反 正 我 亲 身 经 历 过 。 
str_npc1_intel_mission|好 吧 ， 老 大 ， 我 碰 巧 有 几 个 表 戚 在 {s17}, 不 像 家 里 其 他 人 ， 他 们 至 少 愿 意 见 我 。 他 们 作 马 匹 生 意 — — 我 偶 尔 也 给 他 们 提 供 货 源 — — 这 样 他 们 就 可 以 打 探 一 些 关 于 {s18}城 堡 的 消 息 。 我 可 以 去 走 一 趟 ， 然 后 回 来 告 诉 你 我 发 现 了 什 么 。 
str_npc2_intel_mission|{大 人 /尊 敬 的 女 士 }， 如 果 你 对 发 生 在 {s18}的 事 情 感 兴 趣 ， 我 可 以 和 我 在 {s17}的 旧 生 意 伙 伴 联 系 。 他 们 通 常 在 政 治 方 面 消 息 灵 通 。 
str_npc3_intel_mission|队 长 ， 虽 然 我 不 能 够 回 到 我 在 {s17}的 老 家 ， 但 我 还 是 可 以 和 我 的 姐 姐 联 系 。 她 能 参 与 大 商 行 的 会 议 ， 或 许 可 以 告 诉 我 们 一 些 关 于 {s18}的 情 况 。 
str_npc4_intel_mission|队 长 ， 如 果 你 能 给 我 几 天 的 时 间 ， 我 就 可 以 去 拜 访 住 在 {s17}的 一 位 老 战 友 ， 他 时 常 率 领 着 一 支 小 队 ， 为 {s18}工 作 。 他 是 个 非 常 不 错 的 家 伙 ， 少 言 多 听 。 而 且 我 确 定 和 他 喝 上 一 两 杯 后 我 将 能 从 他 口 中 套 出 这 一 地 区 的 政 治 状 况 和 走 向 。 
str_npc5_intel_mission|如 果 你 愿 意 的 话 ， {playername}阁 下 ， 我 可 以 花 上 几 天 时 间 去 拜 访 一 下 姨 母 家 人 ， 他 们 正 在 {s17}的 商 队 聚 点 工 作 ， 能 听 到 {s18}各 地 的 小 道 消 息 。 如 果 你 有 兴 趣 ， 我 可 以 试 着 从 他 们 口 中 获 得 一 些 关 于 那 些 大 领 主 们 的 世 仇 和 彼 此 抗 争 的 情 报 。 
str_npc6_intel_mission|队 长 — — 虽 然 我 在 {s17}不 是 非 常 受 欢 迎 ， 但 我 能 联 系 附 近 我 以 前 领 地 的 佃 户 。 我 从 那 销 声 匿 迹 前 ， 把 土 地 的 所 有 权 赠 与 了 他 们 ， 现 在 他 们 已 经 在 当 地 社 会 获 得 了 不 错 的 地 位 ， 也 就 不 会 像 大 多 数 人 一 样 因 为 我 过 去 的 罪 行 而 针 对 我 。 如 果 你 能 给 我 几 天 时 间 ， 我 有 信 心 从 {s18}获 得 一 些 有 价 值 的 情 报 。 
str_npc7_intel_mission|队 长 ， 当 我 离 开 我 在 {s17}的 故 居 时 ， 我 曾 告 诉 自 己 ， 除 非 是 为 了 向 那 些 伤 害 过 我 的 家 伙 复 仇 ， 否 则 我 永 远 也 不 会 回 到 这 里 。 或 许 我 当 时 过 于 轻 率 了 ， 事 实 上 ， 我 偶 尔 也 会 想 起 我 的 家 人 ， 不 知 道 他 们 现 在 过 得 怎 样 。 或 许 我 可 以 给 他 们 带 去 一 些 礼 物 ， 让 他 们 看 看 我 的 成 就 ！ 总 之 ， 他 们 虽 是 一 些 可 怜 又 可 恨 的 小 老 百 姓 ， 却 和 所 有 贵 族 们 圈 养 的 哈 巴 狗 一 样 ， 随 时 夹 着 尾 巴 听 着 贵 族 们 嘴 里 的 每 一 句 话 ， 每 一 个 单 词 。 如 果 你 能 给 我 几 天 时 间 来 拜 访 他 们 ， 也 许 我 能 获 得 一 些 关 于 {s18}的 重 要 情 报 。 
str_npc8_intel_mission|如 果 你 对 发 生 在 {s18}的 事 情 感 兴 趣 ， 我 曾 经 的 一 位 战 友 退 休 后 在 {s17}附 近 经 营 着 一 座 农 场 。 他 和 许 多 其 他 的 老 战 士 都 保 持 着 联 系 。 我 可 以 去 走 一 趟 ， 深 入 了 解 那 边 的 局 势 。 
str_npc9_intel_mission|{先 生 /尊 敬 的 女 士 }— — 我 已 久 未 领 略 {s17}的 乐 子 。 在 那 里 ， 像 我 这 样 的 名 门 子 弟 常 常 参 与 那 些 富 有 和 慷 慨 的 大 领 主 们 举 办 的 宴 会 。 如 果 你 同 意 的 话 ， 我 很 乐 意 去 那 里 打 探 消 息 ， 告 诉 你 {s18}大 贵 族 们 心 中 的 忧 虑 。 
str_npc10_intel_mission|队 长 — — 我 想 我 的 一 些 驻 扎 在 {s17}的 老 伙 计 们 会 很 高 兴 看 到 我 去 拜 访 他 们 。 他 们 都 是 些 好 小 伙 子 ， 绝 不 会 背 叛 他 们 的 城 镇 ， 不 过 和 我 一 样 ， 他 们 对 那 些 贵 族 也 没 有 什 么 特 别 的 感 情 ， 这 么 一 来 ， 我 很 有 可 能 从 他 们 嘴 里 旁 敲 侧 击 出 一 些 政 治 小 道 消 息 。 贵 族 总 为 鸡 毛 蒜 皮 吵 架 ， 但 小 伙 们 能 察 觉 是 否 有 真 正 的 异 见 在 酝 酿 。 
str_npc11_intel_mission|{老 兄 /小 姑 娘 }— — 我 想 我 已 经 很 久 没 有 去 拜 访 我 在 {s17}的 亲 戚 了 。 多 年 来 他 们 对 我 不 薄 ， 艰 难 时 期 帮 过 我 ， 所 以 我 觉 得 我 应 该 和 他 们 分 享 近 来 的 财 富 。 我 常 从 帕 拉 汶 谷 物 商 人 那 里 批 发 商 品 ， 以 让 他 们 信 任 我 。 我 估 计 他 们 会 被 说 服 爆 料 一 些 关 于 发 生 在 {s18}事 件 的 珍 闻 。 
str_npc12_intel_mission|如 果 你 同 意 的 话 ， 我 可 以 去 拜 访 一 位 现 在 受 雇 于 {s17}领 主 的 同 窗 。 我 曾 对 他 寄 予 厚 望 ， 可 是 最 近 我 听 说 他 热 衷 于 用 甜 瓜 来 治 疗 中 风 ， 理 由 是 其 凉 性 可 平 衡 过 多 的 黄 胆 汁 。 这 是 牵 强 可 笑 的 医 学 谬 论 ， 所 以 我 必 须 得 和 他 好 好 谈 谈 并 矫 正 他 的 错 误 。 当 然 ， 我 还 可 以 向 他 咨 询 一 些 {s18}最 新 的 形 势 ， 我 想 你 会 对 此 感 兴 趣 的 。 
str_npc13_intel_mission|噢 ！ 英 勇 的 大 人 ！ 在 你 的 允 许 下 ， 我 认 为 我 或 许 可 以 去 拜 访 一 下 位 于 {s17}的 溪 谷 。 我 尽 量 不 回 旧 日 牧 场 ， 但 我 得 承 认 ， 我 的 确 是 想 去 看 看 那 位 与 我 交 好 的 美 丽 的 牧 羊 女 现 在 过 得 怎 样 。 路 过 时 ， 我 或 能 顺 道 进 堡 垒 ， 凭 我 的 魅 力 进 入 领 主 大 厅 不 难 ， 这 样 一 来 ， 我 将 能 给 你 提 供 一 些 来 自 {s18}的 最 新 消 息 。 
str_npc14_intel_mission|队 长 … … 如 你 所 知 ， 我 曾 训 练 过 {s17}的 驻 军 。 其 中 一 人 近 来 联 系 我 ， 提 议 如 果 我 愿 意 去 他 们 那 里 走 一 趟 ， 他 们 很 乐 意 提 供 一 些 关 于 {s18}的 情 报 。 如 果 你 允 许 的 话 ， 我 很 乐 意 这 么 做 。 虽 然 做 叛 徒 是 耻 辱 ， 但 利 用 叛 徒 并 不 失 体 面 。 
str_npc15_intel_mission|队 长 。 你 也 许 知 道 ， 我 一 直 打 算 去 {s17}学 习 石 工 — — 那 是 古 卡 拉 迪 亚 风 格 的 最 杰 出 典 范 之 一 。 如 果 成 行 ， 我 的 同 事 现 在 正 在 那 里 忙 着 修 筑 护 城 墙 。我 想 他 的 职 业 操 守 会 阻 止 他 透 露 任 何 防 御 弱 点 ， 但 若 你 感 兴 趣 ， 他 应 该 乐 于 分 享 对 {s18}总 体 情 况 的 看 法 。 
str_npc16_intel_mission|唉 ， 队 长 ！ 我 想 去 拜 访 一 下 我 在 {s17}的 老 姑 妈 。 那 里 的 领 主 夫 妇 曾 雇 我 办 事 ， 却 拖 欠 报 酬 。 不 过 夫 人 手 上 的 某 件 亮 闪 首 饰 很 适 合 抵 债 。 我 知 道 没 必 要 麻 烦 他 们 知 道 我 的 拜 访 ， 所 以 我 可 以 见 见 我 的 老 朋 友 — — 一 个 城 堡 看 守 ， 他 会 让 我 进 去 — — 聊 聊 关 于 {s18}的 动 静 。 
str_npc1_fief_acceptance|老 大 ， 你 决 定 把 {s17}分 封 给 我 吗 ？ 我 想 说 ， 长 久 以 来 ， 这 是 别 人 为 我 做 过 的 最 仁 慈 的 事 情 了 。 嘿 ， 我 会 尽 力 而 为 的 — — 你 放 心 。 不 过 不 得 不 说 — — 我 还 真 不 知 道 ， 当 其 他 领 主 发 现 老 波 尔 查 跻 身 他 们 的 贵 族 圈 时 ， 不 知 会 作 何 反 应 。 
str_npc2_fief_acceptance|把 {s17}作 为 我 的 封 地 ？ 我 向 来 习 惯 算 计 买 卖 商 货 ， 从 未 想 过 统 治 领 地 。 但 既 然 您 提 起 ， 我 敢 说 能 让 那 地 方 盈 利 颇 丰 。 我 感 谢 你 ， {我 的 大 人 /尊 敬 的 女 士 }— — 您 对 我 恩 重 如 山 。 
str_npc3_fief_acceptance|{陛 下 /尊 敬 的 女 士 }， 您 赐 我 {s17}实 在 太 宽 厚 了 。 我 很 高 兴 能 收 下 它 们 ， 以 后 我 会 全 心 全 意 的 努 力 提 升 此 地 居 民 的 物 质 与 精 神 生 活 品 质 。 
str_npc4_fief_acceptance|你 能 把 {s17}分 封 给 我 ， 实 在 是 太 好 了 — — 而 且 是 最 恰 当 的 。 能 有 罗 尔 夫 家 的 伯 爵 作 为 封 臣 ， 国 王 必 定 引 以 为 傲 。 
str_npc5_fief_acceptance|阁 下 — — 能 统 治 {s17}我 欣 喜 至 极 。 我 会 向 着 崇 山 峻 岭 ， 向 着 所 有 的 亲 族 宣 告 ： 跟 随 我 ， 为 您 征 战 ， 光 荣 地 赢 取 富 贵 — — 他 们 必 然 纷 至 沓 来 为 您 而 战 ！ 
str_npc6_fief_acceptance|{先 生 /夫 人 }— — 您 竟 认 为 我 有 资 格 统 治 领 民 ， 我 甚 感 惊 讶 ， 因 为 我 才 刚 开 始 学 会 自 律 ， 这 太 让 我 意 外 了 。 不 过 ， 如 果 你 当 真 希 望 如 此 ， 我 将 以 你 的 名 义 ， 无 比 荣 幸 地 治 理 {s17}, 为 保 护 生 活 在 这 里 的 人 们 奉 献 一 生 。 
str_npc7_fief_acceptance|是 ， 我 接 受 {s17}— — 必 让 它 的 名 声 令 全 卡 拉 迪 亚 的 盗 匪 闻 风 丧 胆 。 谢 谢 你 ， {陛 下 /夫 人 }， 给 了 我 这 个 机 会 。 
str_npc8_fief_acceptance|您 要 封 我 为 封 臣 ？ 那 我 可 以 暂 缓 索 回 继 承 权 ， 再 把 我 的 大 殿 修 在 {s17}。 总 有 一 天 ， 我 会 漂 洋 过 海 ， 去 取 回 属 于 我 的 东 西 ， 但 此 前 ， 我 乐 意 组 建 一 支 经 战 阵 练 的 诺 德 战 团 ， 举 您 的 旗 帜 征 战 。 
str_npc9_fief_acceptance|{陛 下 /尊 敬 的 女 士 }， 我 生 而 受 到 不 公 ， 被 剥 离 继 承 权 ， 而 今 您 慷 慨 赐 予 ， 是 我 命 中 伯 乐 。 能 为 你 效 劳 ， 为 你 奋 战 ， 为 你 守 住 这 片 领 地 将 是 我 最 大 的 荣 耀 。 
str_npc10_fief_acceptance|你 要 封 我 为 贵 族 ？ 谢 谢 ， 不 必 了 — — 除 非 你 能 称 呼 我 为 “ 护 民 官 ”— — “ 护 民 官 ” 是 古 时 候 人 民 的 公 仆 — — 或 许 我 才 愿 意 帮 你 管 理 {s17}。 我 会 让 饥 民 果 腹 ， {兄 弟 /姐 妹 }， 我 还 会 训 练 一 支 罗 多 克 步 兵 队 来 为 你 作 战 。 但 我 不 保 证 那 些 名 门 贵 族 会 觉 得 跟 我 平 起 平 坐 是 件 舒 服 的 事 。 
str_npc11_fief_acceptance|啊 ！ 你 给 了 老 凯 特 琳 一 个 贵 族 头 衔 ？ 我 若 拒 绝 就 是 傻 瓜 ， 是 吧 ？ 天 呐 ， 人 生 是 多 么 地 曲 里 拐 弯 啊 … … 谁 能 想 到 我 这 一 把 老 骨 头 竟 然 也 能 忝 居 卡 拉 迪 亚 诸 国 的 贵 族 之 列 。 
str_npc12_fief_acceptance|好 吧 ，{陛 下 /尊 敬 的 女 士 }， 但 我 必 须 让 你 明 白 ， 我 不 觉 得 分 封 制 是 什 么 好 事 。 农 民 和 地 主 应 该 在 君 主 疏 远 的 监 督 下 自 治 。 话 虽 如 此 ， 卡 拉 迪 亚 流 血 太 多 ， 现 在 不 宜 颠 覆 社 会 秩 序 。 把 土 地 给 我 ， 我 会 努 力 为 它 铺 就 明 日 辉 煌 — — 若 我 这 辈 子 做 不 到 ， 或 许 下 一 代 可 以 。 
str_npc13_fief_acceptance|你 是 如 此 的 宽 厚 仁 慈 ，{陛 下 /尊 敬 的 女 士 }。 请 允 许 我 对 您 选 中 我 的 智 慧 致 以 最 高 敬 意 。 说 真 的 ， 您 的 明 辨 力 超 过 拉 米 努 尔 国 王 — — 他 曾 凭 一 根 头 发 判 断 人 的 品 格 。 您 的 判 断 力 胜 过 阿 肯 布 拉 皇 帝 — — 连 精 灵 都 向 他 投 诉 争 端 。 总 之 ， 我 接 受 。 
str_npc14_fief_acceptance|队 长 ， 你 给 了 我 莫 大 的 荣 耀 。 在 杰 罗 亚 ， 像 我 这 样 在 家 族 中 次 子 几 乎 没 机 会 能 拥 有 自 己 的 领 地 。 但 在 这 里 ， 卡 拉 迪 亚 ， 一 个 人 仍 然 有 机 会 ， 用 剑 来 争 取 那 些 曾 被 出 身 所 否 定 的 东 西 ！ 我 将 作 为 你 的 封 臣 统 治 {s17}, 组 建 军 队 为 您 的 荣 耀 和 我 的 荣 誉 而 战 。 
str_npc15_fief_acceptance|好 的 ，{先 生 /尊 敬 的 女 士 }， 您 此 举 宽 宏 大 量 ， 足 见 您 是 能 把 这 片 可 怜 土 地 从 庸 主 手 中 救 出 的 君 主 。 我 猜 附 近 很 多 贵 族 会 觉 得 我 这 等 平 民 不 配 领 地 。 哼 ， 等 他 们 看 到 我 的 治 绩 和 收 益 ， 定 会 改 变 态 度 ！ 
str_npc16_fief_acceptance|噢 ， 您 实 在 是 太 慷 慨 了 ，{陛 下 /尊 敬 的 女 士 }。 我 无 数 次 出 入 那 些 厅 堂 庄 园 — — 虽 然 我 得 承 认 ， 并 非 都 有 其 主 人 允 许 — — 但 我 从 来 没 想 过 自 己 可 以 拥 有 一 处 那 样 的 地 方 。 让 我 想 想 … … 等 收 齐 了 第 一 年 的 租 子 ， 我 该 给 自 己 买 个 什 么 样 的 小 玩 意 戴 戴 ？ 
str_npc3_woman_to_woman|尊 敬 的 女 士 ， 若 你 不 介 意 我 说 — — 我 想 迄 今 为 止 ， 你 已 证 明 自 己 是 这 片 王 国 的 伟 大 战 士 之 一 。 但 很 奇 怪 ， 还 没 有 国 王 打 算 赐 给 你 一 片 封 地 。 也 许 因 为 你 是 个 女 子 。 但 无 所 谓 — — 我 个 人 相 信 ， 你 必 将 在 王 国 贵 族 中 占 有 一 席 之 地 ， 即 便 需 要 付 出 双 倍 的 时 间 和 努 力 去 赢 得 应 得 的 东 西 ！ 
str_npc7_woman_to_woman|长 官 。 如 果 你 不 介 意 的 话 ， 你 已 经 和 卡 拉 迪 亚 的 那 些 人 渣 们 奋 战 了 很 久 了 ， 随 着 他 们 的 败 亡 ， 这 片 土 地 变 得 更 好 了 。 你 完 全 应 该 有 一 块 属 于 自 己 的 封 地 — — 而 我 很 怀 疑 如 果 你 不 是 一 个 女 子 ， 早 就 有 国 王 将 领 地 封 赐 给 你 了 。 那 就 是 这 片 悲 凉 土 地 上 男 人 们 的 处 事 之 道 ： 他 们 让 我 们 站 在 战 列 的 最 前 方 抵 挡 敌 人 的 攻 击 ， 但 到 分 配 战 利 品 的 时 候 ， 他 们 又 希 望 我 们 转 过 头 去 不 要 看 。 
str_npc8_woman_to_woman|不 好 意 思 ，{playername}。 我 想 向 你 表 达 我 的 祝 贺 — — 看 上 去 你 正 在 让 自 己 变 成 一 个 令 人 畏 惧 的 战 士 。 如 果 你 是 个 男 人 ， 我 怀 疑 这 片 大 陆 上 的 大 小 诸 王 都 会 争 先 恐 后 地 请 你 去 做 他 们 的 封 臣 。 可 叹 这 世 界 ， 像 我 们 这 样 的 女 人 ， 总 是 要 付 出 双 倍 的 努 力 才 能 获 得 只 有 我 们 才 应 有 的 东 西 。 
str_npc11_woman_to_woman|是 ， 小 姑 娘 ， 我 时 常 会 去 想 到 — — 你 已 经 扬 名 在 外 了 ， 不 是 吗 ？ 在 这 片 大 陆 四 处 征 战 。 啊 ， 我 怀 疑 如 果 你 身 为 男 人 ， 某 个 国 王 会 立 刻 给 你 封 地 。 好 吧 ， 你 可 以 继 续 得 到 你 所 应 得 的 — — 只 是 还 需 要 再 证 明 一 点 自 己 的 能 力 。 
str_npc16_woman_to_woman|唉 ， 队 长 — — 如 果 你 不 介 意 我 说 ， 你 最 近 名 声 大 起 啊 。 我 怀 疑 如 果 你 身 为 男 人 ， 某 个 国 王 会 立 刻 给 你 封 地 。 但 我 们 女 人 早 该 习 惯 这 种 事 。 男 人 总 会 找 借 口 忽 略 我 们 的 功 劳 ， 所 以 若 看 中 哪 片 土 地 ， 说 不 定 直 接 动 手 夺 取 更 实 在 。 无 论 如 何 ， 这 就 是 我 对 这 个 世 界 的 看 法 。 
str_npc1_turn_against|我 很 遗 憾 我 们 要 以 这 种 方 式 见 面 ， 老 大 。 擢 拔 之 恩 ， 我 其 实 未 敢 稍 忘 。 你 必 定 觉 得 我 是 个 忘 恩 负 义 之 辈 。 然 而 ， 人 各 有 命 — — 难 道 不 是 如 此 吗 ？ 
str_npc2_turn_against|这 是 个 悲 伤 的 日 子 。 我 从 未 想 过 自 己 会 和 老 长 官 沙 场 重 逢 。 即 使 最 后 我 获 得 了 胜 利 ， 那 也 不 会 带 来 半 分 喜 悦 。 
str_npc3_turn_against|噢 {playername}— — 这 是 我 们 人 生 中 一 个 多 么 悲 剧 性 的 转 折 ！ 我 只 期 盼 这 今 日 让 我 们 为 敌 的 战 争 洪 流 ， 他 日 能 让 我 们 重 拾 友 情 。 
str_npc4_turn_against|{playername}嗯 ， 好 吧 … … 我 不 知 该 说 什 么 。 如 果 我 们 必 须 开 战 ， 那 就 让 我 们 快 点 结 束 吧 。
str_npc5_turn_against| 阁 下 ！ 当 年 我 收 下 了 你 的 盐 ， 那 份 情 谊 倒 是 让 我 获 得 了 不 菲 的 回 报 ！ 但 我 要 提 醒 你 一 个 古 老 的 真 理 — — 库 吉 特 人 可 以 是 热 情 的 追 随 者 、 忠 诚 的 朋 友 ， 却 永 远 不 会 是 你 的 奴 隶 … … 无 论 如 何 ， 今 日 我 举 剑 而 来 与 你 为 敌 ， 但 希 望 有 朝 一 日 能 与 你 共 饮 一 杯 ， 重 续 友 谊 。 
str_npc6_turn_against|再 没 有 什 么 能 比 和 你 如 此 重 逢 更 让 我 悲 痛 的 了 ，{playername}。 我 不 想 纠 缠 于 何 故 走 到 这 一 步 ， 只 希 望 有 朝 一 日 我 们 能 冰 释 前 嫌 。 
str_npc7_turn_against|好 吧 ， 队 长 。 是 你 让 我 成 为 了 一 个 了 不 起 的 女 性 ， 我 对 此 一 直 心 存 感 激 。 然 而 ， 我 灵 魂 却 并 未 被 你 收 买 。 现 在 时 势 让 我 们 利 益 相 悖 ， 与 你 沙 场 争 锋 ， 我 并 无 丝 毫 愧 疚 。 我 依 然 期 盼 某 天 ， 当 时 势 不 同 的 时 候 ， 我 们 可 以 像 朋 友 那 样 再 会 。 
str_npc8_turn_against|所 以 如 今 我 们 竟 以 敌 人 的 身 份 相 会 了 ， 而 且 可 能 只 有 越 过 彼 此 的 盾 牌 才 会 打 个 照 面 。 这 日 子 真 叫 人 心 寒 。 有 时 候 ， 命 运 的 编 织 者 总 爱 开 残 酷 的 玩 笑 。 
str_npc9_turn_against|我 们 虽 然 反 目 成 仇 ， 但 时 势 所 迫 ， 非 我 之 过 。 想 让 你 知 道 ： 虽 然 心 如 铅 坠 ， 但 我 问 心 无 愧 。 
str_npc10_turn_against|好 吧 ， 看 上 去 命 运 的 浪 潮 竟 将 我 推 向 老 长 官 开 战 。 也 许 在 你 成 为 我 君 主 的 那 一 刻 起 ， 事 情 就 已 经 走 上 了 错 误 的 道 路 — — 我 想 大 概 我 本 就 不 适 合 臣 服 于 人 。 不 管 怎 样 ， 木 已 成 舟 。 或 等 到 世 事 变 幻 ， 再 无 主 仆 贵 贱 之 时 ， 我 们 依 然 能 平 等 相 聚 。 
str_npc11_turn_against|天 呐 ，{老 弟 /小 姑 娘 }。 看 来 现 在 我 们 是 敌 人 了 。 我 是 不 是 说 过 人 生 是 多 么 地 曲 里 拐 弯 啊 ？ 人 生 总 是 波 澜 诡 谲 ， 命 运 的 幽 默 有 时 太 过 残 酷 — — 我 也 无 言 以 对 了 。 
str_npc12_turn_against|那 么 ， 看 来 我 们 不 得 不 战 了 。 我 必 须 让 你 知 道 ，{先 生 /尊 敬 的 女 士 }， 我 并 没 有 背 叛 你 。 我 追 随 的 从 不 是 你 本 人 ， 而 是 我 信 仰 的 你 所 坚 持 的 信 念 。 既 然 你 已 抛 弃 ， 我 只 能 尽 力 阻 拦 。 但 我 对 你 本 人 并 无 敌 意 ， 希 望 异 日 能 以 友 人 之 名 相 逢 。 
str_npc13_turn_against|与 你 为 敌 是 件 痛 事 ， 队 长 — — 但 另 一 方 面 ， 能 在 战 场 上 与 你 这 等 传 奇 对 决 ， 实 在 是 难 得 的 荣 耀 。 实 话 实 说 ， 我 们 今 天 的 激 战 将 会 让 全 卡 拉 迪 亚 的 吟 游 诗 人 吃 喝 不 愁 ， 够 写 上 半 年 的 豪 壮 诗 篇 了 ， 你 说 呢 ？ 
str_npc14_turn_against|好 吧 ，{playername}。 我 们 以 敌 人 的 身 份 相 会 了 。 我 承 认 心 里 现 在 五 味 杂 陈 。 与 你 开 战 让 我 难 过 ， 但 若 在 战 场 上 取 胜 ， 便 算 击 败 了 卡 拉 迪 亚 最 值 得 敬 佩 的 敌 手 ， 也 算 证 明 了 我 军 事 造 诣 已 如 登 峰 造 极 般 精 炼 ！ 
str_npc15_turn_against|啊 … … 我 从 未 期 望 过 这 一 天 的 来 临 。 只 是 在 我 看 来 ， 如 果 你 能 一 直 信 任 我 的 话 ， 事 情 是 断 不 会 走 到 这 一 步 的 。 但 你 的 想 法 ， 肯 定 不 同 吧 。 
str_npc16_turn_against|你 好 啊 ， 队 长 ！ 那 么 ， 我 想 我 们 现 在 是 敌 人 了 ！若 真 要 动 手 ， 一 个 小 小 的 忠 告 — — 一 旦 杀 气 上 头 ， 我 可 控 制 不 住 自 己 。 但 请 记 住 ， 我 的 举 动 绝 无 私 怨 。 或 许 咱 们 各 退 一 步 ， 还 能 像 从 前 那 样 做 朋 友 ？ 
str_comment_intro_liege_affiliated|我 听 说 你 向 某 个 妄 图 篡 我 王 位 的 伪 君 誓 忠 。 但 我 们 仍 可 以 谈 谈 。 
str_comment_intro_famous_liege|你 的 名 声 来 的 比 你 的 人 快 ！ 或 许 你 该 效 忠 一 位 配 得 上 你 勇 武 的 主 君 了 。 
str_comment_intro_famous_martial|你 的 名 声 来 的 比 你 的 人 快 ！ 或 许 我 们 该 在 竞 技 场 上 ， 或 者 战 场 上 来 较 量 一 下 ， 看 看 谁 更 勇 猛 ！ 
str_comment_intro_famous_badtempered|我 听 说 过 你 。 我 不 喜 欢 兜 圈 子 ， 有 话 直 说 。 
str_comment_intro_famous_pitiless|我 知 道 你 的 名 字 ， 令 人 闻 风 丧 胆 。 很 好 ， 或 许 我 们 该 找 个 时 间 好 好 谈 谈 。 
str_comment_intro_famous_cunning|哈 ， 我 们 终 于 又 见 面 了 ，听 说 你 是 个 值 得 结 交 的 {伙 计 /姑 娘 }。 咱 们 以 后 多 多 交 流 。 
str_comment_intro_famous_sadistic|我 知 道 你 的 名 字 — — 肯 定 也 有 很 多 悲 伤 的 寡 妇 知 道 它 。 不 过 跟 我 没 关 系 。 
str_comment_intro_famous_goodnatured|久 仰 大 名 ！ 终 于 得 见 ， 幸 会 幸 会 。 
str_comment_intro_famous_upstanding|我 听 说 过 你 ， 他 们 说 你 是 最 英 勇 的 战 士 。 我 只 希 望 你 的 荣 誉 和 仁 慈 能 与 你 的 勇 猛 相 配 。 
str_comment_intro_noble_liege|我 看 你 带 着 面 贵 族 的 旗 子 ， 不 过 我 不 认 得 这 个 徽 标 。 你 该 知 道 我 一 直 在 寻 找 能 为 我 而 战 的 勇 士 ， 只 要 他 们 证 明 自 己 值 得 我 信 任 。 
str_comment_intro_noble_martial|我 看 你 带 着 面 贵 族 的 旗 子 ， 不 过 我 不 认 得 这 个 徽 标 。 没 关 系 — — 俗 话 说 ， 勇 士 当 以 四 海 为 家 ！ 
str_comment_intro_noble_badtempered|我 不 认 得 你 旗 子 上 的 这 个 徽 标 。 一 定 又 是 个 外 乡 人 到 这 里 来 了 ， 好 像 这 里 还 不 够 多 似 的 。 
str_comment_intro_noble_pitiless|我 看 你 带 着 面 贵 族 的 旗 子 ， 不 过 我 不 认 得 这 个 徽 标 。 无 疑 又 是 一 只 想 靠 战 争 残 羹 喂 饱 自 己 的 秃 鹫 。 
str_comment_intro_noble_cunning|我 看 你 带 着 面 贵 族 的 旗 子 ， 不 过 我 不 认 得 这 个 徽 标 。 可 能 有 一 天 你 这 个 {伙 计 /姑 娘 }会 证 明 自 己 是 一 个 伟 大 的 战 士 ， 交 上 这 样 的 朋 友 总 是 很 划 算 的 。 
str_comment_intro_noble_sadistic|我 看 你 带 着 面 贵 族 的 旗 子 ， 不 过 我 不 认 得 这 个 徽 标 。 莫 非 你 是 哪 个 该 死 的 浑 身 浮 肿 的 偷 牛 贼 的 {儿 子 /女 儿 }？ 要 么 你 自 己 就 是 个 偷 牛 的 ？ 
str_comment_intro_noble_goodnatured|我 看 你 带 着 面 贵 族 的 旗 子 ， 不 过 我 不 认 得 这 个 徽 标 。 请 原 谅 我 的 孤 陋 寡 闻 ， {先 生 /尊 敬 的 女 士 }。 很 高 兴 认 识 你 。 
str_comment_intro_noble_upstanding|我 看 你 带 着 面 贵 族 的 旗 子 ， 不 过 我 不 认 得 这 个 徽 标 。 无 疑 你 是 来 卡 拉 迪 亚 追 求 财 富 与 荣 耀 的 。 如 果 是 这 样 ， 我 只 请 求 你 对 陷 入 战 火 的 苦 命 人 施 以 仁 慈 吧 。 
str_comment_intro_common_liege|也 许 你 的 出 身 很 平 常 。 但 你 该 知 道 我 一 直 在 寻 找 能 为 我 而 战 的 勇 士 ， 只 要 他 们 能 证 明 值 得 我 信 任 。 
str_comment_intro_common_martial|或 许 你 并 非 贵 族 出 身 ， 但 即 便 是 平 民 ， 只 要 勇 武 过 人 ， 终 有 一 天 也 能 出 人 头 地 。 
str_comment_intro_common_badtempered|有 话 快 说 ， 我 没 时 间 和 你 这 些 唯 利 是 图 的 雇 佣 兵 闲 扯 。 
str_comment_intro_common_pitiless|看 你 一 副 雇 佣 兵 的 样 子 ， 又 是 一 只 想 靠 这 片 土 地 的 灾 难 养 肥 自 己 的 秃 鹫 。 
str_comment_intro_common_cunning|嗯 ， 我 没 听 说 过 你 ， 但 看 你 样 子 ， 说 不 定 是 哪 天 能 成 就 一 番 事 业 的 {伙 计 /姑 娘 }。 
str_comment_intro_common_sadistic|通 常 来 说 ， 敢 不 请 自 来 打 扰 我 的 厚 颜 无 耻 的 无 名 之 辈 ， 我 会 直 接 割 了 他 们 的 喉 咙 。 不 过 大 爷 我 今 天 心 情 不 错 。 
str_comment_intro_common_goodnatured|嗯 ， 你 看 起 来 蛮 像 一 个 好 人 。 
str_comment_intro_common_upstanding|愿 你 平 安 ， 永 远 记 住 ， 以 仁 克 武 ， 以 荣 制 勇 。 
str_comment_intro_female_famous_liege|久 闻 大 名 。 有 些 男 人 也 许 会 惧 怕 精 通 战 术 的 女 人 ， 但 我 不 会 拒 绝 勇 猛 忠 诚 、 能 握 剑 战 斗 的 人 。 
str_comment_intro_female_famous_martial|久 闻 大 名 。 人 们 说 你 的 武 艺 不 亚 于 最 勇 猛 的 男 人 。 或 许 我 们 该 在 竞 技 场 上 ， 或 者 战 场 上 来 较 量 一 下 ， 看 看 谁 更 勇 猛 ！ 
str_comment_intro_female_famous_badtempered|我 听 说 过 你 — — 一 个 会 像 男 人 那 样 战 斗 的 女 子 。 
str_comment_intro_female_famous_pitiless|我 知 道 你 的 名 字 ， 令 人 闻 风 丧 胆 。 很 好 ， 或 许 我 们 该 找 个 时 间 好 好 谈 谈 。 
str_comment_intro_female_famous_cunning|哈 ， 我 们 终 于 见 面 了 。 听 说 你 是 个 值 得 结 交 的 女 人 。 咱 们 以 后 多 多 交 流 。 
str_comment_intro_female_famous_sadistic|我 知 道 你 的 名 字 — — 肯 定 也 有 很 多 悲 伤 的 寡 妇 知 道 它 。 不 过 跟 我 没 关 系 。 
str_comment_intro_female_famous_goodnatured|久 仰 大 名 ！ 终 于 得 见 ， 幸 会 幸 会 。 
str_comment_intro_female_famous_upstanding|我 听 说 过 你 ， 人 们 说 你 是 勇 猛 无 比 的 战 士 。 希 望 你 的 荣 誉 和 仁 慈 ， 配 得 上 你 的 武 勇 。 
str_comment_intro_female_noble_liege|有 志 于 指 挥 男 人 们 战 斗 的 女 性 ， 真 不 多 见 。 但 这 是 一 个 阴 暗 混 乱 的 时 代 ， 就 我 而 言 ， 只 要 持 剑 之 人 勇 猛 忠 诚 ， 我 决 不 会 拒 绝 。 
str_comment_intro_female_noble_martial|我 不 认 得 你 旗 子 上 的 这 个 徽 标 ， 但 是 很 明 显 你 是 个 有 身 份 的 贵 族 小 姐 。 请 把 我 当 作 你 最 卑 微 的 仆 人 。 
str_comment_intro_female_noble_badtempered|我 不 认 得 你 旗 子 上 的 这 个 徽 标 。 一 定 又 是 个 外 乡 人 到 这 里 来 了 ， 带 着 他 们 奇 怪 的 习 惯 。 
str_comment_intro_female_noble_pitiless|我 看 你 带 着 面 贵 族 的 旗 子 ， 不 过 我 不 认 得 这 个 徽 标 … … 你 得 知 道 ， 小 姐 ， 卡 拉 迪 亚 是 男 人 们 驰 骋 厮 杀 的 地 方 ， 若 你 打 算 颠 覆 这 个 自 然 规 律 ， 你 会 看 到 你 漂 亮 的 脑 袋 被 扎 在 枪 上 示 众 — — 就 像 其 他 这 么 做 的 叛 逆 者 一 样 ！ 
str_comment_intro_female_noble_cunning|在 卡 拉 迪 亚 的 战 场 上 ， 女 人 追 求 财 富 这 事 并 非 闻 所 未 闻 ， 但 也 不 常 见 。 我 会 对 你 的 冒 险 历 程 很 感 兴 趣 的 。 
str_comment_intro_female_noble_sadistic|你 似 乎 是 贵 族 身 份 ， 但 是 我 不 认 得 你 的 旗 子 。 显 然 ， 又 是 一 个 来 到 我 们 这 片 土 地 的 外 来 者 — — 毫 无 疑 问 来 自 一 个 因 为 男 人 的 怯 弱 ， 女 人 代 替 他 们 上 战 场 的 地 方 ！ 
str_comment_intro_female_noble_goodnatured|我 看 你 带 着 面 贵 族 的 旗 子 ， 不 过 我 不 认 得 这 个 徽 标 。 请 原 谅 我 的 孤 陋 寡 闻 ， 尊 敬 的 女 士 ！ 很 高 兴 认 识 你 。 
str_comment_intro_female_noble_upstanding|我 们 并 不 是 每 天 都 能 看 到 一 位 女 士 披 挂 上 阵 。 女 士 ， 请 别 误 会 ， 你 完 全 有 权 保 护 自 己 ， 但 我 实 在 无 法 完 全 赞 同 你 上 战 场 作 战 的 决 定 。 我 希 望 女 人 不 要 被 战 争 触 及 ， 因 为 我 相 信 女 性 是 我 们 仅 存 的 那 些 高 雅 和 温 柔 的 保 护 者 。 
str_comment_intro_female_admiring_liege|有 志 于 指 挥 男 人 们 战 斗 的 女 性 ， 并 不 多 见 。 但 这 是 一 个 阴 暗 混 乱 的 时 代 ， 就 我 而 言 ， 只 要 持 剑 之 人 勇 猛 忠 诚 ， 我 决 不 会 拒 绝 。 
str_comment_intro_female_admiring_martial|你 好 ，尊 敬 的 女 士 。 尽 管 我 从 你 的 举 止 看 出 来 你 不 是 一 个 循 规 蹈 矩 的 女 子 ， 但 我 希 望 你 不 会 讨 厌 我 这 个 最 恭 卑 的 仆 人 向 你 表 达 钦 佩 之 情 。 
str_comment_intro_female_badtempered_admiring|嘿 ， 想 想 看 — — 一 个 女 孩 ， 全 副 武 装 准 备 作 战 。 好 吧 ， 这 看 起 来 有 点 怪 ， 不 过 对 于 你 ， 我 会 慢 慢 接 受 的 。 
str_comment_intro_female_pitiless_admiring|一 个 女 人 披 挂 整 齐 地 去 参 战 ， 这 可 不 常 见 。 当 心 点 ， 尊 敬 的 女 士 — — 这 是 一 个 残 酷 的 世 界 ， 看 到 你 这 般 美 貌 被 剑 伤 毁 损 可 是 件 遗 憾 的 事 。 
str_comment_intro_female_cunning_admiring|你 好 ， 尊 敬 的 女 士 。 如 果 我 要 说 一 个 女 人 全 副 武 装 去 打 仗 并 不 常 见 ， 请 别 见 外 。 我 希 望 有 一 天 我 能 成 为 一 个 拥 有 如 此 勇 敢 和 精 神 的 女 儿 的 父 亲 。 
str_comment_intro_female_sadistic_admiring|看 看 我 们 遇 到 了 谁 ！ 一 个 女 人 ， 全 副 武 装 去 打 仗 ！ 嗯 ， 我 敢 说 像 你 这 般 美 丽 的 人 ， 即 便 是 锁 子 铁 甲 穿 在 身 上 也 能 添 上 一 丝 女 性 的 柔 情 。 
str_comment_intro_female_admiring_goodnatured|尊 敬 的 女 士 ， 听 闻 你 的 武 艺 如 你 的 容 貌 一 样 出 众 ， 那 么 你 的 敌 人 确 实 应 该 闻 风 丧 胆 ！ 
str_comment_intro_female_admiring_upstanding|你 好 ， 尊 敬 的 女 士 。 即 使 你 的 衣 服 和 鞍 具 上 满 是 征 尘 ， 我 还 是 可 以 看 出 你 不 乏 贵 族 和 女 性 的 优 雅 。 
str_comment_intro_female_common_liege|有 志 于 指 挥 男 人 们 战 斗 的 女 性 ， 并 不 多 见 。 不 过 ， 这 是 个 黑 暗 和 混 乱 的 时 代 ， 但 这 是 一 个 阴 暗 混 乱 的 时 代 ， 就 我 而 言 ， 只 要 持 剑 之 人 勇 猛 忠 诚 ， 我 决 不 会 拒 绝 。 
str_comment_intro_female_common_martial|我 必 须 告 诉 你 ， 尊 敬 的 女 士 — — 骑 马 巡 游 这 片 危 机 四 伏 的 大 陆 的 时 候 ， 请 务 必 小 心 。 如 果 你 想 过 要 寻 找 一 种 更 … … 嗯 … … 更 安 定 的 生 活 的 话 ， 我 确 信 能 从 我 的 手 下 为 你 找 一 个 称 职 的 丈 夫 。 
str_comment_intro_female_common_badtempered|顺 便 说 一 句 ， 姑 娘 — — 你 丈 夫 知 道 你 偷 拿 了 他 的 武 器 和 盔 甲 么 ？ 我 敢 打 赌 ， 回 到 家 里 你 免 不 了 不 折 不 扣 挨 上 一 顿 痛 打 ！ 
str_comment_intro_female_common_pitiless|这 真 是 个 堕 落 的 时 代 ， 连 女 人 都 当 上 了 土 匪 ， 从 战 争 的 废 墟 中 捡 拾 残 羹 冷 炙 。 
str_comment_intro_female_common_cunning|在 卡 拉 迪 亚 的 战 场 上 ， 女 人 追 求 财 富 这 事 并 非 闻 所 未 闻 ， 但 也 不 常 见 。 我 对 你 的 冒 险 历 程 非 常 感 兴 趣 。 
str_comment_intro_female_common_sadistic|一 个 全 副 武 装 去 打 仗 的 女 人 ！ 好 吧 ， 我 想 你 比 我 手 下 大 部 分 自 称 是 勇 士 的 人 更 像 个 男 人 。 
str_comment_intro_female_common_goodnatured|从 你 的 样 子 看 ， 我 猜 你 能 照 顾 好 自 己 ， 但 女 士 ， 在 外 面 一 定 要 小 心 点 。 
str_comment_intro_female_common_upstanding|我 们 并 不 是 每 天 都 能 看 到 一 位 女 士 披 挂 上 阵 。 女 士 ， 请 别 误 会 ， 你 完 全 有 权 保 护 自 己 ， 但 我 实 在 无 法 完 全 赞 同 你 上 战 场 作 战 的 决 定 。 我 希 望 女 人 不 要 被 战 争 触 及 ， 因 为 我 相 信 女 性 是 我 们 仅 存 的 那 些 高 雅 和 温 柔 的 保 护 者 。 
str_rejoinder_intro_female_common_badtempered|我 这 武 器 是 在 胜 仗 里 赢 来 的 。 要 不 我 拿 你 再 开 开 刃 ？ 
str_rejoinder_intro_female_noble_sadistic|你 可 别 提 我 的 国 家 了 。 在 卡 拉 迪 亚 这 儿 ， 我 看 好 像 是 狗 带 领 男 人 去 打 仗 啊 。 
str_rejoinder_intro_female_common_sadistic|而 你 ， 先 生 ， 还 不 如 我 的 马 有 兽 性 呢 。 
str_rejoinder_intro_female_noble_pitiless|我 会 重 写 这 个 自 然 规 律 ， 所 以 你 现 在 少 说 屁 话 。 
str_rejoinder_intro_female_common_pitiless|当 然 ， 这 是 个 衰 败 的 时 代 ， 连 土 匪 都 敢 自 称 “ 领 主 ”了 。 
str_rejoinder_intro_noble_sadistic|也 许 现 在 我 应 该 夺 了 你 的 旗 帜 ， 你 的 牛 ， 和 你 的 小 命 。 
str_rejoinder_intro_female_pitiless_admiring|我 将 很 乐 意 打 烂 你 漂 亮 的 鼻 子 ， 先 生 。 
str_rejoinder_intro_female_common_upstanding|你 想 试 试 我 的 兵 刃 是 软 是 硬 吗 ？ 
str_rejoinder_intro_female_noble_upstanding|你 想 试 试 我 的 兵 刃 是 软 是 硬 吗 ？ 
str_rejoinder_intro_female_common_martial|我 自 能 找 到 比 这 些 狗 窝 里 的 人 更 杰 出 的 丈 夫 。 
str_rejoinder_intro_female_sadistic_admiring|你 牵 马 具 的 时 候 也 能 倾 注 一 丝 柔 情 不 ？ 估 计 你 也 仅 有 一 丝 柔 情 而 已 。 
str_rejoinder_intro_female_badtempered_admiring|如 果 你 因 为 看 到 我 而 心 神 不 宁 ， 我 很 乐 意 帮 你 挖 掉 你 的 眼 睛 。 
str_comment_you_raided_my_village_enemy_benevolent|你 竟 然 在 我 保 护 下 的 {s51}村 屠 杀 无 辜 的 农 民 。 现 在 ， 你 将 为 你 的 罪 行 遭 到 惩 罚 。 
str_comment_you_raided_my_village_enemy_spiteful|你 掠 夺 了 我 的 {s51}村 ， 毁 我 产 业 杀 我 佃 户 。 我 要 你 血 债 血 偿 ！ 
str_comment_you_raided_my_village_enemy_coldblooded|你 掠 夺 了 我 的 {s51}村 ， 毁 我 产 业 杀 我 佃 户 。 我 会 让 你 以 后 敢 这 样 做 之 前 三 思 。 
str_comment_you_raided_my_village_enemy|你 掠 夺 了 我 的 {s51}村 ， 毁 我 产 业 杀 我 佃 户 。 你 必 须 为 自 己 的 罪 行 付 出 代 价 ！ 
str_comment_you_raided_my_village_unfriendly_spiteful|你 掠 夺 了 我 的 {s51}村 ， 再 敢 这 样 做 ， 我 就 把 你 像 鱼 一 样 开 膛 破 肚 ！ 
str_comment_you_raided_my_village_friendly|你 掠 夺 了 我 的 {s51}村 ， 彻 底 毁 掉 了 我 们 之 间 的 友 谊 。 
str_comment_you_raided_my_village_default|你 掠 夺 了 我 的 {s51}村 ， 如 果 你 再 这 样 ， 我 们 真 的 会 打 起 来 。 
str_comment_you_stole_cattles_from_my_village_enemy_benevolent|我 听 说 你 偷 了 在 我 保 护 下 的 {s51}村 的 无 辜 农 民 的 牛 ， 现 在 是 你 为 你 的 罪 行 付 出 代 价 的 时 候 了 。 
str_comment_you_stole_cattles_from_my_village_enemy_spiteful|我 听 说 你 偷 了 住 在 {s51}的 我 的 村 民 的 牛 ， 偷 走 了 我 村 民 的 财 产 。 你 会 为 这 不 光 荣 的 行 为 付 出 代 价 ！ 
str_comment_you_stole_cattles_from_my_village_enemy_coldblooded|我 听 说 你 偷 了 住 在 {s51}的 我 的 村 民 的 牛 ， 偷 走 了 我 村 民 的 财 产 ， 我 给 你 一 个 机 会 ， 让 你 弥 补 你 再 次 破 坏 我 的 收 入 的 愚 行 ！ 
str_comment_you_stole_cattles_from_my_village_enemy|我 听 说 你 偷 了 住 在 {s51}的 我 的 村 民 的 牛 ， 偷 走 了 我 村 民 的 财 产 ， 现 在 你 将 为 你 可 耻 的 行 为 付 出 代 价 ！ 
str_comment_you_stole_cattles_from_my_village_unfriendly_spiteful|我 听 说 你 偷 了 住 在 {s51}的 我 的 村 民 的 牛 ， 再 敢 这 样 做 ， 我 就 把 你 像 鱼 一 样 开 膛 破 肚 ！ 
str_comment_you_stole_cattles_from_my_village_friendly|我 听 说 你 偷 了 住 在 {s51}的 我 的 村 民 的 牛 ， 这 种 行 为 极 大 的 损 害 了 我 们 的 友 谊 。 
str_comment_you_stole_cattles_from_my_village_default|我 听 说 你 偷 了 住 在 {s51}的 我 的 村 民 的 牛 。 如 果 你 继 续 这 样 ， 我 们 很 快 就 会 打 起 来 。 
str_comment_you_robbed_my_village_enemy_coldblooded|你 在 我 的 {s51}村 庄 抢 夺 我 的 租 户 ， 我 认 为 这 是 对 我 个 人 的 侮 辱 。 
str_comment_you_robbed_my_village_enemy|你 竟 然 在 我 保 护 下 的 {s51}村 庄 屠 杀 无 辜 的 平 民 。 我 会 惩 罚 你 的 罪 行 。 
str_comment_you_robbed_my_village_friendly_spiteful|我 听 说 你 在 我 的 {s51}村 庄 ， 抢 夺 我 租 户 的 口 粮 。 嗯 ， 我 不 会 吝 惜 那 点 东 西 ， 但 记 住 ， 事 后 我 还 得 听 他 们 抱 怨 呢 。 
str_comment_you_robbed_my_village_friendly|我 听 说 你 在 我 的 {s51}村 庄 强 行 征 粮 。 我 相 信 如 果 不 是 急 需 ， 你 不 会 这 样 做 的 。 
str_comment_you_robbed_my_village_default|你 在 我 的 {s51}村 庄 强 行 征 粮 。 如 果 你 再 这 样 ， 我 们 真 的 会 打 起 来 。 
str_comment_you_accosted_my_caravan_enemy|你 竟 然 对 我 保 护 下 的 商 队 下 手 ， 你 的 强 盗 生 涯 很 快 就 会 结 束 了 。 
str_comment_you_accosted_my_caravan_default|你 竟 然 对 我 保 护 下 的 商 队 下 手 ， 这 种 行 为 必 须 停 止 了 。 
str_comment_you_helped_villagers_benevolent|我 听 说 你 在 我 的 {s51}村 庄 行 善 。 作 为 领 主 和 保 护 者 我 却 忽 略 了 自 己 的 责 任 ， 非 常 感 激 你 为 我 做 的 这 些 。 
str_comment_you_helped_villagers_friendly_cruel|我 听 说 你 在 我 的 {s51}村 庄 行 善 。 我 想 你 的 意 图 是 好 的 ， 但 我 希 望 你 不 要 像 那 样 削 弱 我 的 权 威 。 
str_comment_you_helped_villagers_friendly|我 听 说 你 在 我 的 {s51}村 庄 行 善 。 时 世 艰 难 ， 我 知 道 你 是 好 心 ， 所 以 我 不 反 对 你 帮 助 他 们 。 
str_comment_you_helped_villagers_unfriendly_spiteful|我 听 说 你 在 我 的 {s51}村 庄 行 善 。 虽 然 看 你 在 我 的 臣 民 中 讨 好 卖 乖 很 好 笑 ， 但 我 请 你 管 好 自 己 ， 少 管 闲 事 。 
str_comment_you_helped_villagers_cruel|我 听 说 你 在 我 的 {s51}村 庄 行 善 。 作 为 领 主 和 保 护 者 ， 那 些 是 我 的 责 任 。 世 道 艰 难 ， 我 也 认 为 你 的 意 图 是 好 的 ， 但 你 这 样 还 是 在 损 害 我 的 威 信 。 别 管 他 们 ， 谢 谢 。 
str_comment_you_helped_villagers_default|我 听 说 你 在 我 的 {s51}村 庄 行 善 。 世 道 艰 难 ， 我 也 认 为 你 的 意 图 是 好 的 ， 但 别 养 成 这 样 的 习 惯 。 作 为 领 主 和 保 护 者 ， 我 不 想 让 他 们 去 盼 望 一 个 陌 生 人 的 帮 助 。 
str_comment_you_give_castle_in_my_control|你 不 会 后 悔 决 定 把 {s51}封 给 我 。 我 会 替 你 保 护 它 。 
str_comment_you_captured_a_castle_allied_friendly|我 听 说 你 围 攻 并 夺 取 了 {s51}。 那 是 一 项 伟 大 的 功 绩 ， 我 很 骄 傲 能 称 你 为 我 的 朋 友 。 
str_comment_you_captured_a_castle_allied_spiteful|我 听 说 你 围 攻 并 夺 取 了 {s51}。 干 得 好 ！ 很 快 ， 我 们 就 能 掠 夺 他 们 所 有 的 堡 垒 ， 抢 劫 他 们 的 金 库 ， 让 他 们 悲 伤 的 寡 妇 们 给 我 们 斟 酒 ！ 
str_comment_you_captured_a_castle_allied_unfriendly_spiteful|我 听 说 你 围 攻 并 夺 取 了 {s51}。 嗯 ， 俗 话 说 得 好 ， 人 人 都 有 走 狗 屎 运 的 时 候 。 趁 现 在 尽 情 享 受 吧 ， 直 到 比 你 强 的 人 把 你 踢 回 你 该 待 的 寒 冷 之 地 。 
str_comment_you_captured_a_castle_allied_unfriendly|我 听 说 你 围 攻 并 夺 取 了 {s51}。 不 管 我 们 以 前 有 多 少 分 歧 ， 我 还 是 奉 上 我 的 祝 贺 。 
str_comment_you_captured_a_castle_allied|我 听 说 你 围 攻 并 夺 取 了 {s51}。 我 们 把 他 们 打 得 抱 头 鼠 窜 了 ！ 
str_comment_you_captured_my_castle_enemy_spiteful|我 听 说 你 攻 陷 了 我 的 领 地 {s51}。 我 希 望 你 会 喜 欢 那 里 的 地 牢 ， 因 为 在 未 来 的 岁 月 里 ， 你 会 在 那 里 度 过 很 多 时 间 。 
str_comment_you_captured_my_castle_enemy_chivalrous|你 占 领 了 我 的 封 地 {s51}, 希 望 你 能 给 我 机 会 赢 它 回 来 。 
str_comment_you_captured_my_castle_enemy|你 有 些 东 西 是 属 于 我 的 — — {s51}。 我 会 让 你 把 它 还 给 我 。 
str_comment_we_defeated_a_lord_unfriendly_spiteful|我 想 你 会 为 我 们 对 {s54}的 胜 利 干 一 杯 。 省 省 你 的 酒 吧 — — 光 靠 这 可 洗 不 掉 你 的 前 耻 。 
str_comment_we_defeated_a_lord_unfriendly|我 不 会 忘 记 当 初 我 们 如 何 并 肩 作 战 ， 对 抗 {s54}, 但 我 也 不 会 忘 记 那 些 横 在 我 们 之 间 的 过 节 。 
str_comment_we_defeated_a_lord_cruel|{s54}之 战 是 一 场 伟 大 的 胜 利 ， 对 吧 ？ 我 们 把 敌 人 的 部 队 变 成 了 一 场 乌 鸦 的 盛 宴 ！ 
str_comment_we_defeated_a_lord_quarrelsome|我 不 会 忘 记 我 们 是 如 何 攻 破 {s54}的 。 我 很 享 受 那 场 战 斗 。 
str_comment_we_defeated_a_lord_upstanding|我 不 会 忘 记 我 们 对 {s54}的 胜 利 。 让 我 们 再 次 感 谢 上 帝 ， 并 且 祈 祷 我 们 不 会 变 得 太 骄 傲 。 
str_comment_we_defeated_a_lord_default|那 是 一 个 伟 大 的 胜 利 ， 不 是 吗 ？ 和 你 一 起 战 斗 我 感 到 很 荣 幸 。 
str_comment_we_fought_in_siege_unfriendly_spiteful|我 想 你 会 为 我 们 攻 下 {s51}干 一 杯 。 省 省 你 的 酒 吧 — — 光 靠 这 可 洗 不 掉 你 的 前 耻 。 
str_comment_we_fought_in_siege_unfriendly|我 不 会 忘 记 我 们 紧 密 合 作 暴 风 雨 般 的 席 卷 了 {s51}, 不 过 ， 我 也 不 会 忘 记 我 们 之 间 存 在 的 过 节 。 
str_comment_we_fought_in_siege_cruel|我 不 会 忘 记 我 们 是 如 何 攻 破 {s51}的 城 墙 并 让 守 卫 者 都 倒 在 剑 下 的 。 这 是 个 美 好 的 回 忆 。 
str_comment_we_fought_in_siege_quarrelsome|记 得 敌 人 在 我 们 攻 下 {s51}的 城 墙 时 ， 敌 人 的 叫 嚷 声 吗 ？ 他 们 以 为 很 安 全 ！ 我 们 抹 去 了 他 们 脸 上 自 鸣 得 意 的 笑 ！ 
str_comment_we_fought_in_siege_upstanding|我 不 会 忘 记 我 们 攻 占 了 {s51}。 让 我 们 再 次 感 谢 上 帝 ， 并 且 祈 祷 我 们 不 会 变 得 太 骄 傲 。 
str_comment_we_fought_in_siege_default|我 不 会 忘 记 我 们 紧 密 合 作 攻 占 了 {s51}。 和 你 一 起 战 斗 我 感 到 荣 幸 。 
str_comment_we_fought_in_major_battle_unfriendly_spiteful|我 想 你 会 为 我 们 在 {s51}附 近 的 伟 大 胜 利 干 杯 。 不 过 还 是 省 省 你 的 酒 — — 让 我 们 在 你 洗 净 前 耻 之 后 再 喝 吧 。 
str_comment_we_fought_in_major_battle_unfriendly|我 不 会 忘 记 我 们 在 {s51}附 近 的 伟 大 战 役 中 的 紧 密 合 作 ， 省 省 你 的 酒 吧 — — 光 靠 这 可 洗 不 掉 你 的 前 耻 。 
str_comment_we_fought_in_major_battle_cruel|我 不 会 忘 记 在 {s51}附 近 的 伟 大 战 役 ， 我 们 冲 破 敌 人 的 阵 线 ， 他 们 在 我 们 面 前 叫 嚷 着 溃 散 。 这 是 一 个 美 好 的 回 忆 。 
str_comment_we_fought_in_major_battle_quarrelsome|在 {s51}附 近 的 战 斗 很 棒 ， 我 们 把 那 些 混 蛋 打 得 抱 头 鼠 窜 ！ 
str_comment_we_fought_in_major_battle_upstanding|我 不 会 忘 记 在 {s51}附 近 的 伟 大 战 役 中 我 们 并 肩 战 斗 。 让 我 们 再 次 感 谢 上 帝 ， 并 祈 祷 我 们 不 会 变 得 太 骄 傲 。 
str_comment_we_fought_in_major_battle_default|我 不 会 忘 记 在 {s51}附 近 的 伟 大 战 役 中 我 们 并 肩 战 斗 。 和 你 一 起 战 斗 我 感 到 荣 幸 。 
str_comment_you_defeated_a_lord_allied_liege|这 么 说 ， 你 和 那 个 流 氓 {s54}交 锋 并 获 得 了 胜 利 。 我 非 常 高 兴 听 到 这 个 消 息 。 
str_comment_you_defeated_a_lord_allied_unfriendly_spiteful|我 听 说 你 击 败 了 {s54}。 凡 人 皆 有 得 意 日 ， 算 你 走 运 。 
str_comment_you_defeated_a_lord_allied_spiteful|我 听 说 过 你 击 败 了 狗 娘 养 的 {s54}。 啊 ， 我 要 是 能 亲 耳 听 到 他 求 饶 就 好 了 。 
str_comment_you_defeated_a_lord_allied_unfriendly_chivalrous|我 听 说 你 击 败 了 {s54}。 我 希 望 你 没 有 使 用 卑 鄙 的 手 段 。 
str_comment_you_defeated_a_lord_allied|我 听 说 你 击 败 了 {s54}。 我 希 望 你 对 胜 利 感 到 高 兴 。 
str_comment_you_defeated_me_enemy_chivalrous|我 不 会 愤 恨 上 次 你 击 败 了 我 ， 但 我 已 迫 不 及 待 想 再 战 一 场 ！ 
str_comment_you_defeated_me_enemy_spiteful|我 正 期 待 与 你 再 次 见 面 。 你 的 小 诡 计 不 会 再 让 我 上 当 了 ， 我 很 期 待 听 到 你 求 饶 的 声 音 。 
str_comment_you_defeated_me_enemy|{playername}, 上 次 相 遇 你 占 了 上 风 ， 但 我 向 你 保 证 ， 这 种 事 不 会 再 发 生 ！ 
str_comment_i_defeated_you_enemy_spiteful|又 来 找 打 ？ 再 逼 我 动 手 ， 我 会 用 你 的 肠 子 喂 狗 。 
str_comment_i_defeated_you_enemy_chivalrous|是 来 再 次 考 验 自 己 的 勇 气 吗 ， {playername}？ 
str_comment_i_defeated_you_enemy_benevolent|你 又 来 挑 衅 我 ？ 难 道 永 远 学 不 乖 吗 ？ 
str_comment_i_defeated_you_enemy_coldblooded|你 倒 是 执 着 ， 但 只 是 个 麻 烦 。 
str_comment_i_defeated_you_enemy|要 教 训 你 多 少 次 ， 你 才 知 道 离 我 远 点 ？ 
str_comment_we_were_defeated_unfriendly_spiteful|最 后 看 到 你 的 时 候 ， 你 已 经 被 {s54}的 人 打 倒 了 。 我 认 为 你 应 该 对 那 个 灾 难 负 责 。 看 到 你 还 活 着 真 是 太 遗 憾 了 。 
str_comment_we_were_defeated_unfriendly|最 后 看 到 你 的 时 候 ， 你 已 经 被 {s54}的 人 打 倒 了 。 嗯 ， 你 还 活 着 啊 。 
str_comment_we_were_defeated_cruel|最 后 看 到 你 的 时 候 ， 你 已 经 被 {s54}的 人 打 倒 了 。 不 用 担 心 — — 我 们 会 找 到 他 ， 然 后 让 他 被 自 己 的 胜 利 噎 死 。 
str_comment_we_were_defeated_default|最 后 看 到 你 的 时 候 ， 你 已 经 被 {s54}的 人 打 倒 了 。 很 高 兴 看 到 你 还 活 得 好 好 的 。 
str_comment_you_were_defeated_allied_friendly_spiteful|我 听 说 {s54}让 你 吃 了 苦 头 。 不 用 担 心 ， 朋 友 — — 我 会 为 你 找 到 他 ， 并 把 他 的 头 送 给 你 作 礼 物 。 
str_comment_you_were_defeated_allied_unfriendly_cruel|我 听 说 {s54}像 宰 羊 一 样 屠 杀 你 的 士 兵 。 可 你 竟 然 还 活 着 ， 真 让 人 失 望 ！ 
str_comment_you_were_defeated_allied_spiteful|我 听 说 {s54}就 像 蚂 蚁 一 样 踩 在 了 脚 下 。 哈 ！ 小 孩 子 不 应 该 玩 大 人 的 游 戏 ， 小 {伙 子 /姑 娘 }！ 
str_comment_you_were_defeated_allied_pitiless|我 听 说 {s54}打 败 了 你 ， 击 溃 了 你 的 军 队 。 真 让 人 沮 丧 … … 
str_comment_you_were_defeated_allied_unfriendly_upstanding|我 听 说 {s54}打 败 了 你 。 也 许 你 应 该 考 虑 你 是 否 忏 悔 过 自 己 的 罪 过 ， 这 可 能 是 上 天 用 这 种 方 式 来 惩 罚 你 。 
str_comment_you_were_defeated_allied_unfriendly|我 听 说 {s54}打 败 了 你 ， 听 着 ， 你 尽 管 打 ， 别 让 我 们 的 人 死 太 多 ， 行 吗 ？ 
str_comment_you_were_defeated_allied|我 听 说 {s54}打 败 了 你 。 但 是 放 宽 心 — — 很 快 就 要 时 来 运 转 了 ！ 
str_comment_you_helped_my_ally_unfriendly_chivalrous|我 听 说 你 从 一 场 很 危 急 的 战 斗 中 解 救 了 {s54}。 尽 管 我 对 你 别 的 作 为 有 意 见 ， 但 至 少 得 夸 你 这 一 点 。 
str_comment_you_helped_my_ally_liege|我 听 说 你 很 危 急 的 时 候 解 救 了 我 的 下 属 。 
str_comment_you_helped_my_ally_unfriendly_spiteful|我 听 说 你 拍 马 赶 来 救 了 我 们 可 怜 的 {s54}。 难 道 你 把 他 当 成 落 难 的 少 女 了 ？ 无 所 谓 — — 这 是 常 见 误 解 。 
str_comment_you_helped_my_ally_spiteful|我 听 说 你 帮 {s54}免 遭 挫 败 。 在 我 看 来 ， 你 本 该 让 他 吃 点 苦 头 长 长 教 训 。 
str_comment_you_helped_my_ally_chivalrous|我 听 说 你 在 紧 要 关 头 把 {s54}救 了 出 来 。 这 真 是 骑 士 风 度 。 
str_comment_you_helped_my_ally_default|我 听 说 你 在 紧 要 关 头 把 {s54}救 了 出 来 。 干 的 漂 亮 ！ 
str_comment_you_abandoned_us_unfriendly_spiteful|你 这 个 卑 鄙 的 家 伙 ！ 你 让 我 们 单 独 抵 抗 {s54}, 是 不 是 ？ 我 唾 弃 你 。 
str_comment_you_abandoned_us_unfriendly_pitiless|恩 … … 你 在 战 斗 中 把 我 抛 弃 给 {s54}, 是 不 是 ？ 我 会 让 你 埋 进 叛 徒 的 坟 墓 。 
str_comment_you_abandoned_us_spiteful|你 在 和 {s54}的 战 斗 中 消 失 了 … … 我 希 望 你 有 一 个 好 的 解 释 。 难 道 是 吓 得 失 禁 了 ？ 还 是 抖 得 握 不 住 武 器 了 ？ 
str_comment_you_abandoned_us_chivalrous|发 生 什 么 事 了 ？ 你 在 对 {s54}的 战 斗 中 失 踪 了 。 希 望 你 是 负 伤 严 重 无 法 战 斗 ， 因 为 我 耻 于 与 懦 夫 并 肩 作 战 。 
str_comment_you_abandoned_us_benefitofdoubt|发 生 什 么 事 了 ？ 你 在 对 {s54}的 战 斗 中 失 踪 了 。 我 猜 你 一 定 是 负 伤 了 ， 但 这 事 确 实 耐 人 寻 味 。 
str_comment_you_abandoned_us_default|发 生 什 么 事 了 ？ 刚 刚 你 还 和 我 们 一 起 与 {s54}战 斗 ， 一 会 功 夫 就 找 不 到 你 了 ？ 
str_comment_you_ran_from_me_enemy_spiteful|上 次 相 遇 ， 你 像 被 鞭 打 的 狗 一 样 逃 跑 。 现 在 回 来 是 想 朝 我 吠 叫 ， 还 是 求 饶 ？ 
str_comment_you_ran_from_me_enemy_chivalrous|上 次 我 们 遇 到 的 时 候 ， 你 逃 跑 了 ， 学 学 像 绅 士 一 样 不 屈 的 战 斗 ！ 
str_comment_you_ran_from_me_enemy_benevolent|上 次 见 你 逃 跑 ， 我 曾 希 望 不 必 再 与 你 为 敌 。 
str_comment_you_ran_from_me_enemy_coldblooded|上 次 我 们 遇 到 的 时 候 ， 你 逃 跑 了 。 这 是 个 明 智 的 决 定 。 
str_comment_you_ran_from_me_enemy|上 次 我 们 遇 到 的 时 候 你 能 够 逃 走 ， 但 是 下 次 我 怀 疑 你 还 能 那 么 走 运 么 。 
str_comment_you_ran_from_foe_allied_chivalrous|他 们 说 你 从 {s54}那 里 逃 跑 了 ， 丢 下 士 兵 不 顾 。 祈 祷 这 不 是 真 的 ， 因 为 这 等 行 径 是 我 们 全 体 的 耻 辱 。 
str_comment_you_ran_from_foe_allied_upstanding|他 们 说 你 从 {s54}那 里 逃 跑 了 ， 丢 下 士 兵 不 顾 。 我 不 总 是 信 谣 言 ， 也 知 道 绝 境 中 需 要 权 宜 之 计 。 但 求 你 顾 全 名 声 ， 因 为 士 兵 们 若 听 说 我 们 在 战 场 上 抛 弃 同 伴 ， 就 再 也 不 会 为 我 们 而 战 了 。 
str_comment_you_ran_from_foe_allied_spiteful|顺 便 说 一 下 ， 他 们 说 你 从 {s54}那 里 象 受 惊 的 小 兔 子 一 样 逃 走 了 ， 丢 下 你 的 部 下 被 屠 宰 。 那 场 面 肯 定 很 “ 精 彩 ” ！ 
str_comment_you_defeated_my_friend_enemy_pragmatic|你 也 许 可 以 打 败 {s54}, 但 是 你 不 可 能 打 败 我 们 所 有 人 。 
str_comment_you_defeated_my_friend_enemy_chivalrous|我 听 说 你 打 败 了 {s54}, 从 那 时 候 起 他 就 渴 望 与 你 再 次 交 锋 。 
str_comment_you_defeated_my_friend_enemy_spiteful|你 有 点 名 过 其 实 ， {playername}。 {s54}也 许 败 在 你 的 花 招 之 下 ， 但 是 如 果 你 跟 我 打 ， 你 将 发 现 我 是 一 个 更 加 难 对 付 的 对 手 。 
str_comment_you_defeated_my_friend_enemy|听 说 你 打 败 了 {s54}。 但 我 才 是 对 你 武 艺 更 真 实 的 考 验 。 
str_comment_you_captured_a_lord_allied_friendly_spiteful|我 听 说 你 抓 住 {s54}了 。 我 希 望 你 能 从 他 身 上 勒 索 得 一 干 二 净 。 
str_comment_you_captured_a_lord_allied_unfriendly_spiteful|我 听 说 你 抓 住 {s54}了 。 你 的 箱 子 里 现 在 一 定 装 满 了 赎 金 。 但 是 很 可 惜 钱 不 能 使 你 从 一 个 低 贱 的 野 狗 变 成 绅 士 的 ！ 
str_comment_you_captured_a_lord_allied_chivalrous|我 听 说 你 抓 住 {s54}了 。 干 得 不 错 ， 当 然 ， 我 相 信 你 会 按 照 他 的 身 份 礼 遇 他 。 
str_comment_you_captured_a_lord_allied|我 听 说 你 抓 住 {s54}了 。 干 得 不 错 ， 他 的 赎 金 一 定 很 丰 厚 。 
str_comment_you_let_go_a_lord_allied_chivalrous|我 听 说 你 抓 住 {s54}了 ， 但 是 你 把 他 放 走 了 。 如 此 骑 士 风 度 为 我 们 的 事 业 增 光 。 
str_comment_you_let_go_a_lord_allied_upstanding|我 听 说 你 抓 住 {s54}了 ， 但 是 你 把 他 放 走 了 。 很 好 ， 这 是 一 个 光 荣 的 做 法 ， 但 是 同 时 也 可 能 是 一 种 危 险 的 做 法 。 
str_comment_you_let_go_a_lord_allied_coldblooded|我 听 说 你 抓 住 {s54}了 ， 但 是 你 把 他 放 走 了 。 对 你 来 说 ， 这 是 一 件 富 有 骑 士 精 神 的 做 法 ， 但 是 骑 士 精 神 赢 不 了 战 争 。 
str_comment_you_let_go_a_lord_allied_unfriendly_spiteful|我 听 说 你 抓 住 {s54}了 ， 但 是 你 把 他 放 走 了 。 你 是 多 么 富 有 骑 士 精 神 啊 ！ 难 道 他 留 下 的 寡 妇 孤 儿 会 亲 自 来 感 谢 你 ？ 
str_comment_you_let_go_a_lord_allied|我 听 说 你 抓 住 {s54}了 ， 但 是 你 把 他 放 走 了 。 我 不 会 干 涉 你 会 怎 样 处 理 你 自 己 的 俘 虏 。 
str_comment_you_let_me_go_spiteful|上 次 相 遇 你 饶 了 我 ， 希 望 你 当 时 玩 得 开 心 ， 像 猫 戏 弄 老 鼠 一 样 。 因 为 很 快 我 就 会 让 你 任 我 摆 布 ， 要 杀 要 辱 悉 听 尊 便 。 
str_comment_you_let_me_go_enemy_chivalrous|上 次 相 遇 时 ， 你 曾 对 我 网 开 一 面 。 这 等 骑 士 风 度 我 铭 记 在 心 ， 但 我 仍 须 忠 于 对 领 主 的 誓 言 ， 我 们 的 王 国 仍 处 于 战 争 状 态 。 
str_comment_you_let_me_go_enemy_coldblooded|上 次 相 遇 你 饶 我 一 命 ， 但 我 们 依 然 是 敌 人 ， 我 不 能 保 证 会 以 同 样 的 仁 慈 回 报 你 。 
str_comment_you_let_me_go_enemy|上 次 相 遇 你 放 了 我 ， 谢 谢 你 的 宽 容 ， 但 我 们 仍 处 于 战 争 中 。 
str_comment_you_let_me_go_default|我 们 上 次 遇 到 的 时 候 ， 你 对 我 很 仁 慈 ， 并 放 我 走 了 。 而 且 我 很 高 兴 我 们 的 国 家 不 再 交 战 了 。 
str_comment_pledged_allegiance_allied_martial_unfriendly|我 听 说 你 已 经 发 誓 效 忠 我 们 的 国 王 {s54}了 。请 别 以 懦 弱 行 径 玷 污 我 们 的 名 誉 。 
str_comment_pledged_allegiance_allied_martial|我 听 说 你 已 经 发 誓 效 忠 我 们 的 国 王 {s54}了 。 我 一 直 都 想 和 你 并 肩 对 抗 我 们 的 敌 人 。 
str_comment_pledged_allegiance_allied_quarrelsome_unfriendly|我 听 说 你 已 经 发 誓 效 忠 我 们 的 国 王 {s54}了 。 呸 ！ 算 你 识 相 ， 离 我 远 点 。 
str_comment_pledged_allegiance_allied_quarrelsome|我 听 说 你 已 经 发 誓 效 忠 我 们 的 国 王 {s54}了 。 勇 战 敌 人 、 尊 重 上 级 、 别 惹 我 ， 我 们 便 能 和 睦 相 处 。 
str_comment_pledged_allegiance_allied_selfrighteous_unfriendly|我 听 说 你 已 经 发 誓 效 忠 我 们 的 国 王 {s54}了 。 换 作 是 他 ， 我 连 洗 碗 房 都 不 敢 让 你 进 。 
str_comment_pledged_allegiance_allied_selfrighteous|我 听 说 你 已 经 发 誓 效 忠 我 们 的 国 王 {s54}了 。 勇 猛 作 战 自 有 重 赏 ， 若 背 叛 ， 必 让 你 成 为 永 难 忘 记 的 教 训 。 
str_comment_pledged_allegiance_allied_cunning_unfriendly|我 听 说 你 已 经 发 誓 效 忠 我 们 的 国 王 {s54}了 。 我 虽 不 满 他 的 决 定 ， 但 让 你 在 帐 内 撒 野 ， 总 比 在 帐 外 为 敌 好 。 
str_comment_pledged_allegiance_allied_cunning|我 听 说 你 已 经 发 誓 效 忠 我 们 的 国 王 {s54}了 。 太 好 了 ， 很 好 。 乱 世 中 多 一 个 能 手 是 件 美 事 ， 我 会 关 注 你 的 表 现 。 
str_comment_pledged_allegiance_allied_debauched_unfriendly|我 听 说 你 已 经 发 誓 效 忠 我 们 的 国 王 {s54}了 。 不 用 怀 疑 ， 你 很 快 就 会 背 叛 他 ， 我 很 期 待 看 你 以 叛 徒 之 名 死 去 。 
str_comment_pledged_allegiance_allied_debauched|我 听 说 你 已 经 发 誓 效 忠 我 们 的 国 王 {s54}了 。 非 常 棒 … … 我 确 信 你 和 我 将 会 成 为 很 好 的 朋 友 。 但 记 住 ， 如 果 你 出 卖 我 们 ， 这 将 是 你 犯 的 最 大 的 错 误 。 
str_comment_pledged_allegiance_allied_goodnatured_unfriendly|我 听 说 你 已 经 发 誓 效 忠 我 们 的 国 王 {s54}了 。 虽 说 我 本 不 会 信 任 你 ， 但 或 许 该 给 你 一 次 机 会 。 
str_comment_pledged_allegiance_allied_goodnatured|我 听 说 你 已 经 发 誓 效 忠 我 们 的 国 王 {s54}了 。 好 样 {男 儿 /女 子} ！ 我 们 的 领 主 宽 厚 仁 慈 ， 定 会 重 赏 忠 诚 与 勇 武 之 人 。 
str_comment_pledged_allegiance_allied_upstanding_unfriendly|我 听 说 你 已 经 发 誓 效 忠 我 们 的 国 王 {s54}了 。 唉 ， 自 从 我 认 识 你 开 始 ， 我 就 担 心 你 给 我 们 丢 脸 ， 但 是 我 希 望 你 能 证 明 我 是 错 的 。 
str_comment_pledged_allegiance_allied_upstanding|我 听 说 你 已 经 发 誓 效 忠 我 们 的 国 王 {s54}了 。 勇 战 敌 人 时 亦 要 保 持 荣 誉 与 仁 慈 。 在 战 事 中 ， 美 誉 如 同 利 剑 快 马 般 珍 贵 。 
str_comment_our_king_granted_you_a_fief_allied_friendly_cruel|我 听 说 {s54}把 {s51}封 给 你 了 。 记 住 — — 丢 了 皮 鞭 就 是 娇 惯 农 民 ， 不 打 不 成 器 — — 对 农 民 别 手 软 ！ 
str_comment_our_king_granted_you_a_fief_allied_friendly_cynical|我 听 说 {s54}把 {s51}封 给 你 了 。 很 高 兴 看 你 发 迹 — — 但 要 小 心 ， 人 心 如 蛇 蝎 ， 总 妒 忌 邻 人 的 财 富 。 跟 紧 我 ， 我 会 罩 着 你 。 
str_comment_our_king_granted_you_a_fief_allied_friendly|我 听 说 {s54}把 {s51}封 给 你 了 。 愿 你 的 新 领 地 繁 荣 昌 盛 。 
str_comment_our_king_granted_you_a_fief_allied_unfriendly_upstanding|我 听 说 {s54}把 {s51}封 给 你 了 。 但 是 要 记 得 ， 骄 兵 必 败 。 
str_comment_our_king_granted_you_a_fief_allied_unfriendly_spiteful|我 听 说 {s54}把 {s51}封 给 你 了 。 但 我 怀 疑 ， 命 运 抬 举 你 只 是 为 了 更 狠 地 摔 打 你 ， 让 你 跌 回 原 本 的 泥 潭 。 
str_comment_our_king_granted_you_a_fief_allied_spiteful|我 听 说 {s54}把 {s51}封 给 你 了 。 希 望 你 真 的 配 得 上 领 主 的 恩 宠 。 
str_comment_our_king_granted_you_a_fief_allied|我 听 说 {s54}把 {s51}封 给 你 了 。 你 看 起 来 混 得 不 错 嘛 。 
str_comment_you_renounced_your_alliegance_enemy_friendly|我 听 说 你 放 弃 了 对 我 们 国 王 {s51}的 效 忠 。 这 令 我 很 伤 心 ， 因 为 我 们 得 在 战 场 上 兵 戎 相 见 了 。 
str_comment_you_renounced_your_alliegance_friendly|我 听 说 你 放 弃 了 对 我 们 国 王 {s51}的 效 忠 。 让 我 们 祈 祷 我 们 不 要 开 始 互 相 厮 杀 。 
str_comment_you_renounced_your_alliegance_unfriendly_spiteful|我 一 直 觉 得 你 会 背 叛 {s51}, 现 在 果 然 如 此 。 希 望 你 准 备 好 以 叛 徒 的 名 义 死 去 ！ 
str_comment_you_renounced_your_alliegance_unfriendly_moralizing|我 听 说 你 放 弃 了 对 我 们 国 王 {s51}的 效 忠 。 我 不 得 不 把 你 看 作 是 一 个 叛 徒 。 
str_comment_you_renounced_your_alliegance_enemy|我 听 说 你 放 弃 了 对 我 们 国 王 {s51}的 效 忠 。 唉 ， 旧 同 伴 变 敌 人 ， 这 世 界 向 来 如 此 。 
str_comment_you_renounced_your_alliegance_default|我 听 说 你 放 弃 了 对 我 们 国 王 {s51}的 效 忠 。 好 吧 ， 那 是 你 的 选 择 ， 但 是 如 果 我 们 在 战 场 上 相 遇 ， 你 可 别 指 望 我 会 对 你 手 软 。 
str_comment_you_claimed_the_throne_1_player_liege|我 的 线 人 说 ， 王 国 里 有 人 称 你 为 下 一 任 国 王 。 我 相 信 你 会 立 即 制 止 这 等 无 聊 又 危 险 的 言 论 。 
str_comment_you_claimed_the_throne_2_player_liege|我 的 线 人 说 ， 你 的 随 从 向 农 民 宣 称 你 有 王 位 继 承 权 。 恳 请 你 确 认 他 们 并 非 奉 你 的 命 令 行 事 。 
str_comment_lord_intervened_against_me|众 所 周 知 ， 我 与 {s54}不 和 ， 而 {s50}的 裁 决 偏 袒 我 的 对 手 。 
str_comment_i_protested_marshall_appointment|众 所 周 知 ， 我 反 对 {s54}任 命 {s51}为 元 帅 。 
str_comment_i_blamed_defeat|众 所 周 知 ， 我 不 满{s54}对 {s51}的 偏 袒 ， 就 是 因 为 他 ， 我 们 才 在 战 场 上 败 给 了 {s56}。 
str_comment_i_was_entitled_to_fief|众 所 周 知 ， 我 对 {s54}获 得 了 {s51}的 领 地 的 事 情 感 到 失 望 ， 那 里 本 该 是 属 于 我 的 。 
str_comment_i_quarreled_with_troop_over_woman|众 所 周 知 ， {s51}向 {s54}求 婚 了 ， 当 时 我 也 在 追 求 她 。 他 根 本 配 不 上 她 的 青 睐 ， 我 打 算 教 训 教 训 他 ， 让 他 离 {s54}远 点 儿 。 
str_comment_i_quarreled_with_you_over_woman_default|听 说 你 向 {s54}求 婚 了 。 我 不 觉 得 你 配 得 上 像 她 那 样 美 丽 的 女 士 ， 劝 你 还 是 放 弃 追 求 她 吧 。 
str_comment_i_quarreled_with_you_over_woman_derisive|听 说 你 已 经 向 {s54}求 婚 了 。 我 告 诉 你 — — 我 从 小 就 钟 情 于 她 ， 青 梅 竹 马 。 她 在 这 个 王 国 里 ， 生 来 就 拥 有 高 贵 的 血 统 ， 一 个 粗 鲁 的 外 来 佬 的 追 求 只 能 贬 低 她 的 身 份 。 离 她 远 点 儿 ， 否 则 你 会 付 出 代 价 ！ 
str_comment_player_suggestion_succeeded|我 听 从 了 你 的 建 议 ， 这 使 我 受 益 匪 浅 。 
str_comment_player_suggestion_failed|我 听 从 了 你 的 建 议 ， 结 果 遇 上 了 大 麻 烦 ， 我 要 你 承 担 责 任 。 
str_comment_you_enfiefed_a_commoner_hesitant|听 说 你 把 {s51}封 给 了 一 个 自 称 是 {s54}的 平 民 。 请 三 思 而 后 行 。 统 治 之 道 并 非 易 学 ， 或 许 父 传 子 才 是 正 统 。 劝 你 别 破 坏 贵 族 制 度 。 
str_comment_you_enfiefed_a_commoner_derisive|听 说 你 把 {s51}封 给 了 一 个 自 称 是 {s54}的 平 民 。 古 人 没 告 诫 过 我 们 别 用 猪 皮 做 王 袍 吗 ？ 
str_comment_you_enfiefed_a_commoner_nasty|我 知 道 ， 你 把 {s51}封 给 了 那 个 冒 称 {s54}的 平 民 。 小 心 ！ 狗 急 了 会 咬 主 人 ！ 
str_comment_marriage_normal_family|祝 贺 你 跟 我 的 {s11}{s50}结 为 夫 妻 。 现 在 你 是 我 们 家 族 的 一 份 子 了 。 
str_comment_marriage_normal|恭 喜 你 跟 {s50}结 为 夫 妻 。 这 是 你 们 双 方 的 荣 耀 。 
str_comment_marriage_normal_nasty|好 吧 — — 你 跟 {s50}结 婚 了 。 她 一 向 是 个 傻 姑 娘 ， 判 断 力 糟 糕 至 极 。 
str_comment_marriage_elopement_family|嗯 … … 你 竟 说 服 我 的 {s11}{s50}嫁 给 你 了 。 不 知 道 你 使 了 什 么 手 段 让 她 接 受 你 ， 反 正 我 们 的 家 族 绝 不 会 忘 掉 这 桩 婚 姻 带 来 的 耻 辱 。 
str_comment_marriage_elopement_liege|据 说 你 和 {s50}不 顾 她 家 族 的 意 愿 而 私 奔 ， 这 令 我 很 不 愉 快 。 她 的 家 族 是 我 的 王 国 中 最 有 地 位 的 贵 族 之 一 ， 我 绝 不 想 看 到 他 们 被 人 当 成 蠢 货 般 被 人 愚 弄 。 
str_comment_you_broke_truce_as_my_vassal|听 说 你 攻 击 {s55}破 坏 了 我 签 订 的 停 战 协 定 。 你 知 道 人 们 会 怎 么 看 待 我 吗 ？ 若 你 是 奉 我 的 命 令 ， 我 会 显 得 不 讲 信 义 。 如 果 这 是 你 个 人 的 决 定 ， 那 么 我 失 去 了 威 信 。 我 当 下 就 想 以 叛 国 罪 治 你 。 
str_comment_you_attacked_neutral_as_my_vassal|听 说 你 攻 击 了 {s55}。 你 给 了 他 们 进 攻 我 的 借 口 … … 看 着 吧 ， 你 干 的 好 事 ！ 
str_personality_archetypes|君 主 
str_martial|骁 勇 善 战 的 
str_quarrelsome|脾 气 暴 躁 的 
str_selfrighteous|自 负 冷 酷 的 
str_cunning|奸 诈 狡 猾 的 
str_debauched|堕 落 残 暴 的 
str_goodnatured|性 情 温 和 的 
str_upstanding|刚 直 不 阿 的 
str_roguish|市 井 无 赖 的 
str_benevolent|慈 悲 为 怀 的 
str_mercantile|生 财 有 道 的 
str_surrender_demand_default|投 降 或 者 去 死 ！ 
str_surrender_demand_martial|今 日 形 势 对 你 不 利 。 你 可 以 顽 抗 ， 但 现 在 投 降 也 并 不 丢 脸 。 
str_surrender_demand_quarrelsome|你 已 走 投 无 路 。 投 降 ， 否 则 我 会 像 碾 狗 一 样 踏 平 你 。 
str_surrender_demand_pitiless|你 打 不 败 我 ， 若 顽 抗 必 让 你 痛 苦 教 训 。 投 降 ！ 
str_surrender_demand_cunning|你 今 日 实 力 悬 殊 。 放 弃 吧 ， 不 为 自 己 着 想 ， 也 得 为 你 的 部 下 着 想 吧 ！ 
str_surrender_demand_sadistic|投 降 ！ 否 则 把 你 像 鱼 一 样 开 膛 ！ 
str_surrender_demand_goodnatured|我 们 占 尽 优 势 。 投 降 吧 ， 我 保 证 你 会 得 到 宽 待 的 。 
str_surrender_demand_upstanding|你 可 以 和 我 们 死 拼 ， 但 大 批 手 下 会 死 。 既 然 必 败 ， 就 投 降 吧 ， 免 得 两 败 俱 伤 。 
str_surrender_offer_default|停 ！ 我 投 降 ！ 
str_surrender_offer_martial|停 ！ 我 投 降 ！ 
str_surrender_offer_quarrelsome|够 了 ！ 今 天 你 赢 了 ， 你 这 狗 东 西 ！ 啊 ， 真 丢 人 ！ 
str_surrender_offer_pitiless|我 投 降 ！ 你 赢 了 。 今 天 见 鬼 了 ！ 
str_surrender_offer_cunning|我 投 降 ！ 我 向 你 投 降 ！ 
str_surrender_offer_sadistic|我 投 降 ！ 我 投 降 ！ 叫 你 的 走 狗 停 手 吧 ！ 
str_surrender_offer_goodnatured|我 投 降 ！ 祝 贺 你 获 胜 ， {先 生 /夫 人 }！ 
str_surrender_offer_upstanding|我 投 降 ！ 请 予 我 战 俘 的 尊 严 ， 也 为 你 保 留 名 誉 ！ 
str_lord_declines_negotiation_offer_default|也 许 吧 ， 不 过 我 想 跟 你 打 。 
str_lord_declines_negotiation_offer_martial|也 许 吧 ， 但 与 你 决 战 是 我 的 职 责 。 
str_lord_declines_negotiation_offer_quarrelsome|嘿 ！ 我 要 和 你 打 。 
str_lord_declines_negotiation_offer_pitiless|我 何 必 关 心 这 个 呢 ？ 我 想 跟 你 打 。 
str_lord_declines_negotiation_offer_cunning|哈 ， 真 不 幸 ， 你 知 道 吗 ， 我 就 想 跟 你 打 。 
str_lord_declines_negotiation_offer_sadistic|收 好 你 的 舌 头 ！ 很 快 你 就 会 需 要 用 到 它 的 ， 当 你 求 饶 的 时 候 。 
str_lord_declines_negotiation_offer_goodnatured|抱 歉 — — 我 可 不 能 让 你 就 这 么 骑 着 马 溜 了 。 请 别 往 心 里 去 ， 嗯 ？ 
str_lord_declines_negotiation_offer_upstanding|也 许 吧 ， 不 过 出 于 对 国 王 的 义 务 ， 我 必 须 和 你 打 
str_prisoner_released_default|我 很 感 激 你 ， {先 生 /夫 人 }， 我 不 会 忘 记 你 的 恩 情 的 。 
str_prisoner_released_martial|你 确 实 是 一 个 值 得 尊 敬 的 {人 /人 }， {先 生 /夫 人 }。 我 不 会 忘 记 你 的 恩 情 的 。 
str_prisoner_released_quarrelsome|我 自 由 了 ？ 呃 … … 那 ， 再 见 吧 。 
str_prisoner_released_pitiless|谢 谢 你 。 当 你 最 终 被 打 败 的 时 候 ， 我 就 让 你 死 得 痛 快 一 些 。 除 非 … … 除 非 你 投 降 加 入 我 们 … … 暂 别 了 。 
str_prisoner_released_cunning|我 ？ 你 是 一 个 善 良 的 {人 /人 }。 我 以 后 会 想 个 方 法 报 答 你 的 。 
str_prisoner_released_sadistic|我 自 由 了 么 ？ 你 的 残 忍 竟 如 此 “高 雅” ， 宁 愿 看 我 蒙 辱 自 由 ， 也 不 愿 看 我 戴 镣 铐 。 享 受 你 的 胜 利 吧 ！ 
str_prisoner_released_goodnatured|你 确 实 是 一 个 讲 信 义 的 {人 /人 }， {先 生 /夫 人 }。 我 不 会 忘 记 你 的 恩 情 的 。 
str_prisoner_released_upstanding|你 确 实 是 一 个 讲 信 义 的 {人 /人 }， {先 生 /夫 人 }。 我 不 会 忘 记 你 的 恩 情 的 。 
str_enemy_meet_default|你 是 谁 啊 ， 竟 敢 持 兵 戈 与 我 为 敌 ？ 
str_enemy_meet_martial|你 叫 什 么 名 字 {先 生 /夫 人 }？ 如 果 我 们 开 战 了 ， 我 要 知 道 我 是 和 谁 在 打 仗 。 
str_enemy_meet_quarrelsome|你 他 妈 的 是 谁 ？ 
str_enemy_meet_pitiless|你 是 谁 ？ 快 说 ， 好 让 我 知 道 我 杀 的 是 谁 。 
str_enemy_meet_cunning|告 诉 我 你 的 名 字 。 了 解 敌 人 总 是 有 好 处 的 。 
str_enemy_meet_sadistic|你 是 谁 ？ 趁 我 还 没 有 割 掉 你 的 舌 头 之 前 快 点 说 。 
str_enemy_meet_goodnatured|你 叫 什 么 名 字 {先 生 /夫 人 }？ 如 果 我 们 开 战 了 ， 我 要 知 道 我 是 和 谁 在 打 仗 。 
str_enemy_meet_upstanding|你 是 谁 ？ 竟 敢 持 兵 戈 质 疑 我 们 正 义 的 事 业 。 
str_battle_won_default|今 天 ， 你 证 明 了 你 自 己 是 一 个 最 可 靠 的 盟 友 。 
str_battle_won_martial|没 有 什 么 比 在 战 场 上 展 现 个 人 的 勇 武 更 加 有 成 就 感 ！ 
str_battle_won_quarrelsome|啊 哈 ， 我 们 好 好 教 训 了 这 些 混 蛋 了 ， 是 吧 ？ 
str_battle_won_pitiless|我 们 只 要 联 合 起 来 ， 就 能 让 敌 人 闻 风 丧 胆 ！ 
str_battle_won_cunning|现 在 ， 我 们 必 须 乘 胜 追 击 ， 不 让 今 日 流 血 白 费 。 
str_battle_won_sadistic|现 在 让 我 们 剥 光 这 些 尸 体 丢 去 喂 乌 鸦 ， 让 众 人 知 晓 与 我 们 为 敌 的 下 场 。 
str_battle_won_goodnatured|这 一 仗 打 得 不 错 ！ 没 有 什 么 比 打 了 胜 仗 更 加 令 人 高 兴 ， 是 吧 ？ 
str_battle_won_upstanding|现 在 ， 让 我 们 感 谢 上 帝 让 我 们 获 胜 ， 同 时 让 我 们 也 沉 痛 悼 念 那 些 今 天 在 战 场 上 牺 牲 的 战 友 。 
str_battle_won_grudging_default|今 天 ， 你 在 战 场 上 帮 忙 扭 转 了 局 势 。 不 管 我 怎 么 样 看 你 ， 不 过 你 的 勇 武 是 无 可 挑 剔 的 。 
str_battle_won_grudging_martial|{playername},不 论 过 去 错 失 何 般 ， 今 日 你 证 明 了 自 己 是 个 {汉 子 /女 杰 }。 
str_battle_won_grudging_quarrelsome|哼 ， 我 平 常 可 都 不 想 看 到 你 的 那 张 脸 ， 但 是 我 今 天 还 是 得 感 谢 你 的 帮 忙 。 
str_battle_won_grudging_pitiless|你 今 天 的 帮 忙 很 受 用 。 虽 不 认 为 你 是 出 于 善 意 ， 但 是 我 还 是 得 谢 谢 你 。 
str_battle_won_grudging_cunning|在 我 危 难 之 时 你 前 来 助 援 ， 若 不 感 谢 便 是 愚 蠢 。 所 以 … … 我 很 感 激 你 。 
str_battle_won_grudging_sadistic|啊 ！ 多 么 令 人 感 动 啊 ！ {playername}居 然 来 救 我 了 。 
str_battle_won_grudging_goodnatured|{playername}！ 我 不 想 说 过 去 我 们 相 处 得 如 何 ， 但 是 你 今 天 在 战 场 上 的 表 现 不 错 。 非 常 感 谢 你 ！ 
str_battle_won_grudging_upstanding|也 许 过 去 我 对 你 有 些 误 解 。 你 的 到 来 恰 到 好 处 。 我 很 感 激 你 。 
str_battle_won_unfriendly_default|你 来 了 。 罢 了 ， 迟 到 总 比 不 来 强 。 
str_battle_won_unfriendly_martial|以 往 多 有 争 执 ， 但 此 刻 且 让 我 们 尽 情 享 受 胜 利 。 
str_battle_won_unfriendly_quarrelsome|若 你 站 在 那 等 着 我 道 谢 ， 尽 管 等 着 吧 。 其 实 并 不 需 要 你 帮 忙 ， 不 过 你 估 计 也 无 事 可 做 ， 是 吧 ？ 
str_battle_won_unfriendly_pitiless|你 就 像 豺 狼 闻 着 狮 子 的 猎 物 而 来 。 既 然 如 此 ， 自 取 战 利 品 吧 ， 我 懒 得 阻 拦 。 
str_battle_won_unfriendly_cunning|{playername}… … 罢 了 ， 你 的 到 来 倒 也 没 添 乱 ， 虽 然 见 到 你 我 实 在 乐 不 出 来 。 
str_battle_won_unfriendly_sadistic|滚 开 ， 食 腐 的 禽 兽 ！ 这 是 我 个 人 的 胜 利 ， 你 竟 然 想 窃 取 我 的 胜 利 果 实 。 
str_battle_won_unfriendly_goodnatured|哦 ， 是 你 啊 。 好 吧 ， 我 认 为 我 应 该 感 谢 你 的 帮 助 。 
str_battle_won_unfriendly_upstanding|谢 谢 你 前 来 支 援 。 现 在 我 得 走 了 ， 省 得 说 出 让 自 己 后 悔 的 话 。 
str_troop_train_request_default|我 需 要 像 你 这 样 的 人 把 他 们 训 练 得 像 个 样 子 。 
str_troop_train_request_martial|他 们 需 要 有 人 给 他 们 示 范 勇 武 的 真 谛 。 
str_troop_train_request_quarrelsome|又 肥 又 懒 的 杂 种 。 他 们 简 直 让 人 作 呕 
str_troop_train_request_pitiless|他 们 怕 敌 人 胜 过 怕 我 ， 这 可 行 不 通 。 
str_troop_train_request_cunning|但 是 人 就 像 剑 一 样 ， 需 经 火 焰 锻 造 才 能 成 器 。 
str_troop_train_request_sadistic|得 有 铁 血 之 人 用 皮 鞭 抽 打 出 他 们 的 勇 气 ， 要 么 就 让 他 们 在 试 炼 中 战 死 。 
str_troop_train_request_goodnatured|小 伙 子 们 本 性 不 错 ， 但 是 恐 怕 现 在 让 他 们 上 战 场 好 像 太 早 了 。 
str_troop_train_request_upstanding|以 他 们 目 前 的 状 态 ， 带 他 们 上 战 场 无 异 于 谋 杀 。 
str_unprovoked_attack_default|什 么 ？ 为 什 么 你 要 攻 击 我 们 ？ 快 讲 ， 你 这 个 混 蛋 ！ 
str_unprovoked_attack_martial|我 不 反 对 使 用 武 力 解 决 问 题 ， 但 请 告 知 攻 击 我 们 的 理 由 ？ 
str_unprovoked_attack_quarrelsome|你 犯 了 一 个 大 错 误 ， {小 伙 子 /小 姑 娘 }。 你 知 道 你 在 干 什 么 吗 ？ 
str_unprovoked_attack_pitiless|是 吗 ？ 如 果 你 今 天 寻 死 的 话 ， 我 将 很 乐 于 成 全 你 。 但 是 我 很 想 了 解 你 到 底 有 何 目 的 。 
str_unprovoked_attack_cunning|真 的 吗 ？ 我 认 为 你 的 做 法 很 不 明 智 。 你 想 从 中 得 到 什 么 呢 ？ 
str_unprovoked_attack_sadistic|这 算 怎 么 回 事 ？ 你 喜 欢 被 人 挖 眼 吗 ？ 
str_unprovoked_attack_goodnatured|为 什 么 你 要 这 么 做 ？ 我 们 似 乎 没 有 仇 啊 ， {先 生 /夫 人 }。 
str_unprovoked_attack_upstanding|我 认 为 这 是 一 个 无 故 的 袭 击 ， 我 要 向 你 的 国 王 抗 议 。 你 为 什 么 要 这 么 做 ？ 
str_unnecessary_attack_default|若 你 相 逼 ， 我 必 不 会 犹 豫 斩 杀 你 ， 但 是 我 给 你 机 会 ， 你 现 在 就 从 这 里 消 失 。 
str_unnecessary_attack_martial|我 非 常 渴 望 接 受 你 的 挑 战 ， {先 生 /夫 人 }， 然 而 我 还 是 要 给 你 一 分 钟 的 时 候 考 虑 一 下 。 
str_unnecessary_attack_quarrelsome|呸 ！ 今 天 我 没 有 心 情 跟 你 胡 闹 ， 滚 开 。 
str_unnecessary_attack_pitiless|我 今 天 心 存 仁 慈 ， 我 就 装 做 没 有 听 见 你 的 挑 衅 。 
str_unnecessary_attack_cunning|我 不 明 白 与 我 为 敌 你 能 得 到 什 么 好 处 。 也 许 你 应 该 骑 着 马 从 我 面 前 走 开 。 
str_unnecessary_attack_sadistic|我 没 时 间 浪 费 在 你 这 般 鼠 辈 上 ， 滚 开 。 
str_unnecessary_attack_goodnatured|{先 生 /夫 人 }， 不 知 你 挑 衅 能 获 何 益 ， 你 仍 可 骑 马 离 去 。 
str_unnecessary_attack_upstanding|{先 生 /女 士 }若 你 想 决 斗 ， 我 必 奉 陪 ， 但 仍 给 你 退 缩 的 机 会 。 
str_lord_challenged_default|如 你 所 愿 ， 准 备 去 死 吧 ！ 
str_lord_challenged_martial|好 吧 ， 准 备 自 卫 吧 ！ 
str_lord_challenged_quarrelsome|你 ， 放 肆 的 家 伙 ！ 我 要 你 将 你 碎 尸 万 段 ！ 
str_lord_challenged_pitiless|如 果 你 一 心 要 找 死 的 话 ， 那 我 也 只 能 成 全 你 。 
str_lord_challenged_cunning|好 吧 ， 既 然 你 逼 我 无 路 可 退 … … 
str_lord_challenged_sadistic|你 这 个 肮 脏 的 家 伙 ！ 我 会 让 你 希 望 自 己 没 有 出 生 在 这 个 世 界 上 。 
str_lord_challenged_goodnatured|很 好 。 我 本 希 望 我 们 可 以 避 免 战 斗 ， 但 是 我 明 白 那 是 不 可 能 的 了 。 
str_lord_challenged_upstanding|就 这 样 吧 。 你 如 此 执 迷 不 悟 令 我 感 到 悲 哀 。 
str_lord_mission_failed_default|好 吧 ， 我 很 失 望 ， 但 是 我 确 信 你 以 后 会 有 很 多 机 会 去 赎 罪 。 
str_lord_mission_failed_martial|失 败 于 自 愿 接 受 的 任 务 并 无 荣 誉 ， 但 我 接 受 你 的 解 释 。 
str_lord_mission_failed_quarrelsome|你 失 败 了 ？ 呵 ， 我 早 该 知 道 你 这 号 人 靠 不 住 。 
str_lord_mission_failed_pitiless|你 失 败 了 ？ 好 吧 ， 你 让 我 失 望 ， 这 实 在 是 愚 蠢 至 极 。 
str_lord_mission_failed_cunning|好 吧 ， 我 很 失 望 ， 但 谁 也 无 法 保 证 命 运 之 风 永 远 偏 向 自 己 。 
str_lord_mission_failed_sadistic|真 的 吗 ？ 那 些 令 我 失 望 的 人 ， 我 通 常 都 不 会 让 他 们 还 能 活 着 后 悔 的 。 
str_lord_mission_failed_goodnatured|罢 了 ， 本 来 就 机 会 渺 茫 。 谢 谢 你 尽 力 了 。 
str_lord_mission_failed_upstanding|好 吧 ， 我 相 信 你 已 经 全 力 以 赴 。 
str_lord_follow_refusal_default|跟 随 你 ？ 你 忘 了 你 的 身 份 了 吧 ， {先 生 /夫 人 }。 
str_lord_follow_refusal_martial|也 许 有 一 天 你 能 成 为 一 个 勇 敢 且 值 得 尊 敬 的 战 士 ， 那 时 候 我 将 跟 随 你 。 但 是 不 是 今 天 。 
str_lord_follow_refusal_quarrelsome|跟 随 像 你 这 样 的 人 ？ 想 都 别 想 。 
str_lord_follow_refusal_pitiless|像 我 这 般 贵 族 ， 岂 会 追 随 你 等 ， {先 生 /夫 人 }。 
str_lord_follow_refusal_cunning|首 先 你 要 向 我 证 明 一 下 你 不 是 那 种 会 把 我 带 进 灾 难 的 {人 /人 }， 然 后 我 也 许 会 跟 随 你 。 
str_lord_follow_refusal_sadistic|不 行 ！ 相 反 ， 你 得 跟 着 我 ， 就 像 条 被 调 教 的 恶 狗 跟 着 它 主 人 一 样 。 
str_lord_follow_refusal_goodnatured|嗯 ， 我 目 前 事 务 繁 忙 ， 或 许 日 后 再 说 。 
str_lord_follow_refusal_upstanding|你 得 先 证 明 你 是 个 好 的 领 导 者 ， 然 后 我 才 会 跟 着 你 。 
str_lord_insult_default|低 级 混 混 
str_lord_insult_martial|不 光 彩 的 流 氓 
str_lord_insult_quarrelsome|道 德 败 坏 的 杂 种 
str_lord_insult_pitiless|出 身 低 微 的 虫 豸 
str_lord_insult_cunning|粗 心 的 白 痴 
str_lord_insult_sadistic|哭 哭 啼 啼 的 狗 徒 
str_lord_insult_goodnatured|讨 厌 的 家 伙 
str_lord_insult_upstanding|可 耻 的 恶 棍 
str_lord_derogatory_default|卑 鄙 恶 劣 的 
str_lord_derogatory_martial|顽 固 任 性 的 
str_lord_derogatory_quarrelsome|好 斗 离 间 的 
str_lord_derogatory_pitiless|残 忍 暴 虐 的 
str_lord_derogatory_cunning|无 耻 善 谋 的 
str_lord_derogatory_sadistic|邪 恶 卑 污 的 
str_lord_derogatory_goodnatured|无 可 救 药 的 天 真 
str_lord_derogatory_upstanding|冥 顽 不 灵 ， 道 貌 岸 然 的 
str_lord_derogatory_result|带 来 毁 灭 的 
str_lord_derogatory_martial_action|轻 率 攻 敌 ， 草 菅 士 卒 之 命 
str_lord_derogatory_quarrelsome_action|挑 衅 同 僚 ， 致 使 分 裂 软 弱 
str_lord_derogatory_pitiles_action|疏 远 民 众 ， 激 起 叛 乱 谋 反 
str_lord_derogatory_cunning_action|暗 中 通 敌 ， 私 下 妥 协 交 易 
str_lord_derogatory_sadistic_action|玷 污 事 业 ， 辱 没 王 国 名 声 
str_lord_derogatory_goodnatured_action|纵 容 敌 人 ， 不 战 而 示 软 弱 
str_lord_derogatory_upstanding_action|夸 大 荣 誉 ， 置 王 国 利 益 于 不 顾 
str_rebellion_dilemma_martial|{s45}显 然 搞 错 了 。 虽 然 我 向 {s46}宣 誓 ， 但 若 他 是 非 法 篡 夺 王 位 ， 我 便 无 须 效 忠 于 他 。 
str_rebellion_dilemma_quarrelsome|嗯 。 {s46}从 来 没 有 给 我 我 应 得 的 东 西 ， 所 以 我 觉 得 不 欠 他 什 么 。 但 说 不 定 {s45}并 不 比 他 强 ， 至 少 {s46}曾 证 明 过 自 己 。 
str_rebellion_dilemma_pitiless|嗯 。 {s45}说 {reg3?她 :他}是 真 正 的 王 位 继 承 人 。 这 很 好 — — 这 让 我 对 {s46}不 愿 再 忠 诚 。 但 我 仍 需 慎 重 权 衡 决 定 。 
str_rebellion_dilemma_cunning|嗯 。 我 曾 向 {s46}宣 誓 效 忠 ， 但 权 贵 不 像 平 民 般 受 誓 言 束 缚 。 我 们 的 职 责 是 凭 统 治 能 力 维 持 秩 序 ， 避 免 众 人 互 相 攻 伐 。 
str_rebellion_dilemma_sadistic|嗯 。 在 这 个 坏 透 了 的 世 界 ， 一 个 贤 人 必 须 要 为 他 自 己 考 虑 ， 因 为 别 人 可 不 会 。 所 以 — — 我 能 得 到 什 么 ？ 
str_rebellion_dilemma_goodnatured|我 不 知 道 该 说 什 么 。 我 曾 向 {s46}宣 誓 认 可 他 为 法 定 的 统 治 者 ， 但 如 果 他 不 是 法 定 的 统 治 者 ， 我 不 知 道 我 是 否 还 受 誓 言 的 限 制 。 
str_rebellion_dilemma_upstanding|很 棘 手 。 宣 布 我 对 {s46}的 忠 诚 无 效 、 解 除 维 系 王 国 免 遭 混 乱 的 纽 带 ， 是 严 重 的 事 ， 而 解 除 联 盟 会 让 我 们 的 领 地 从 没 落 成 为 无 政 府 状 态 。 我 还 是 保 证 会 支 持 继 承 的 合 法 ， 而 {s45}依 然 对 王 位 拥 有 有 效 的 主 张 。 
str_rebellion_dilemma_2_martial|另 一 方 面 ， {s46}曾 率 领 我 们 经 历 战 争 与 和 平 ， 而 我 讨 厌 背 信 弃 义 。 
str_rebellion_dilemma_2_quarrelsome|那 么 告 诉 我 ， 我 为 什 么 要 对 我 所 认 识 的 {reg3?人 :那 杂 种 }倒 戈 ， 让 我 所 不 认 识 的 {reg3?女 人 :那 杂 种 }获 利 ？ 
str_rebellion_dilemma_2_pitiless|被 问 及 支 持 谁 成 为 {reg3?统 治 者 :国 王 }， 会 让 我 处 于 一 种 非 常 危 险 的 境 地 。 但 这 也 是 机 会 ， 让 我 获 得 应 得 的 回 报 ！ 
str_rebellion_dilemma_2_cunning|{s46}的 地 位 受 到 质 疑 ， 因 此 统 治 力 必 不 及 未 被 质 疑 者 那 样 政 权 稳 定 。 然 而 如 果 {s45}用 武 力 强 取 王 位 ， {reg3?她 :他 }将 不 会 像 那 些 和 平 取 得 王 位 的 人 那 样 强 大 。 
str_rebellion_dilemma_2_sadistic|如 果 我 在 {reg3?她 :他 }还 暗 弱 的 时 候 加 入 {s45}, {reg3?她 :他 }将 让 我 发 一 笔 ， 但 如 果 我 把 你 的 人 头 带 给 {s46}他 将 给 我 更 多 的 回 报 。 
str_rebellion_dilemma_2_goodnatured|{s46}待 我 不 薄 ， 然 而 他 的 确 负 了 {s45}。 我 犹 豫 是 否 放 弃 忠 诚 ， 但 也 不 认 为 应 支 持 不 公 。 
str_rebellion_dilemma_2_upstanding|我 认 为 必 须 做 对 王 国 最 好 的 事 ， 避 免 它 被 内 战 摧 毁 、 造 敌 人 蹂 躏。 
str_political_philosophy_martial|我 的 剑 只 为 合 法 的 国 王 而 挥 ， 前 提 是 他 保 证 尽 到 对 我 的 义 务 。 
str_political_philosophy_quarrelsome|呸 ， 他 们 是 一 群 混 蛋 。 我 只 确 保 伤 害 我 的 人 后 悔 。 
str_political_philosophy_pitiless|人 们 总 是 试 图 骗 取 别 人 应 得 的 东 西 。 在 这 个 毫 无 诚 信 可 言 的 世 界 上 ， 每 个 人 都 要 警 惕 的 看 管 好 属 于 自 己 的 权 利 。 
str_political_philosophy_cunning|这 是 残 酷 的 世 界 ， 我 们 必 须 面 对 残 酷 的 选 择 。 有 时 需 服 务 暴 君 维 和 ， 有 时 叛 乱 能 让 国 王 克 己 。 一 切 取 决 于 时 势 。 
str_political_philosophy_sadistic|我 的 哲 学 很 简 单 ： 宁 为 狼 ， 不 为 羊 。 
str_political_philosophy_goodnatured|你 应 忠 于 诺 言 ， 不 对 他 人 不 公 。 虽 难 兼 顾 ， 但 跟 随 信 任 的 人 ， 便 不 易 错 得 太 远 。 
str_political_philosophy_upstanding|国 王 和 贵 族 的 权 力 应 该 被 用 来 维 护 和 平 ， 避 免 所 有 人 相 互 对 抗 ， 然 而 又 不 能 蒙 蔽 人 民 ， 让 他 们 看 不 到 不 公 正 的 地 方 。 
str_political_philosophy_roguish|嗯 … … 我 觉 得 当 个 领 主 应 该 还 不 错 吧 。 
str_political_philosophy_benefactor|一 个 好 的 统 治 者 ， 懂 得 对 所 有 臣 民 都 公 正 无 私 。 就 我 而 言 ， 会 用 权 力 改 善 领 地 内 人 民 的 处 境 。 
str_political_philosophy_custodian|一 个 好 的 统 治 者 懂 得 创 造 条 件 ， 让 城 市 繁 荣 发 展 ， 人 民 安 居 乐 业 。 就 我 而 言 ， 会 用 财 富 创 造 更 多 财 富 ， 既 利 己 也 利 民 。 
str_rebellion_prior_argument_very_favorable|我 已 听 到 支 持 你 候 选 人 的 论 据 ， 并 倾 向 认 同 。 
str_rebellion_prior_argument_favorable|我 已 听 到 支 持 你 候 选 人 的 论 据 ， 并 倾 向 认 同 。 
str_rebellion_prior_argument_unfavorable|我 已 听 到 支 持 你 候 选 人 的 论 据 ， 但 难 以 信 服 。 
str_rebellion_prior_argument_very_unfavorable|我 已 听 到 支 持 你 候 选 人 的 论 据 ， 但 大 多 不 认 同 。 
str_rebellion_rival_martial|{s49}你 的 盟 友 {s44}曾 经 怀 疑 我 的 荣 耀 与 勇 气 。 我 好 不 容 易 得 到 了 在 战 场 上 和 他 面 对 面 的 机 会 ， 并 让 他 收 回 他 说 的 话 。 
str_rebellion_rival_quarrelsome|{s49}你 在 帮 {s44}工 作 。 他 是 个 狡 猾 的 狐 狸 ， 我 一 点 也 不 相 信 他 。 
str_rebellion_rival_pitiless|{s49}你 似 乎 在 谋 求 {s44}的 帮 助 — — 那 个 人 很 软 弱 ， 并 且 一 点 也 不 适 合 统 治 封 地 ， 我 一 向 憎 恶 他 。 
str_rebellion_rival_cunning|{s49}{s44}, 那 个 人 已 经 加 入 了 你 ， 是 个 刚 愎 好 斗 之 人 ， 简 直 是 个 累 赘 。 
str_rebellion_rival_sadistic|{s49}我 不 想 和 你 的 盟 友 {s44}一 起 作 战 ， 他 伪 善 得 令 人 作 呕 。 
str_rebellion_rival_goodnatured|{s49}我 不 想 勉 强 和 {s44}在 同 一 方 ， 他 残 忍 的 名 声 远 播 。 
str_rebellion_rival_upstanding|{s49}你 的 盟 友 {s44}在 我 看 来 是 个 危 险 ， 不 可 靠 ， 而 且 且 毫 无 原 则 的 人 。 
str_rebellion_argument_favorable|我 尊 重 你 的 一 系 列 意 见 
str_rebellion_argument_neutral|我 认 为 你 的 论 点 缺 乏 说 服 力 
str_rebellion_argument_unfavorable|我 没 有 觉 得 你 的 一 系 列 意 见 吸 引 人 
str_rebellion_persuasion_favorable|你 论 述 得 头 头 是 道 
str_rebellion_persuasion_neutral|你 的 陈 述 有 道 理 
str_rebellion_persuasion_unfavorable|你 的 论 据 难 以 令 人 信 服 
str_rebellion_relation_very_favorable|我 对 你 本 人 极 为 敬 重 。 
str_rebellion_relation_favorable|我 了 解 并 且 敬 重 你 本 人 。 
str_rebellion_relation_neutral|我 对 你 的 了 解 尚 未 达 到 期 望 。 
str_rebellion_relation_unfavorable|我 不 信 任 你 。 
str_and_comma_3|此 外 ， 
str_but_comma_3|可 是 ， 
str_and_comma_1|， 并 且 
str_but_comma_1|， 但 是 
str_and_comma_2|。 而 且 ， 
str_but_comma_2|。 虽 然 如 此 ， 
str_rebellion_agree_martial|我 已 经 决 定 。 我 要 支 持 {s45}作 为 合 法 的 继 承 人 。 
str_rebellion_agree_quarrelsome|呵 ， 想 得 够 久 了 。 我 本 来 就 不 喜 欢 {s46}。 走 ！ 让 我 们 去 夺 走 他 的 王 位 。 
str_rebellion_agree_pitiless|你 很 幸 运 。 我 决 定 加 入 你 。 切 莫 让 我 后 悔 此 举 。 
str_rebellion_agree_cunning|这 是 个 极 险 的 决 定 ， 但 经 过 慎 思 ， 我 决 定 加 入 。 希 望 结 果 如 人 所 愿 。 
str_rebellion_agree_sadistic|我 已 决 定 。 我 将 支 持 你 的 {s45}, 但 你 最 好 确 保 {reg3? 她 :他}给 我 厚 赏 ！ 
str_rebellion_agree_goodnatured|好 吧 。 我 认 为 你 的 人 会 是 个 好 统 治 者 ， 我 加 入 。 
str_rebellion_agree_upstanding|既 然 如 此 。 我 的 首 要 职 责 是 王 国 ， 为 免 其 堕 入 乱 世 ， 我 将 支 持 {s45}并 放 弃 对 {s46}的 忠 诚 。 若 有 过 错 ， 愿 天 神 宽 恕 。 
str_rebellion_refuse_martial|对 不 起 。 {s45}的 声 索 合 理 ， 但 这 不 足 以 令 我 对 {s46}倒 戈 。 我 将 依 然 忠 于 我 的 君 主 。 
str_rebellion_refuse_quarrelsome|不 。 你 拥 护 的 小 鬼 {s45}太 嫩 了 ， 没 有 能 力 管 理 这 片 领 地 。 我 还 是 紧 随 {s46}。 
str_rebellion_refuse_pitiless|不 。 我 不 会 加 入 叛 乱 。 这 不 过 是 {reg3? 她：他}因 未 得 到 心 爱 玩 具 而 发 的 脾 气 。 我 会 继 续 支 持 经 验 证 明 的 {s46}。 
str_rebellion_refuse_cunning|很 遗 憾 。 你 没 有 让 我 相 信 你 能 胜 利 的 理 由 。 战 死 者 众 ， 我 不 想 成 为 其 中 之 一 。 我 将 继 续 支 持 {s46}。
str_rebellion_refuse_sadistic|不 。 我 不 陪 你 玩 把 戏 。 你 妄 图 王 位 ， 但 我 想 你 只 会 快 速 走 向 断 头 台 ， 我 会 站 在 {s46}身 边 目 送 刽 子 手 落 斧 。 
str_rebellion_refuse_goodnatured|很 遗 憾 。 背 叛 {s46}于 心 不 忍 。 若 在 战 场 相 遇 ， 别 见 怪 。 
str_rebellion_refuse_upstanding|很 遗 憾 。 {s45}的 声 索 不 够 充 分 ， 我 不 能 让 王 国 陷 入 内 乱 。 我 将 继 续 支 持 {s46}。 若 有 过 错 ， 愿 天 神 宽 恕 。 
str_talk_later_martial|现 在 不 是 谈 政 治 的 时 候 ！ 我 今 日 率 同 僚 领 主 持 戈 而 来 ， 你 最 好 做 好 战 斗 准 备 。 
str_talk_later_quarrelsome|在 被 领 主 的 军 队 团 团 包 围 着 的 时 候 ， 你 他 妈 的 让 我 和 你 聊 叛 变 ？ 你 是 把 我 当 傻 逼 吗 ？ 
str_talk_later_pitiless|闭 嘴 ！ 此 事 纵 有 千 言 万 语 ， 我 也 不 会 在 大 军 之 中 当 众 言 说 。 
str_talk_later_cunning|此 时 此 地 根 本 不 适 合 讨 论 。 或 许 日 后 另 寻 时 机 地 点 再 谈 ， 但 现 在 我 们 仍 是 敌 人 。 
str_talk_later_sadistic|你 应 该 闭 上 你 的 鸟 嘴 ！ 想 想 若 其 他 封 臣 看 见 我 与 你 谈 叛 逆 ， 会 有 什 么 后 果 吗 ？ 
str_talk_later_goodnatured|你 想 和 我 谈 叛 国 的 事 情 是 吗 ？ 还 是 等 我 们 未 被 我 君 主 的 军 队 包 围 的 时 候 再 谈 吧 ， 我 会 听 你 讲 。 
str_talk_later_upstanding|无 论 我 对 继 承 权 有 何 看 法 ， 此 刻 都 不 会 讨 论 。 若 日 后 私 下 相 见 ， 我 会 听 你 言 说 。 但 现 在 ， 视 我 为 敌 即 可 。 
str_gossip_about_character_default|据 说 {s6}没 有 任 何 引 人 注 目 的 性 格 特 征 。 
str_gossip_about_character_martial|据 说 {s6}酷 爱 战 争 ， 别 无 所 好 。 
str_gossip_about_character_quarrelsome|据 说 {s6}很 快 就 要 和 另 一 个 领 主 开 战 ， 因 为 那 个 人 拿 他 的 鼻 子 开 玩 笑 。 
str_gossip_about_character_selfrighteous|我 听 说 {s6}处 死 了 一 名 随 从 因 为 那 个 不 幸 的 家 伙 在 他 的 猎 场 里 杀 死 了 一 头 鹿 。 
str_gossip_about_character_cunning|据 说 {s6}是 个 狡 猾 的 对 手 。 
str_gossip_about_character_sadistic|据 说 {s6}喜 欢 虐 待 敌 人 。 我 可 不 想 和 他 作 对 。 
str_gossip_about_character_goodnatured|据 说 {s6}为 人 善 良 ， 对 领 地 百 姓 不 错 ， 这 比 多 数 贵 族 强 多 了 。 
str_gossip_about_character_upstanding|人 们 都 说 替 {s6}效 力 很 好 ， 他 对 追 随 者 不 薄 ， 工 作 出 色 者 有 赏 。 
str_latest_rumor|你 听 到 关 于 {s6}的 最 近 一 次 传 闻 是 ： 
str_changed_my_mind_martial|不 过 ， 你 的 滔 滔 雄 辩 让 我 重 新 考 虑 了 我 的 立 场 。 
str_changed_my_mind_quarrelsome|但 你 这 混 蛋 ， 竟 说 动 了 我 ， 我 还 在 听 。 
str_changed_my_mind_pitiless|但 既 然 你 如 此 恳 求 ， 我 便 屈 尊 重 新 考 虑 。 
str_changed_my_mind_cunning|但 你 知 道 ， 你 这 混 蛋 口 才 不 错 ， 打 动 了 我 ， 我 还 在 听 呢 。 
str_changed_my_mind_sadistic|可 你 真 是 巧 舌 如 簧 ， 替 自 己 吹 得 天 花 乱 坠 的 ， 让 我 还 不 能 马 上 拒 绝 你 。 
str_changed_my_mind_goodnatured|但 是 你 说 得 很 好 ， 所 以 我 会 试 着 不 抱 偏 见 。 
str_changed_my_mind_upstanding|不 过 ， 你 的 观 点 很 有 道 理 。 我 听 着 呢 。 
str_swadian_rebellion_pretender_intro|我 是 伊 索 拉 ， 斯 瓦 迪 亚 的 正 统 女 王 。 
str_vaegir_rebellion_pretender_intro|我 叫 瓦 尔 迪 姆 。 有 人 叫 我 “ 私 生 子 ”。 身 为 维 吉 亚 王 子 ， 按 照 一 切 正 理 ， 王 座 应 属 于 我 ， 而 不 是 我 的 堂 兄 弟 亚 罗 格 莱 克 。 
str_khergit_rebellion_pretender_intro|我 是 达 斯 塔 姆 ・ 可 汗 ， 是 贾 纳 基 尔 ・ 可 汗 的 儿 子 ， 也 是 库 吉 特 的 正 统 汗 王 。 
str_nord_rebellion_pretender_intro|我 是 “ 远 行 者 ” 勒 斯 汶 ， 老 哈 克 瑞 姆 之 子 ， 卡 拉 迪 亚 诺 德 人 的 正 统 君 主 。 
str_rhodok_rebellion_pretender_intro|我 是 凯 斯 托 领 主 ， 罗 多 克 的 正 统 国 王 ， 我 将 推 翻 暴 君 ， 带 给 罗 多 克 人 民 自 由 。 
str_sarranid_rebellion_pretender_intro|我 是 阿 尔 瓦 ， 别 人 都 叫 我 “ 珍 珠 之 光 ” ， 萨 兰 德 之 母 ， 也 是 其 正 统 女 王 。 
str_swadian_rebellion_pretender_story_1|我 是 伊 斯 特 瑞 奇 国 王 独 女 。 虽 然 我 是 女 性 ， 虽 为 女 儿 ， 父 王 却 视 我 如 子 ， 多 次 在 王 国 最 高 贵 的 贵 族 面 前 册 封 我 为 继 承 人 ， 以 确 保 无 人 怀 疑 他 的 意 愿 。 斯 瓦 迪 亚 从 无 法 律 禁 止 女 性 统 治 — — 事 实 上 ， 我 们 的 传 说 中 ， 远 古 时 期 便 有 女 战 士 王 后 统 治 我 们 。 
str_vaegir_rebellion_pretender_story_1|在 我 小 时 候 父 亲 就 去 世 了 ， 他 的 兄 弟 布 雷 莱 克 作 为 摄 政 王 照 顾 我 。 这 个 篡 位 者 并 没 有 打 算 将 王 冠 给 我 ， 他 利 用 权 力 诬 陷 我 母 亲 通 奸 ， 同 时 声 称 我 不 是 父 亲 所 生 ， 母 亲 被 以 叛 国 罪 处 决 ， 而 我 被 宣 布 为 私 生 子 。 
str_khergit_rebellion_pretender_story_1|桑 贾 尔 可 汗 和 我 是 老 汗 王 贾 纳 基 尔 同 父 异 母 的 兄 弟 。 我 是 幼 子 ， 但 所 有 认 识 老 汗 王 的 人 都 会 证 明 父 亲 最 器 重 我 ， 并 委 以 治 国 大 任 。 而 桑 贾 尔 却 沉 迷 狩 猎 宴 饮 ， 借 此 笼 络 了 大 部 分 父 亲 手 下 那 些 自 甘 堕 落 的 将 军 。 
str_nord_rebellion_pretender_story_1|我 被 称 为 “ 远 行 者 ” ， 因 为 我 跨 越 万 里 寻 求 知 识 — — 即 便 以 诺 德 人 的 标 准 ， 这 也 算 得 上 远 行 。 成 年 前 ， 父 王 送 我 赴 海 外 宫 廷 和 大 学 求 学 。 若 诺 德 人 自 称 卡 拉 迪 亚 帝 国 的 继 承 者 ， 就 该 有 帝 国 风 范 ， 懂 得 法 律 和 文 化 ， 而 不 是 仅 仅 满 足 于 征 战 、 掠 夺 和 纵 酒 。 
str_rhodok_rebellion_pretender_story_1|罗 多 克 人 是 自 由 之 民 ， 不 是 任 何 世 袭 君 主 的 奴 隶 。 国 王 必 须 从 主 要 的 几 个 贵 族 家 族 中 选 出 ， 由 杰 尔 喀 拉 ， 维 鲁 卡 和 亚 伦 三 城 的 贵 族 代 表 抽 签 组 成 议 会 决 定 。 议 会 在 杰 尔 喀 拉 附 近 的 一 块 平 原 召 开 ， 评 议 期 间 禁 止 一 切 人 携 带 武 器 ， 违 者 处 死 。 
str_sarranid_rebellion_pretender_story_1|我 出 生 于 远 方 贫 寒 之 家 ， 幼 年 被 卖 为 奴 — — 但 这 没 什 么 好 羞 愧 的 ， 因 为 许 多 苏 丹 的 母 亲 曾 是 奴 隶 。 老 苏 丹 艾 扎 尔 在 市 场 中 发 现 了 我 ， 为 我 的 美 貌 倾 倒 。 我 就 此 被 收 入 宫 中 ， 而 后 他 逐 渐 发 现 并 看 重 我 的 才 智 。 随 着 他 年 事 渐 高 ， 他 竟 让 我 代 行 统 治 。 一 开 始 我 还 只 是 管 理 宫 廷 事 务 ， 后 来 开 始 处 理 王 国 大 政 。 
str_swadian_rebellion_pretender_story_2|当 父 亲 驾 崩 后 ， 他 的 表 亲 哈 劳 斯 说 服 贵 族 ， 声 称 “ 任 何 神 志 清 醒 的 斯 瓦 迪 亚 国 王 都 不 会 立 女 子 为 继 承 人 ” 。 哈 劳 斯 称 父 王 册 封 我 的 行 为 是 疯 癫 之 举 ， 没 有 法 律 效 力 ， 而 他 作 为 父 王 最 近 的 男 性 亲 属 ， 应 当 继 承 王 座 。 
str_vaegir_rebellion_pretender_story_2|一 位 忠 仆 将 我 偷 运 出 国 ， 现 在 我 已 成 年 ， 归 来 夺 回 属 于 我 的 一 切 。 布 雷 莱 克 在 他 背 叛 不 久 后 就 死 了 ， 无 疑 是 天 谴 ！ 他 的 儿 子 亚 罗 格 莱 克 现 在 自 封 为 国 王 ， 但 他 的 声 明 充 满 了 恶 臭 ， 他 和 他 父 亲 一 样 是 篡 位 者 ， 而 我 将 推 翻 他 的 统 治 。 
str_khergit_rebellion_pretender_story_2|按 照 库 吉 特 习 俗 ， 男 人 去 世 后 ， 畜 群 由 所 有 儿 子 平 分 ， 汗 国 亦 是 如 此 。 听 闻 父 王 去 世 时 ， 我 正 在 边 疆 巡 视 ， 便 急 返 图 尔 加 ， 准 备 给 桑 贾 尔 应 得 之 份 ， 与 他 共 治 汗 国 。 但 当 我 到 达 时 ， 我 得 知 他 已 经 带 领 支 持 者 冲 进 了 宫 廷 ， 宣 称 他 为 唯 一 的 汗 王 。 
str_nord_rebellion_pretender_story_2|然 而 父 王 在 我 求 学 未 成 时 去 世 ， 我 急 返 国 继 位 ， 船 只 却 毁 于 风 暴 。 父 亲 手 下 一 个 叫 拉 格 纳 的 领 主 抓 住 了 这 个 机 会 ， 传 播 我 客 死 海 外 的 谣 言 。 他 召 集 党 羽 自 立 为 王 ， 在 过 去 几 年 时 间 不 断 强 化 自 己 的 权 力 。 
str_rhodok_rebellion_pretender_story_2|在 最 后 的 选 举 中 有 两 个 候 选 人 ， 我 和 葛 瑞 福 斯 领 主 。 在 议 会 评 议 时 ， 葛 瑞 福 斯 手 持 武 器 闯 了 进 来 ， 声 称 斯 瓦 迪 亚 劫 掠 者 即 将 袭 来 — — 说 来 也 巧 ， 这 竟 是 真 的 — — 并 威 胁 若 不 选 他 为 王 ， 便 让 议 会 自 生 自 灭 。 
str_sarranid_rebellion_pretender_story_2|当 艾 扎 尔 苏 丹 去 世 之 后 ， 貌 似 国 内 的 酋 长 们 都 支 持 我 继 承 王 位 ， 如 此 就 可 以 免 除 内 战 的 风 险 。 不 过 他 们 坚 持 我 必 须 下 嫁 他 们 中 的 一 个 ， 拜 巴 克 酋 长 。 酋 长 们 随 后 联 合 起 来 向 我 们 宣 誓 效 忠 — — 拜 巴 克 掌 握 军 权 ， 我 则 成 为 国 母 。 在 我 们 携 手 共 治 的 那 段 时 间 里 ， 我 们 的 国 度 欣 欣 向 荣 。 
str_swadian_rebellion_pretender_story_3|我 承 认 ， 咒 骂 哈 劳 斯 及 其 追 随 者 为 叛 徒 于 事 无 补 ， 但 我 坚 信 判 决 偏 向 他 的 长 官 定 是 收 了 贿 赂 。 无 妨 — — 我 将 组 建 一 支 忠 诚 之 师 ， 他 们 会 铭 记 老 国 王 的 遗 志 。 若 有 人 怀 疑 女 子 无 力 掌 权 ， 我 必 夺 下 哈 劳 斯 的 不 义 王 冠 ， 让 他 们 哑 口 无 言 。 
str_vaegir_rebellion_pretender_story_3|我 将 忍 受 “ 私 生 子 ” 的 污 名 ， 直 到 在 所 有 维 基 亚 人 面 前 恢 复 我 权 力 ， 以 此 提 醒 自 己 必 须 坚 持 下 去 。 
str_khergit_rebellion_pretender_story_3|我 的 兄 弟 认 为 库 吉 特 人 只 会 听 命 于 强 者 ： 一 个 想 要 什 么 就 能 强 取 什 么 的 领 袖 。 但 是 我 想 他 曲 解 了 族 人 的 精 神 — — 我 们 钦 佩 果 断 的 领 袖 ， 但 更 崇 拜 公 正 的 领 袖 ， 我 们 懂 得 ， 不 尊 重 兄 弟 权 利 的 人 ， 必 然 不 会 尊 重 追 随 者 的 权 利 。 
str_nord_rebellion_pretender_story_3|所 以 我 仍 流 亡 于 外 — — 但 现 在 我 寻 求 的 不 再 是 远 方 贤 者 的 智 慧 ， 而 是 能 随 我 回 诺 德 故 土 夺 回 王 座 的 战 士 。 如 果 拉 格 纳 怀 疑 我 统 治 能 力 ， 就 让 他 当 面 说 清 ， 我 们 可 以 盾 沿 相 对 ， 直 视 彼 此 。 因 为 战 士 可 为 学 者 ， 学 者 亦 可 为 战 士 ， 在 我 看 来 ， 二 者 兼 备 之 人 方 可 为 王 ！ 
str_rhodok_rebellion_pretender_story_3|葛 瑞 福 斯 打 败 了 斯 瓦 迪 亚 人 ， 作 为 一 个 罗 多 克 人 ， 我 很 高 兴 。 等 我 登 基 ， 我 会 亲 手 为 他 戴 上 胜 利 花 环 ， 但 随 后 便 要 让 他 身 首 异 处 ， 作 为 他 背 叛 罗 多 克 联 邦 和 神 圣 法 规 的 代 价 。 
str_sarranid_rebellion_pretender_story_3|但 不 幸 的 是 ，拜 巴 克 很 快 在 一 场 和 库 吉 特 人 的 遭 遇 战 中 阵 亡 。 本 来 在 我 知 晓 这 个 噩 耗 的 同 时 ， 我 就 可 以 准 备 好 抵 御 一 切 可 能 的 背 叛 。 可 惜 ， 我 丈 夫 那 不 怀 好 意 的 侄 子 哈 基 姆 带 着 身 沾 战 尘 的 士 兵 马 不 停 蹄 地 前 来 逼 宫 ， 用 剑 逼 我 流 亡 ， 自 封 苏 丹 。 既 然 如 此 — — 我 必 然 集 结 起 一 支 我 自 己 的 军 队 ， 以 报 答 他 的 “ 好 意 ”。 
str_swadian_rebellion_monarch_response_1|伊 索 拉 认 为 她 应 该 是 斯 瓦 迪 亚 的 国 王 ？ 伊 斯 特 瑞 奇 国 王 心 善 ， 宠 爱 女 儿 ， 但 心 善 而 无 谋 的 国 王 ， 对 民 众 而 言 反 是 灾 难 。 伊 索 拉 也 许 告 诉 你 什 么 古 代 女 战 士 王 后 的 传 说 ， 但 你 不 妨 记 住 ， 所 有 的 传 说 都 只 有 一 种 结 局 — — 斯 瓦 迪 亚 人 被 卡 拉 德 帝 国 的 军 队 蹂 躏 ， 碾 为 尘 埃 。 
str_vaegir_rebellion_monarch_response_1|若 瓦 尔 德 姆 平 静 归 顺 ， 我 必 赐 他 荣 誉 头 衔 ， 让 他 成 为 最 伟 大 的 封 臣 。 但 他 既 然 兴 兵 作 乱 ， 我 定 要 用 铁 链 拖 他 至 前 ， 逼 他 承 认 我 的 王 权 ， 再 割 下 他 的 舌 头 ， 让 他 永 远 无 法 翻 悔 。 
str_khergit_rebellion_monarch_response_1|我 的 兄 弟 达 斯 塔 姆 也 许 告 诉 过 你 他 那 套 将 汗 国 分 割 的 主 张 ， 他 以 为 这 是 羊 群 ？ 但 你 记 住 ： 自 库 吉 特 人 立 足 此 地 以 来 ， 每 任 可 汗 死 后 必 然 如 此 — — 国 土 分 裂 ， 子 嗣 相 争 ， 最 终 强 者 通 吃 。 我 只 是 有 远 见 ， 提 前 避 免 了 内 战 而 已 。 
str_nord_rebellion_monarch_response_1|“远 行 者 ” 勒 斯 汶 ？ “ 纸 上 谈 兵 ” 勒 斯 汶 还 差 不 多 。 你 或 许 听 说 过 ： “ 幼 主 治 国 ， 国 之 哀 也 。 ” 让 学 生 当 国 王 ， 同 样 可 悲 。 你 难 道 想 让 诺 德 人 服 从 一 个 面 无 胡 须 的 青 年 ？ 他 的 手 上 没 有 剑 茧 ， 从 未 站 过 盾 墙 ！ 若 勒 斯 汶 为 王 ， 领 主 们 当 面 就 会 耻 笑 他 ！ 
str_rhodok_rebellion_monarch_response_1|毫 无 疑 问 ， 凯 斯 托 领 主 告 诉 了 你 一 些 事 ， 比 如 我 干 扰 了 国 王 选 举 ， 破 坏 了 神 圣 的 罗 多 克 法 规 之 类 。 但 你 听 好 ： 城 镇 贵 族 总 是 对 古 老 自 由 高 谈 阔 论 ， 却 把 王 位 交 给 最 近 陪 他 们 在 别 墅 饮 酒 、 答 应 免 除 税 赋 的 贵 族 ！ 
str_sarranid_rebellion_monarch_response_1|我 们 的 学 者 早 已 达 成 共 识 ： 政 治 的 最 高 原 则 ， 是 民 众 服 从 统 治 者 ， 因 为 暴 政 胜 过 内 战 。 正 因 如 此 ， 我 曾 向 拜 巴 克 和 阿 尔 瓦 效 忠 ， 承 认 他 们 的 共 治 权 威 。 
str_swadian_rebellion_monarch_response_2|那 些 为 斯 瓦 迪 亚 公 主 失 去 王 位 而 流 泪 的 人 ， 更 应 想 想 被 维 吉 亚 劫 掠 者 抓 去 卖 作 奴 隶 的 牧 场 女 工 的 命 运 。 等 好 战 的 邻 邦 被 击 败 ， 国 土 安 宁 之 时 ， 再 来 跟 我 谈 女 王 和 古 老 传 说 吧 。 
str_vaegir_rebellion_monarch_response_2|父 王 为 夺 王 位 做 过 什 么 无 关 紧 要 ， 现 在 我 继 承 了 王 位 就 足 够 了 。 如 果 所 有 过 去 的 事 都 要 翻 出 来 ， 每 个 人 的 继 承 权 随 时 被 质 疑 ， 王 权 制 度 将 荡 然 无 存 ， 我 们 必 将 永 陷 内 战 。 
str_khergit_rebellion_monarch_response_2|达 斯 塔 姆 可 以 当 一 个 很 不 错 的 牧 群 推 事 ， 也 可 以 当 一 个 土 地 纠 纷 的 仲 裁 者 ， 但 你 能 想 象 这 样 的 人 能 成 为 一 个 汗 王 ？ 照 他 那 样 ， 我 们 只 会 被 邻 国 攻 占 土 地 ， 回 到 以 前 在 草 原 上 受 冻 挨 饿 的 日 子 。 
str_nord_rebellion_monarch_response_2|老 哈 克 瑞 姆 或 许 对 王 位 继 承 有 奇 思 妙 想 ， 但 诺 德 国 王 不 仅 靠 血 统 。 我 由 领 主 们 拥 戴 而 立 ， 凭 借 强 大 实 力 登 基 。 这 比 血 统 更 重 要 ， 敢 有 异 议 者 ， 必 遭 厄 运 。 
str_rhodok_rebellion_monarch_response_2|他 们 关 心 的 唯 一 自 由 ， 是 让 自 己 发 财 致 富 的 自 由 。 而 我 的 士 兵 睡 在 草 原 ， 吃 着 干 粮 咸 鱼 ， 凝 视 着 远 方 燃 烧 的 村 庄 ， 为 保 护 商 路 流 血 牺 牲 。 我 这 么 想 — — 若 遇 到 被 库 吉 特 箭 伤 、 斯 瓦 迪 亚 剑 伤 弄 得 一 瘸 一 拐 的 商 人 ， 那 才 是 值 得 听 取 意 见 的 人 。 
str_sarranid_rebellion_monarch_response_2|不 过 你 应 当 明 白 ，阿 尔 瓦 之 所 以 成 为 拜 巴 克 的 共 治 者 ， 并 不 是 因 为 她 的 智 慧 或 是 对 公 正 的 热 爱 。 不 ， 只 因 她 是 妖 妇 ， 她 能 够 把 像 艾 扎 尔 和 拜 巴 克 这 样 的 男 人 变 成 结 巴 傻 瓜 。无 妨 — — 我 曾 忠 于 誓 言 ， 承 认 她 的 篡 位 ， 直 到 她 的 傀 儡 死 亡 让 这 一 切 失 效 。 现 在 ， 她 必 须 承 认 我 的 王 权 。 
str_courtship_comment_conventional_generic|是 非 常 有 教 养 一 类 的 
str_courtship_comment_adventurous_generic|似 乎 是 足 够 得 体 的 
str_courtship_comment_otherworldly_generic|是 最 文 雅 和 殷 勤 的 
str_courtship_comment_ambitious_generic|缺 乏 进 取 之 心 — — 但 或 可 改 之 
str_courtship_comment_moralist_generic|似 乎 是 品 德 端 正 之 人 
str_feast_description|缺 乏 的 
str_feast_description_2|不 足 的 
str_feast_description_3|刚 刚 够 的 
str_feast_description_4|充 足 的 
str_feast_description_5|丰 盛 的 
str_feast_description_6|奢 侈 的 
str_feast_lengthy_description_1|你 提 供 的 食 物 还 不 够 你 的 客 人 和 他 们 的 随 从 吃 的 ， 这 迫 使 他 们 到 附 近 的 乡 镇 以 极 其 高 昂 的 价 格 采 购 食 物 。 与 会 者 普 遍 认 为 你 未 尽 东 道 主 之 责 ， 既 降 低 了 他 们 对 你 的 信 任 ， 也 损 害 了 你 的 声 誉 。 
str_feast_lengthy_description_2|你 提 供 的 饮 食 最 终 耗 尽 了 ， 这 迫 使 一 部 分 客 人 从 过 往 小 贩 那 里 购 买 食 物 ， 或 者 早 早 的 把 一 部 分 他 们 的 随 从 打 发 回 家 。 他 们 好 心 地 把 这 短 缺 归 咎 于 规 划 欠 佳 而 不 是 你 的 吝 啬 ， 但 不 管 怎 么 说 ， 这 对 你 的 名 声 不 好 。 
str_feast_lengthy_description_3|你 提 供 的 饮 食 足 够 你 那 些 贵 族 朋 友 们 享 用 ， 虽 然 他 们 随 从 中 的 一 部 分 平 民 却 忍 饥 挨 饿 。 你 至 少 证 明 了 自 己 明 白 贵 族 的 社 会 责 任 ， 声 誉 正 在 建 立 。 
str_feast_lengthy_description_4|你 提 供 了 足 够 的 饮 食 ， 而 且 品 种 丰 富 ， 足 以 为 自 己 赢 得 赞 誉 。 美 食 ， 佳 酿 ， 还 有 席 间 的 欢 笑 都 让 你 的 宾 客 们 开 始 放 松 下 来 ， 他 们 敞 开 心 扉 ， 坦 言 王 国 大 事 ， 并 且 对 你 信 任 有 加 。 
str_feast_lengthy_description_5|你 提 供 了 足 够 你 的 贵 族 客 人 和 他 们 随 从 享 用 的 饮 食 ， 剩 下 的 食 物 都 被 分 给 了 穷 人 。 你 的 客 人 们 对 你 的 慷 慨 ， 还 有 你 对 自 己 社 会 地 位 所 应 当 承 担 的 责 任 如 此 明 了 而 赞 不 绝 口 。 饮 宴 之 间 ， 谈 话 渐 入 佳 境 ， 气 氛 愉 悦 ， 拉 近 了 你 与 所 有 在 座 宾 客 之 间 的 距 离 。 
str_feast_lengthy_description_6|在 接 下 来 的 几 个 月 中 ， 你 宴 会 的 盛 大 都 将 会 是 整 个 王 国 的 话 题 ， 它 必 将 成 为 所 有 宴 会 追 求 的 典 范 。 你 不 仅 让 你 的 贵 族 客 人 和 他 们 的 随 从 们 饱 餐 一 顿 ， 连 聚 集 在 城 门 外 的 穷 人 也 得 以 果 腹 。 
str_kingdom_1_adjective|斯 瓦 迪 亚 
str_kingdom_2_adjective|维 基 亚 
str_kingdom_3_adjective|库 吉 特 
str_kingdom_4_adjective|诺 德 
str_kingdom_5_adjective|罗 多 克 
str_kingdom_6_adjective|萨 兰 德 
str_credits_1|Mount&Blade:骑 马 与 砍 杀 ： 战 团 版 权 所 有 2008-2010 Taleworlds Entertainment 
str_credits_2|游 戏 设 计 :^Armagan Yavuz^Steve Negus^Cem Cimenbicer 
str_credits_3|编 程 :^Armagan Yavuz^Cem Cimenbicer^Serdar Kocdemir^Ozan Gumus 
str_credits_4|动 画 艺 术 家 :^Ozgur Saral^Mustafa Ozturk^Pinar Cekic^Ozan Unlu^Yigit Savtur^Umit Singil 
str_credits_5|概 念 艺 术 家 :^Ganbat Badamkhand 
str_credits_6|剧 本 :^Steve Negus^Armagan Yavuz^Ryan A. Span 
str_credits_7|原 创 音 乐 :^Jesse Hopkins 
str_credits_8|配 音 演 员 :^Tassilo Egloffstein 
str_credits_9|教 程 撰 写 :^Steve Negus^Armagan Yavuz^Edward Spoerl^^^马 匹 动 作 捕 捉 动 画 提 供 :^Richard Widgery & Kinetic Impulse^^^物 理 引 擎 :^Havok^^^声 音 与 音 乐 程 序 库 :^FMODex Sound System by Firelight Technologies^^^天 空 盒 纹 理 :^Jay Weston^^^中 文 翻 译 :^Hetairoi; Gaodatailang; silentjealousy; Ginn; fallout13; James; D.Kaede; Kan2; alixyang; muyiboy^( 2025年 个 人 重 译 ) VincentsPalette;^^^TaleWorlds 传 播 总 监 :^Ali Erkin ^^^TaleWorlds 论 坛 编 程 :^Brett Flannigan ^^^TaleWorlds.com 论 坛 管 理 员 及 版 主 :^Janus^Archonsod^Narcissus^Nairagorn^Lost Lamb^Deus Ex^Merentha^Volkier^Instag0^Ativan^ego^Guspav^Hallequin^Invictus^okiN^Raz^rejenorst^Skyrage^ThVaz^^^骑 马 与 砍 杀 社 区 建 议 与 反 馈 :^A Mustang^adamlug^Adorno^alden^Alhanalem^amade^Anthallas^Alkhadias Master^Arch3r^Archevious^Arcas Nebun^Arcon^Arcturus^ares007^Arjihad^BadabombadaBang^Badun^BaronAsh^Berserker Pride^bgfan^bierdopjeee^Big Mac^Binboy^blink180heights^BlodsHammar^Bloid^Brandon^Brego^chenjielian^cifre^COGlory^Corinthian Hoplite^Crazed Rabbit^CryptoCactus^CtrlAltDe1337^Cuther^Da-V-Man^dimitrischris^dstemmer^EasyCo506^Egbert^ethneldryt^eudaimondaimon^Faranox^Fawzia dokhtar-i-Sanjar^Fei Dao^Gabeed^GeN76^General Hospital^GhosTR^glustrod^guspav^Halcyon^Harn^Hethwill^Highelfwarrior^HULKSMASH^Iberon^ignoble^Jack Merchantson^JoG^Jov^Kazzan^King Jonathan the Great^Kleidophoros^knight^Kong Burger^Kristiania^l3asu^Larkraxm^Leandro1021DX^lighthaze^Llew2^Lord Rich^lordum ediz^Lucke189^Mabons^MacPharlan^Madnes5^MagicMaster^Makh^ManiK^Manitas^Marin Peace Bringer^Martinet^MAXHARDMAN^Merlkir^miguel8500^Mithras^Moddan^Nate^Nemeo^Nite/m4re^noobalicous^Nord Champion^okiN^Orion^OTuphlos^Papa Lazarou^Phallas^Plazek^Prcin^PSYCHO78^PsykoOps^Reapy^Red River^Rhizobium^Riggea^Rongar^Ros^sadnhappy^Sarejo^ScientiaExcelsa^Scorch!^Seawied86^sebal87^shikamaru 1993^Shun^silentdawn^Sir Gowe^Skyrage^Slawomir of Aaarrghh^SoloSebo^SovietSoldier^Stabbing Hobo^Stratigos001^Styo^TalonAquila^test^The Yogi^Thundertrod^Thyr^Tim^Titanshoe^tmos^Toffey^Tonttu^Trenalok^Tronde^UberWiggett^Urist^Ursca^urtzi^Vermin^Viajero^Vincenzo^Vulkan^Warcat92^Welcome To Hell^Wheem^Wu-long^Yellonet^Yobbo^Yoshi Murasaki^Yoshiboy^Zyconnic^^^特 别 感 谢 Toby Lee 对 战 斗 系 统 提 出 的 构 想 和 深 入 反 馈 。^… 以 及 无 数 优 秀 的 骑 马 与 砍 杀 玩 家 ！^^(以 上 仅 是 众 多 提 供 建 议 和 反 馈 的 玩 家 中 的 一 小 部 分 。^此 列 表 仅 抽 取 了 Taleworlds 论 坛 中 的 少 量 帖 子 编 制 而 成 。^遗 憾 的 是 ， 编 制 一 份 完 整 列 表 几 乎 不 可 能 。^如 果 您 曾 提 供 建 议 或 反 馈 却 未 列 入 ， 我 们 致 以 诚 挚 歉 意 ， 并 衷 心 感 谢 每 一 位 ！)
str_credits_10|Paradox Interactive^^董 事 长 兼 首 席 执 行 官 :^Theodore Bergqvist^^执 行 副 总 裁 :^Fredrik Wester^^首 席 财 务 官 :^Lena Eriksson^^财 务 与 会 计 :^Annlouise Larsson^^美 国 销 售 营 销 副 总 裁 :^Reena M. Miranda^^欧 洲 销 售 营 销 副 总 裁 :^Martin Sirc^^北 欧 分 销 经 理 :^Erik Helmfridsson^^公 关 营 销 总 监 :^Susana Meza^^公 关 营 销 :^Sofia Forsgren^^产 品 经 理 :^Boel Bermann 
str_credits_11|商 标 设 计 :^Jason Brown^^封 面 艺 术 :^Piotr Fox Wysocki^^版 面 设 计 :^Christian Sabe^Melina Grundel^^海 报 设 计 :^Piotr Fox Wysocki^^地 图 与 概 念 艺 术 :^Ganbat Badamkhand^^手 册 编 辑 :^数 字 文 字 工 作 :Ryan Newman, Nick Stewart^^网 站 :^Martin Ericsson^^营 销 资 产 :^2Coats^^本 地 化:^S&H Entertainment Localization^^GamersGate 合 作 :^Ulf Hedblom^Andreas Pousette^Martin Ericson^Christoffer Lindberg 
str_credits_12|感 谢 全 球 合 作 伙 伴 ， 尤 其 是 长 期 合 作 伙 伴 :^Koch Media ( 德 国 & 英 国 )^Blue Label ( 意 大 利 & 法 国 )^Friendware ( 西 班 牙 )^New Era Interactive Media Co. Ltd. ( 亚 洲 )^Snowball ( 俄 罗 斯 )^Pinnacle ( 英 国 )^Porto Editora ( 葡 萄 牙 )^Hell-Tech ( 希 腊 )^CD Projekt ( 波 兰 、 捷 克 共 和 国 、 斯 洛 伐 克 & 匈 牙 利 )^Paradox Scandinavian Distribution ( 斯 堪 的 纳 维 亚 ） 
str_multi_scene_1|废 墟 
str_multi_scene_2|村 庄 
str_multi_scene_3|海 勒 斯 城 堡 
str_multi_scene_4|残 破 要 塞 
str_multi_scene_5|场 景 5 
str_multi_scene_6|场 景 6 
str_multi_scene_7|小 河 湾 
str_multi_scene_8|罗 多 翰 城 堡 
str_multi_scene_9|雪 山 小 村 
str_multi_scene_10|都 灵 城 堡 
str_multi_scene_11|诺 德 城 镇 
str_multi_scene_16|舷 战 
str_multi_scene_17|布 鲁 沃 德 城 堡 
str_multi_scene_18|雪 中 战 场 
str_multi_scene_19|麦 达 尔 城 堡 
str_multi_scene_20|加 米 耶 德 堡 
str_multi_scene_21|竞 技 场 
str_multi_scene_22|绿 林 暗 哨 
str_multi_scene_23|峡 谷 
str_multi_scene_24|遗 城 
str_multi_scene_25|冷 岸 
str_multi_scene_12|随 机 平 原 （ 中 ） 
str_multi_scene_13|随 机 平 原 （ 大 ） 
str_multi_scene_14|随 机 草 原 （ 中 ） 
str_multi_scene_15|随 机 草 原 （ 大 ） 
str_multi_scene_end|多 人 场 景 结 束 
str_multi_game_type_1|混 战 模 式 
str_multi_game_type_2|组 队 混 战 
str_multi_game_type_3|战 场 模 式 
str_multi_game_type_4|守 护 与 摧 毁 
str_multi_game_type_5|抢 旗 模 式 
str_multi_game_type_6|征 服 模 式 
str_multi_game_type_7|攻 城 模 式 
str_multi_game_type_8|决 斗 模 式 
str_multi_game_type_9|入 侵 模 式 
str_multi_game_types_end|多 人 游 戏 类 型 结 束 
str_poll_kick_player_s1_by_s0|{s0}发 起 投 票 踢 出 玩 家 {s1}。 
str_poll_ban_player_s1_by_s0|{s0}发 起 投 票 禁 止 玩 家 {s1}进 入 服 务 器 。 
str_poll_change_map_to_s1_by_s0|{s0}发 起 投 票 更 换 地 图 为 {s1}。 
str_poll_change_map_to_s1_and_factions_to_s2_and_s3_by_s0|{s0}发 起 投 票 更 换 地 图 为 {s1}更 换 国 家 为 {s2}和 {s3}。 
str_poll_change_number_of_bots_to_reg0_and_reg1_by_s0|{s0}发 起 投 票 改 变 虚 拟 人 数 量 为 {reg0}和 {reg1}。 
str_poll_kick_player|有 人 提 议 投 票 踢 出 玩 家 {s0} ： ^ 1为 赞 成 ， 2为 反 对 。 
str_poll_ban_player|有 人 提 议 投 票 禁 止 玩 家 {s0}进 入 服 务 器 ： ^ 1为 赞 成 ， 2为 反 对 。 
str_poll_change_map|有 人 提 议 投 票 切 换 地 图 为 {s0} ： ^ 1为 赞 成 ， 2为 反 对 。 
str_poll_change_map_with_faction|有 人 提 议 投 票 切 换 地 图 为 {s0} , 双 方 势 力 为 {s1}和 {s2} ： ^ 1为 赞 成 ， 2为 反 对 。 
str_poll_change_number_of_bots|有 人 提 议 投 票 设 定 虚 拟 人 数 量 为 :{s0}{reg0}人 ， {s1}{reg1}人 ： ^ 1为 赞 成 ， 2为 反 对 。 
str_poll_time_left|（ 投 票 时 间 还 剩 {reg0}秒 ） 
str_poll_result_yes|多 数 人 通 过 了 投 票 。 
str_poll_result_no|多 数 人 否 决 了 投 票 。 
str_total_item_cost_reg0|装 备 总 值 ： {reg0}
str_server_name|服 务 器 名 ： 
str_game_password|进 入 密 码 ： 
str_map|地 图 ： 
str_game_type|游 戏 模 式 ： 
str_max_number_of_players|最 大 人 数 ： 
str_number_of_bots_in_team_reg1|{reg1}队 中 虚 拟 人 数 ： 
str_team_reg1_faction|{reg1}队 所 属 国 家 ： 
str_enable_valve_anti_cheat|允 许 Valve 反 作 弊 （ 需 要 有 效 的 Steam 账 号 ） 
str_allow_friendly_fire|允 许 远 程 队 友 伤 害 
str_allow_melee_friendly_fire|允 许 队 友 近 战 伤 害 
str_friendly_fire_damage_self_ratio|队 友 伤 害 到 自 己 (%)： 
str_friendly_fire_damage_friend_ratio|队 友 伤 害 到 队 友 (%)： 
str_spectator_camera|旁 观 者 视 角 ： 
str_control_block_direction|格 挡 方 向 控 制 ： 
str_map_time_limit|地 图 时 间 限 制 （ 分 钟 ） ： 
str_round_time_limit|回 合 时 间 限 制 （ 秒 ） ： 
str_players_take_control_of_a_bot_after_death|玩 家 死 亡 后 切 换 到 虚 拟 人 ： 
str_team_points_limit|队 伍 分 数 限 制 ： 
str_point_gained_from_flags|夺 旗 奖 励 队 伍 分 数 （ 百 分 比 ） ： 
str_point_gained_from_capturing_flag|抢 旗 奖 励 分 数 ： 
str_respawn_period|重 生 间 隔 时 间 （ 秒 ） ： 
str_add_to_official_game_servers_list|加 入 官 方 服 务 器 列 表 
str_combat_speed|战 斗 速 度 ： 
str_combat_speed_0|最 慢 
str_combat_speed_1|稍 慢 
str_combat_speed_2|正 常 
str_combat_speed_3|稍 快 
str_combat_speed_4|最 快 
str_off|关 闭 
str_on|开 
str_defender_spawn_count_limit|防 守 方 最 大 重 生 次 数 ： 
str_unlimited|无 限 制 
str_automatic|自 动 
str_by_mouse_movement|鼠 标 控 制 
str_free|自 由 
str_stick_to_any_player|锁 定 任 一 玩 家 
str_stick_to_team_members|锁 定 队 友 
str_stick_to_team_members_view|锁 定 为 队 友 视 角 
str_make_factions_voteable|可 投 票 选 择 势 力 
str_make_kick_voteable|可 投 票 踢 玩 家 
str_make_ban_voteable|可 投 票 禁 止 玩 家 
str_bots_upper_limit_for_votes|可 投 票 选 择 虚 拟 人 的 上 限 ： 
str_make_maps_voteable|可 投 票 选 择 地 图 
str_valid_vote_ratio|投 票 最 低 通 过 比 例 (%)： 
str_auto_team_balance_limit|自 动 队 伍 平 衡 最 低 值 （ 相 差 ） ： 
str_welcome_message|欢 迎 信 息 ： 
str_initial_gold_multiplier|初 始 金 额 (%)： 
str_battle_earnings_multiplier|战 斗 奖 金 (%):
str_round_earnings_multiplier|回 合 奖 金 (%)： 
str_allow_player_banners|允 许 个 性 旗 帜 
str_force_default_armor|强 制 起 始 防 具 
str_respawning_in_reg0_seconds|{reg0}秒 后 重 生 … … 
str_no_more_respawns_remained_this_round|此 局 已 不 能 复 活 
str_reg0_respawns_remained|（ 还 剩 {reg0}条 命 ） 
str_this_is_your_last_respawn|（ 这 是 你 的 最 后 一 条 命 ） 
str_wait_next_round|（ 等 候 下 一 回 合 ） 
str_yes_wo_dot|可 
str_no_wo_dot|否 
str_we_resign|我 们 没 有 足 够 的 兵 力 继 续 作 战 。 我 们 向 你 投 降 ， {playername}。 
str_i_resign|我 还 想 活 下 去 。 我 投 降 。 
str_s1_returned_flag|{s1}将 丢 失 的 旗 帜 重 新 夺 回 ！ 
str_s1_auto_returned_flag|{s1}旗 帜 自 动 回 到 了 他 们 的 基 地 ！ 
str_s1_captured_flag|{s1}俘 获 敌 军 旗 帜 ！ ！ 
str_s1_taken_flag|{s1}抢 到 了 敌 军 旗 帜 ！ 
str_s1_neutralized_flag_reg0|{s1}已 中 立 化 旗 帜 {reg0}。 
str_s1_captured_flag_reg0|{s1}占 领 了 旗 帜 {reg0}！ 
str_s1_pulling_flag_reg0|{s1}开 始 在 {reg0}旗 区 升 旗 。 
str_s1_destroyed_target_0|{s1}摧 毁 目 标 A ！ 
str_s1_destroyed_target_1|{s1}摧 毁 目 标 B ！ 
str_s1_destroyed_catapult|{s1}摧 毁 投 石 机 ！ 
str_s1_destroyed_trebuchet|{s1}摧 毁 投 石 车 ！ 
str_s1_destroyed_all_targets|{s1}摧 毁 了 所 有 目 标 。 
str_s1_saved_1_target|{s1}保 护 了 一 个 目 标 。 
str_s1_saved_2_targets|{s1}守 住 了 所 有 目 标 ！ 
str_s1_defended_castle|{s1}守 住 了 城 堡 ！ 
str_s1_captured_castle|{s1}占 领 城 堡 ！ ！ 
str_auto_team_balance_in_20_seconds|20秒 内 将 自 动 调 整 双 方 力 量 。 
str_auto_team_balance_next_round|下 一 回 合 将 自 动 调 整 双 方 力 量 。 
str_auto_team_balance_done|自 动 调 整 双 方 力 量 完 成 。 
str_s1_won_round|{s1}此 回 合 胜 ！ ！ 
str_round_draw|时 间 到 ， 平 局 。 
str_round_draw_no_one_remained|无 人 幸 存 ， 平 局 。 
str_death_mode_started|死 亡 时 间 开 始 ！ ！ 
str_reset_to_default|默 认 设 置 
str_done|完 成 
str_player_name|玩 家 
str_kills| 杀 
str_deaths| 死 
str_ping|延 迟 
str_dead|死 亡 
str_reg0_dead|{reg0}死 亡 
str_bots_reg0_agents|虚 拟 人 （ {reg0}人 ） 
str_bot_1_agent|虚 拟 人 （ 1人 ） 
str_score|得 分 
str_score_reg0|得 分 ： {reg0}
str_flags_reg0|（ 旗 帜 ： {reg0}） 
str_reg0_players|（ {reg0}玩 家 ） 
str_reg0_player|（ {reg0}玩 家 ） 
str_open_gate|开 栅 
str_close_gate|关 栅 
str_open_door|开 门 
str_close_door|关 门 
str_raise_ladder|架 梯 
str_drop_ladder|拆 梯 
str_back|返 回 
str_start_map|开 始 地 图 
str_choose_an_option|选 项 ： 
str_choose_a_poll_type|投 票 类 型 ： 
str_choose_faction|选 择 国 家 
str_choose_a_faction|选 择 国 家 ： 
str_choose_troop|选 择 兵 种 
str_choose_a_troop|选 择 兵 种 等 级 ： 
str_choose_items|选 择 装 备 
str_options|选 项 
str_redefine_keys|重 新 定 义 键 值 
str_submit_a_poll|发 起 投 票 
str_administrator_panel|管 理 员 界 面 
str_kick_player|踢 出 玩 家 
str_ban_player|禁 止 玩 家 
str_mute_player|禁 言 玩 家 
str_unmute_player|取 消 禁 言 玩 家 
str_quit|退 出 
str_poll_for_changing_the_map|改 换 地 图 
str_poll_for_changing_the_map_and_factions|改 换 地 图 和 国 家 
str_poll_for_changing_number_of_bots|改 变 虚 拟 人 数 量 
str_poll_for_kicking_a_player|踢 出 玩 家 
str_poll_for_banning_a_player|禁 止 玩 家 
str_choose_a_player|选 择 一 个 玩 家 ： 
str_choose_a_map|选 择 一 个 地 图 ： 
str_choose_a_faction_for_team_reg0|给 组 队 {reg0}选 择 一 个 国 家 ： 
str_choose_number_of_bots_for_team_reg0|给 组 队 {reg0}选 择 虚 拟 人 数 量 ： 
str_spectator|旁 观 者 
str_spectators|旁 观 者 
str_command|命 令 ： 
str_profile_banner_selection_text|给 你 的 角 色 选 定 一 面 旗 帜 
str_use_default_banner|使 用 国 家 默 认 旗 帜 
str_party_morale_is_low|一 些 部 队 士 气 低 下 ！ 
str_weekly_report|周 报 告 
str_has_deserted_the_party|逃 离 了 队 伍 。 
str_have_deserted_the_party|逃 离 了 队 伍 。 
str_space| 
str_us_|我 军 
str_allies_|友 军 
str_enemies_|敌 人 
str_routed|逃 亡 
str_weekly_budget|周 预 算 
str_income_from_s0|{s0}收 入 ： 
str_mercenary_payment_from_s0|{s0}佣 兵 费 用 ： 
str_s0s_party|{s0}的 部 队 
str_loss_due_to_tax_inefficiency|税 收 无 效 损 失 ： 
str_wages_for_s0|{s0}工 资 ： 
str_earlier_debts|先 前 欠 债 ： 
str_net_change|净 收 支 ： 
str_earlier_wealth|先 前 财 产 ： 
str_new_wealth|新 财 产 ： 
str_new_debts|新 债 务 ： 
str_maximum_seconds_for_round_is_reg0|每 轮 的 最 大 秒 数 是 {reg0}。 
str_respawn_period_is_reg0_seconds|复 活 时 间 是 {reg0}秒 。 
str_bots_upper_limit_for_votes_is_reg0|投 票 可 以 设 置 的 最 大 虚 拟 人 数 为 {reg0}。 
str_map_is_voteable|此 地 图 可 投 票 。 
str_map_is_not_voteable|此 地 图 不 能 投 票 
str_factions_are_voteable|可 投 票 选 择 国 家 。 
str_factions_are_not_voteable|不 可 投 票 选 择 国 家 。 
str_players_respawn_as_bot|玩 家 作 为 机 器 人 重 生 。 
str_players_do_not_respawn_as_bot|玩 家 不 作 为 机 器 人 重 生 。 
str_kicking_a_player_is_voteable|可 以 投 票 踢 出 玩 家 。 
str_kicking_a_player_is_not_voteable|不 能 对 踢 出 玩 家 进 行 投 票 。 
str_banning_a_player_is_voteable|可 以 投 票 禁 止 玩 家 。 
str_banning_a_player_is_not_voteable|不 能 对 禁 止 一 名 玩 家 进 行 投 票 。 
str_player_banners_are_allowed|允 许 玩 家 旗 帜 。 
str_player_banners_are_not_allowed|不 允 许 玩 家 旗 帜 。 
str_default_armor_is_forced|强 制 使 用 默 认 防 具 。 
str_default_armor_is_not_forced|不 强 制 使 用 默 认 防 具 。 
str_percentage_of_yes_votes_required_for_a_poll_to_get_accepted_is_reg0|达 成 决 议 所 需 的 赞 成 票 比 例 是 {reg0}%。 
str_auto_team_balance_threshold_is_reg0|自 动 队 伍 平 衡 的 临 界 值 是 {reg0}。 
str_starting_gold_ratio_is_reg0|初 始 金 钱 比 率 是 {reg0}%。 
str_combat_gold_bonus_ratio_is_reg0|战 斗 奖 金 获 取 率 是 {reg0}%。 
str_round_gold_bonus_ratio_is_reg0|回 合 奖 金 比 率 是 {reg0}%。 
str_point_gained_from_flags_is_reg0|夺 旗 获 得 的 队 伍 分 数 为 {reg0}%。 
str_point_gained_from_capturing_flag_is_reg0|获 得 旗 帜 的 奖 励 分 数 为 {reg0}%。 
str_map_time_limit_is_reg0|地 图 时 间 限 制 为 {reg0}分 钟 。 
str_team_points_limit_is_reg0|队 伍 分 数 限 制 为 {reg0}。 
str_defender_spawn_count_limit_is_s1|默 认 重 生 次 数 为 {s1}。 
str_system_error|系 统 错 误 ！ 
str_prisoner_granted_parole|战 俘 获 得 释 放 
str_prisoner_not_offered_parole|战 俘 没 有 被 释 放 
str__age_reg1_family_|^ 年 龄 ： {reg1}^ 家 族 ： 
str_s49_s12_s11_rel_reg0|{s49}{s12} （ {s11} , rel ： {reg0} ） ， 
str_s49_s12_s11|{s49}{s12} （ {s11} ） ， 
str_lord_info_string|{reg6?:{reg4?{s54}是 {s56}的 统 治 者 。 ^:{s54}是 {s56}的 {s55}手 下 的 一 位 领 主 。 ^}}声 望 ： {reg5}。 争 议 ： {reg15}。 性 格 ： {s61}。 ^{reg9?{reg3?她 :他 }是 {s58}的 {reg3?领 主 :领 主 }。:{reg3?她 :他 }没 有 封 地 。}{s59}^{s49}
str_foreign_relations__|外 交 关 系 ： ^ 
str_s21__the_s5_is_at_war_with_the_s14|{s21}^*{s5}与 {s14}正 处 于 战 争 状 态 中 。 
str_s21_the_s5_has_had_the_upper_hand_in_the_fighting|{s21}{s5}在 交 战 中 处 于 上 风 
str_s21_the_s5_has_gotten_the_worst_of_the_fighting|{s21}{s5}在 交 战 中 处 于 下 风 
str_s21_the_fighting_has_gone_on_for_some_time_and_the_war_may_end_soon_with_a_truce|{s21}战 争 已 经 持 续 了 很 长 时 间 ， 这 场 战 争 可 能 很 快 将 以 一 纸 休 战 条 约 作 为 结 束 。 
str_s21_the_fighting_has_begun_relatively_recently_and_the_war_may_continue_for_some_time|{s21}战 争 只 是 刚 刚 开 始 ， 这 场 战 争 应 该 还 会 持 续 一 段 时 间 。 
str__however_the_truce_is_no_longer_binding_on_the_s14|不 管 怎 样 ， 现 在 {s14}不 再 受 到 和 约 的 束 缚 了 。 
str_s21__the_s5_is_bound_by_truce_not_to_attack_the_s14s18_the_truce_will_expire_in_reg1_days|{s21}^* {s5}由 于 休 战 条 约 的 约 束 而 无 法 攻 击 {s14}。 {s18}休 战 条 约 将 在 {reg1}天 后 终 止 。 
str_s21__the_s5_has_recently_suffered_provocation_by_subjects_of_the_s14_and_there_is_a_risk_of_war|{s21}^* {s5}最 近 收 到 了 {s14}的 挑 衅 很 可 能 会 引 发 一 场 战 争 。 
str_s21__the_s5_has_no_outstanding_issues_with_the_s14|{s21}^* {s5}在 关 于 {s14}的 事 宜 上 没 有 什 么 是 悬 而 未 决 的 。 
str_s21_the_s14_was_recently_provoked_by_subjects_of_the_s5_and_there_is_a_risk_of_war_|{s21}{s14}近 期 遭 到 了 {s5}的 挑 衅 ， 很 可 能 将 会 爆 发 一 场 战 争 。 ^ 
str_the_s5_is_ruled_by_s6_it_occupies_s8_its_vassals_are_s10__s21|{s5}由 {s6}统 治 。^占 据 着 {s8}。^封 臣 分 别 是 {s10}。^^{s21}
str_reg4_killed_reg5_wounded_reg6_routed|{reg4}被 杀 ， {reg5}受 伤 ， {reg6}逃 走 
str_reg4_killed_reg5_routed|{reg4}被 杀 ， {reg5}逃 走 
str_reg4_killed_reg5_wounded|{reg4}被 杀 ， {reg5}受 伤 
str_reg4_wounded_reg5_routed|{reg4}受 伤 ， {reg5}逃 走 
str_s42|{s42}
str_s4_awarded_to_s5|{s4}奖 励 给 {s5}
str_calculating_sortie_for_s4_strength_of_reg3_vs_reg4_enemies|预 计 {s4}突 围 ， {reg3}兵 力 对 抗 {reg4}敌 军 
str_current_wealth_reg1_taxes_last_collected_from_s4|当 前 财 富 ： {reg1}第 纳 尔 。 最 后 一 次 税 收 于 {s4}
str_s4_has_reg4_chance_of_recruiting_troops|{s4}有 {reg4}的 可 能 去 募 兵 
str_s4_has_reg4_chance_of_going_to_s5|{s4}有 {reg4}的 可 能 去 {s5}
str_s4_has_reg5_chance_of_patrolling_s6|{s4}有 {reg4}的 可 能 去 {s6}巡 逻 
str_s4_has_reg5_chance_of_raiding_s6|{s4}有 {reg4}的 可 能 去 劫 掠 {s6}
str_s4_has_reg5_chance_of_besieging_s6|{s4}有 {reg4}的 可 能 去 围 困 {s6}
str_sum_chances_reg6|合 计 可 能 ： {reg6}
str_deciding_faction_ai_for_s3|决 定 {s3}的 国 家 AI 
str_lords_of_the_s1_gather_for_a_feast_at_s2|{s1}的 领 主 们 聚 集 在 {s2}大 摆 筵 席 。 
str_players_kingdom_has_had_reg3_days_of_peace|玩 家 的 王 国 已 经 保 持 了 {reg3}天 的 和 平 
str_s4_is_present_at_the_center_and_is_attending_the_feast|{s4}到 来 并 正 在 出 席 宴 会 
str_s4_is_present_at_the_center_and_is_awaiting_the_player_in_private|{s4}到 来 并 正 在 私 下 等 待 玩 家 的 到 来 
str_s4_is_present_at_the_center_and_is_allowed_to_meet_the_player|{s4}到 来 并 允 许 接 见 玩 家 
str_s4_is_present_at_the_center_and_is_not_allowed_to_meet_the_player|{s4}到 来 并 不 许 接 见 玩 家 
str_no_relation|无 关 系 
str_niece|侄 女 
str_nephew|侄 子 
str_aunt|阿 姨 
str_uncle|叔 叔 
str_cousin|同 辈 
str_daughterinlaw|儿 媳 
str_soninlaw|女 婿 
str_motherinlaw|岳 母 
str_fatherinlaw|岳 父 
str_sisterinlaw|妯 娌 
str_brotherinlaw|连 襟 
str_print_party_members_entered|打 印 进 入 的 队 伍 成 员 
str_num_companion_stacks_=_reg10|部 队 兵 种 数 = {reg10}
str_someone|某 个 人 
str_i_take_what_work_i_can_sirmadame_i_carry_water_or_help_the_merchants_with_their_loads_or_help_build_things_if_theres_things_to_be_built|我 尽 力 找 活 干 ，{先 生 /夫 人 }。 我 运 水 ， 帮 那 些 商 人 们 装 货 ， 有 工 程 的 话 也 帮 着 建 造 。 
str_im_not_doing_anything_sirmadame_theres_no_work_to_be_had_around_here_these_days|我 现 在 什 么 事 情 都 没 有 ，{先 生 /夫 人 }。 近 日 这 附 近 根 本 没 活 可 找 。 
str_im_not_doing_anything_sirmadame_i_have_no_land_of_my_own_and_theres_no_work_to_be_had_around_here_these_days|我 现 在 什 么 事 情 都 没 有 ，{先 生 /夫 人 }。 我 自 己 没 有 土 地 ， 近 日 这 附 近 也 没 活 可 找 。 
str_why_im_still_living_off_of_your_kindness_and_goodness_sirmadame_hopefully_there_will_be_work_shortly|啊 ， 我 现 在 还 靠 您 的 善 心 过 活 呢 ，{先 生 /夫 人 }。 我 由 衷 的 希 望 能 有 活 干 ， 越 快 越 好 。 
str_i_work_in_the_fields_just_outside_the_walls_where_they_grow_grain_we_dont_quite_grow_enough_to_meet_our_needs_though_and_have_to_import_grain_from_the_surrounding_countryside|我 就 在 城 外 的 地 里 干 活 ， 种 些 粮 食 。 我 们 的 收 成 不 够 糊 口 ， 还 得 从 周 围 的 其 他 村 子 进 一 些 。 
str_i_work_mostly_in_the_fields_growing_grain_in_the_town_they_grind_it_to_make_bread_or_ale_and_we_can_also_boil_it_as_a_porridge|我 大 多 在 田 里 种 粮 。 粮 食 运 到 城 里 磨 成 面 粉 做 面 包 、 酿 麦 酒 ， 我 们 自 己 也 会 煮 成 麦 粥 喝 。 
str_i_work_in_the_breweries_making_ale_the_poor_folk_drink_a_lot_of_it_as_its_cheaper_than_wine_we_make_it_with_grain_brought_in_from_the_countryside|我 在 酿 酒 作 坊 里 干 活 ， 酿 制 麦 酒 。 穷 人 喝 得 多 ， 因 为 比 葡 萄 酒 便 宜 多 了 。 我 们 用 从 村 子 里 买 来 的 小 麦 作 原 料 。 
str_i_work_in_a_mill_grinding_flour_to_make_bread_bread_is_cheap_keeps_well_and_fills_the_stomach|我 在 磨 坊 里 干 活 ， 磨 出 面 粉 来 做 面 包 。 面 包 便 宜 ， 耐 储 存 ， 还 能 充 饥 。 
str_i_tend_cattle_we_dry_and_salt_meat_to_preserve_it_and_make_cheese_from_the_milk|我 养 牛 。 我 们 把 牛 肉 风 干 腌 制 保 存 ， 把 生 皮 送 到 镇 上 加 工 成 皮 革 ， 还 用 牛 奶 做 奶 酪 。 
str_i_tend_cattle_we_dry_and_salt_meat_to_preserve_it_and_make_cheese_from_the_milk_so_it_doesnt_spoil|我 养 牛 。 我 们 把 牛 肉 风 干 腌 制 保 存 ， 把 生 皮 送 到 镇 上 加 工 成 皮 革 ， 还 用 牛 奶 做 奶 酪 。 
str_i_tend_sheep_we_send_the_wool_to_the_cities_to_be_woven_into_cloth_and_make_mutton_sausage_when_we_cull_the_herds|我 养 羊 。 我 们 把 羊 毛 送 进 城 市 让 他 们 织 成 衣 物 ， 在 杀 掉 一 些 老 弱 的 羊 之 后 ， 我 们 还 会 把 羊 肉 做 成 香 肠 。 
str_i_work_at_a_loom_spinning_cloth_from_wool_wool_is_some_of_the_cheapest_cloth_you_can_buy_but_it_will_still_keep_you_warm|我 在 织 布 机 上 工 作 ， 将 羊 毛 纺 成 衣 物 。 羊 毛 衣 物 是 你 所 能 买 到 的 最 便 宜 的 衣 物 之 一 ， 但 它 一 样 能 让 你 保 暖 。 
str_i_crew_a_fishing_boat_we_salt_and_smoke_the_flesh_to_sell_it_far_inland|我 在 一 条 渔 船 上 工 作 。 我 们 腌 制 并 熏 烤 捕 到 的 鱼 ， 然 后 把 它 们 卖 到 遥 远 的 内 陆 。 
str_i_sift_salt_from_a_nearby_flat_they_need_salt_everywhere_to_preserve_meat_and_fish|我 在 附 近 的 一 片 水 边 洼 地 中 筛 盐 。 哪 里 都 需 要 盐 ， 用 来 保 存 肉 和 鱼 。 
str_i_mine_iron_from_a_vein_in_a_nearby_cliffside_they_use_it_to_make_tools_arms_and_other_goods|我 从 附 近 一 处 悬 崖 中 的 矿 脉 中 开 采 铁 矿 石 。 铁 用 来 制 造 工 具 、 武 器 和 其 他 物 品 。 
str_i_make_pottery_which_people_use_to_store_grain_and_carry_water|我 制 作 陶 器 ， 人 们 用 它 们 来 装 小 麦 ， 运 水 。 
str_trade_explanation_tools|我 在 铁 匠 铺 打 铁 ， {先 生 /夫 人 }， 做 各 种 铁 器 — — 匕 首 ， 斧 子 ， 铁 罐 ， 犁 片 ， 巨 镰 ， 铁 锤 ， 铁 砧 ， 钳 子 ， 扁 斧 ， 锯 子 ， 钉 子 ， 马 蹄 铁 ， 点 火 棒 ， 火 盆 ， 当 然 还 有 各 位 阁 下 的 武 器 和 盔 甲 。 
str_trade_explanation_oil|我 在 一 个 榨 油 作 坊 工 作 ， 用 从 乡 村 收 购 来 的 橄 榄 为 原 料 制 油 。 只 要 你 买 得 起 ， 有 的 是 用 得 上 油 的 地 方 — — 烹 饪 ， 照 明 ， 甚 至 帮 助 顺 产 。 
str_trade_explanation_linen|我 纺 织 亚 麻 布 ， 用 从 周 边 乡 村 收 购 来 的 亚 麻 作 原 料 。 它 能 做 出 轻 便 结 实 的 衣 物 来 ，{大 人 /夫 人 }— — 很 适 合 做 夏 天 的 衣 服 ， 水 手 的 衣 服 ， 或 者 类 似 的 什 么 。 
str_trade_explanation_velvet|我 在 镇 上 的 一 家 大 织 布 作 坊 做 工 ， 那 里 的 织 布 作 坊 以 精 工 细 制 的 天 鹅 绒 闻 名 。 我 们 用 翻 越 山 脉 带 来 的 丝 ， 世 界 远 角 的 染 料 ， 制 成 这 个 地 方 最 精 美 ， 最 奢 华 的 布 料 。 
str_trade_explanation_spice|我 在 商 队 客 栈 帮 商 人 卸 山 外 运 来 的 香 料 。 胡 椒 粉 ， 肉 桂 ， 丁 香 油 ， 西 红 花 … … 富 人 们 以 他 们 食 物 中 香 料 的 多 少 来 标 志 他 们 的 财 富 ， 并 且 他 们 断 定 对 于 任 何 一 种 身 心 失 调 ， 总 会 有 一 种 香 料 能 够 把 它 治 好 。 
str_trade_explanation_apples|我 刚 从 果 园 回 来 ， 我 们 在 那 里 种 苹 果 。 晒 干 储 存 ， 也 能 酿 成 苹 果 酒 或 醋 。 
str_trade_explanation_grapes|我 在 山 坡 葡 萄 园 种 葡 萄 ， 好 葡 萄 酿 美 酒 供 贵 族 商 人 享 用 ， 次 等 的 酿 成 廉 价 酒 兑 水 给 平 民 解 渴 。 
str_trade_explanation_dyes|我 在 商 队 旅 馆 工 作 ， 卸 下 从 卡 拉 迪 亚 以 外 的 地 方 带 来 的 染 料 — — 深 红 的 橡 树 甲 虫 和 红 色 的 茜 草 根 ， 靛 蓝 色 的 木 蓝 属 植 物 和 菘 蓝 灌 木 ， 黄 木 犀 草 根 和 燃 料 木 。 织 布 工 用 它 给 王 国 里 显 要 贵 族 的 丝 绸 和 天 鹅 绒 上 色 。 
str_trade_explanation_leatherwork|我 在 城 墙 外 面 的 制 革 工 场 做 工 ， 把 乡 下 送 来 的 熟 皮 鞣 制 成 优 良 而 柔 软 的 皮 革 。 这 活 计 臭 烘 烘 的 ， 回 家 身 上 尿 、 粪 、 石 灰 味 散 不 掉 — — 但 是 人 们 的 靴 子 ， 马 鞍 肚 带 ， 缰 绳 的 原 料 就 是 这 个 ， {先 生 /尊 敬 的 女 士 }。 
str_trade_explanation_flax|我 播 种 收 割 亚 麻 ， 泡 烂 茎 秆 制 亚 麻 纤 维 。 您 身 上 的 精 美 亚 麻 布 就 来 自 田 边 的 腐 烂 池 ， {先 生 /尊 敬 的 女 士 }。 
str_trade_explanation_dates|我 照 看 着 一 片 椰 枣 树 林 。 我 们 用 井 水 种 植 椰 枣 ， 还 有 由 于 椰 枣 可 以 保 持 数 月 而 不 彻 底 失 水 ， 所 以 我 们 可 以 向 各 地 输 出 椰 枣 。 椰 枣 吃 起 来 不 仅 像 蜜 一 样 甜 ， 而 且 会 使 人 健 康 强 壮 。 
str_trade_explanation_olives|我 看 管 着 一 处 橄 榄 树 林 。 果 实 可 以 吃 或 者 浸 在 盐 水 中 保 存 起 来 ， 不 过 我 们 最 终 会 把 大 多 数 橄 榄 榨 成 橄 榄 油 。 
str_s14_i_hear_that_you_can_find_a_good_price_for_it_in_s15|{s14}。 我 听 说 你 能 在 {s15}把 这 东 西 卖 个 好 价 钱 。 
str_s2s_rebellion|{s2}叛 军 
str_political_suggestion|政 策 建 议 
str_instability_reg0_of_lords_are_disgruntled_reg1_are_restless|动 乱 ： {reg0}% 的 领 主 感 到 不 满 ， {reg1}% 感 到 不 安 
str_reg1shehe_is_prisoner_of_s1|{reg1?她 :他 }是 {s1}的 俘 虏 。 
str_s39_rival|{s39} （ 竞 争 者 ） 
str_s41_s39_rival|{s41} , {s39} （ 竞 争 者 ） 
str_love_interest|爱 情 影 响 
str_betrothed|已 婚 的 
str_other_relations_s40_|其 它 关 系 ： {s40}^ 
str_relation_with_liege_reg0_|和 君 主 关 系 ： {reg0}^ 
str_sense_of_security_military_reg1_court_position_reg3_|安 全 感 ： 军 事 上 {reg1} , 朝 中 地 位 {reg3}^ 
str_political_details_s47_|内 政 详 细 ： ^{s47}^ 
str_the_s55|{s55}
str_travellers_on_the_road|道 路 上 的 旅 行 者 
str_a_short_while_ago|刚 刚 
str_one_day_ago|一 天 之 前 
str_two_days_day_ago|两 天 以 前 
str_earlier_this_week|这 周 早 些 时 候 
str_about_a_week_ago|一 周 以 前 
str_about_two_weeks_ago|两 周 之 前 
str_several_weeks_ago|几 星 期 之 前 
str_unknown_assailants|未 知 攻 击 者 
str_swadians|斯 瓦 迪 亚 
str_vaegirs|维 基 亚 
str_khergits|库 吉 特 
str_nords|诺 德 
str_rhodoks|罗 多 克 
str_sarranids|萨 兰 德 
str_bandits|强 盗 
str_deserters|乱 军 
str_your_followers|你 的 部 下 
str_we_have_heard_that_travellers_heading_to_s40_were_attacked_on_the_road_s46_by_s39|我 们 得 知 前 往 {s40}的 旅 行 者 在 途 经 {s46}的 路 上 被 {s39}袭 击 了 。 
str_we_have_heard_that_travellers_coming_from_s40_were_attacked_on_the_road_s46_by_s39|我 们 得 知 来 自 {s40}的 旅 行 者 在 途 经 {s46}的 路 上 被 {s39}袭 击 了 。 
str_travellers_coming_from_s40_traded_here_s46|来 自 {s40}的 旅 行 者 在 {s46}这 儿 做 生 意 。 
str_it_is_still_early_in_the_caravan_season_so_we_have_seen_little_tradings42|现 在 还 不 是 商 旅 繁 忙 的 时 节 ， 所 以 我 们 看 到 的 生 意 还 很 少 。{s42}
str_there_has_been_very_little_trading_activity_here_recentlys42|此 地 的 商 贸 近 来 简 直 少 得 可 怜 。{s42}
str_there_has_some_trading_activity_here_recently_but_not_enoughs42|此 地 的 商 贸 现 在 略 有 起 色 ， 但 还 不 够 。{s42}
str_there_has_some_trading_activity_here_recently_but_the_roads_are_dangerouss42|此 地 的 商 贸 现 在 略 有 起 色 ， 但 道 路 不 靖 。{s42}
str_the_roads_around_here_are_very_dangerouss42|这 附 近 的 道 路 简 直 危 险 四 伏 。{s42}
str_we_have_received_many_traders_in_town_here_although_there_is_some_danger_on_the_roadss42|镇 子 里 现 在 已 经 来 了 很 多 商 人 ， 虽 然 道 路 上 还 有 一 些 危 险 。{s42}
str_we_have_received_many_traders_in_town_heres42|镇 子 里 现 在 已 经 来 了 很 多 商 人 。{s42}
str_there_is_little_news_about_the_caravan_routes_to_the_towns_of_s44_and_nearby_parts_but_no_news_is_good_news_and_those_are_therefore_considered_safe|目 前 没 有 那 些 往 返 于 {s44}的 城 镇 还 有 周 边 地 区 的 商 队 的 消 息 。 但 没 有 消 息 就 是 好 消 息 ， 所 以 那 些 商 队 可 以 被 视 作 是 安 全 的 。 
str_s47_also_the_roads_to_the_villages_of_s44_and_other_outlying_hamlets_are_considered_safe|{s47}同 样 ， 那 些 通 往 {s44}的 村 子 和 周 围 其 他 村 子 的 道 路 被 认 为 是 安 全 的 。 
str_however_the_roads_to_the_villages_of_s44_and_other_outlying_hamlets_are_considered_safe|不 过 ， 那 些 通 往 {s44}的 村 子 和 周 围 其 他 村 子 的 道 路 被 认 为 是 安 全 的 。 
str_we_have_shortages_of|我 们 缺 少 
str_we_have_adequate_stores_of_all_commodities|我 们 所 有 的 货 物 都 有 足 够 的 库 存 
str_s33_and_some_other_commodities|{s33}和 一 些 其 它 货 物 
str_the_roads_are_full_of_brigands_friend_but_that_name_in_particular_does_not_sound_familiar_good_hunting_to_you_nonetheless|虽 说 这 些 道 路 上 盗 贼 遍 地 ， 朋 友 ， 但 那 伙 家 伙 的 名 号 却 从 没 听 说 过 。 尽 管 如 此 ， 还 是 祝 你 马 到 成 功 ， 追 击 顺 利 。 
str_less_than_an_hour_ago|不 到 一 小 时 之 前 
str_maybe_reg3_hours_ago|也 许 {reg3}小 时 之 前 
str_reg3_days_ago|{reg3}天 之 前 
str_youre_in_luck_we_sighted_those_bastards_s16_near_s17_hurry_and_you_might_be_able_to_pick_up_their_trail_while_its_still_hot|你 运 气 不 错 。 我 们 在 靠 近 {s17}的 {s16}发 现 了 那 些 杂 碎 。 快 点 ， 没 准 你 还 能 逮 他 们 个 正 着 。 
str_you_speak_of_claims_to_the_throne_good_there_is_nothing_id_rather_do_than_fight_for_a_good_cause|你 声 称 王 位 应 属 于 你 。 我 别 无 所 求 ， 唯 愿 为 正 义 事 业 而 战 。 
str_you_speak_of_claims_to_the_throne_well_there_is_nothing_id_rather_do_than_fight_for_a_good_cause_but_the_claim_you_make_seems_somewhat_weak|你 声 称 王 位 应 属 于 你 。 不 错 ， 我 宁 愿 为 正 义 而 战 ， 但 你 的 声 索 似 乎 缺 乏 说 服 力 。 
str_i_am_pleased_that_you_speak_of_upholding_my_ancient_rights_which_are_sometimes_trod_upon_in_these_sorry_days|我 很 高 兴 你 能 支 持 我 古 老 的 权 利 ， 它 们 在 过 往 的 悲 惨 岁 月 里 曾 被 无 情 践 踏 。 
str_i_am_pleased_that_you_speak_of_upholding_my_ancient_rights_but_sometimes_men_make_pledges_before_they_are_king_which_they_cannot_keep_once_they_take_the_throne|我 很 高 兴 你 能 支 持 我 古 老 的 权 利 。 但 有 时 人 们 登 基 前 信 誓 旦 旦 ， 一 旦 掌 权 便 抛 诸 脑 后 。 
str_you_speak_of_protecting_the_commons_well_i_supposed_thats_good_but_sometimes_the_commons_overstep_their_boundaries_im_more_concerned_that_your_claim_be_legal_so_i_can_swing_my_sword_with_a_good_conscience|你 谈 及 保 护 平 民 。 嗯 ， 这 当 然 是 好 事 ， 但 平 民 有 时 也 会 越 界 。 我 更 在 乎 你 的 声 索 是 否 合 法 ， 好 让 我 挥 剑 时 问 心 无 愧 。 
str_you_speak_of_giving_me_land_good_i_ask_for_no_more_than_my_due|你 提 到 要 赐 我 土 地 。 很 好 。 我 所 求 不 过 是 我 应 得 的 份 额 。 
str_you_speak_of_giving_me_land_unfortunately_you_are_not_wellknown_for_rewarding_those_to_whom_you_have_made_such_offers|你 提 到 要 赐 我 土 地 。 遗 憾 的 是 ， 你 并 不 以 兑 现 承 诺 闻 名 。 
str_you_speak_of_unifying_calradia_well_i_believe_that_well_always_be_fighting__its_important_that_we_fight_for_a_rightful_cause|你 谈 及 统 一 卡 拉 迪 亚 。 我 认 为 战 争 无 可 避 免 — — 但 为 正 义 而 战 至 关 重 要 。 
str_you_talk_of_claims_to_the_throne_but_i_leave_bickering_about_legalities_to_the_lawyers_and_clerks|你 大 谈 王 位 声 索 ， 不 过 我 向 来 把 这 类 关 于 法 理 的 争 辩 丢 给 那 些 讼 师 书 吏 处 理 。 
str_you_speak_of_ruling_justly_hah_ill_believe_theres_such_a_thing_as_a_just_king_when_i_see_one|你 说 你 将 会 公 正 地 进 行 统 治 。 哈 ！ 在 亲 眼 目 睹 之 前 ， 我 不 会 相 信 世 上 还 有 公 正 的 国 王 这 种 东 西 。 
str_you_spoke_of_protecting_the_rights_of_the_nobles_if_you_did_youd_be_the_first_king_to_do_so_in_a_very_long_time|你 曾 说 要 保 护 贵 族 的 权 利 。 如 果 你 真 这 么 做 了 ， 你 将 是 久 违 的 第 一 位 此 类 国 王 。 
str_you_speak_of_giving_me_land_ay_well_lets_see_if_you_deliver|你 提 到 要 赐 我 土 地 。 好 吧 ， 且 看 你 能 否 兑 现 诺 言 。 
str_you_speak_of_giving_me_land_bah_youre_not_known_for_delivering_on_your_pledges|你 说 要 给 我 土 地 。 省 省 吧 。 你 可 不 像 是 信 守 承 诺 的 人 。 
str_you_speak_of_unifying_calradia_well_youve_done_a_good_job_at_making_calradia_bend_its_knee_to_you_so_maybe_thats_not_just_talk|你 谈 及 统 一 卡 拉 迪 亚 。 不 错 ， 你 已 让 不 少 地 方 向 你 低 头 ， 或 许 这 并 非 空 谈 。 
str_you_speak_of_unifying_calradia_id_be_impressed_if_i_thought_you_could_do_it_but_unfortunately_you_dont|你 声 称 要 统 一 卡 拉 迪 亚 。 如 果 我 认 为 你 可 以 做 到 的 话 ， 我 定 会 佩 服 。 但 不 幸 的 是 ， 我 认 为 你 做 不 到 。 
str_you_speak_of_claims_to_the_throne_well_any_peasant_can_claim_to_be_a_kings_bastard|你 声 称 王 位 应 属 于 你 。 好 吧 ， 任 何 一 个 农 民 都 可 以 宣 称 他 是 一 个 国 王 的 私 生 子 。 
str_well_its_a_fine_thing_to_court_the_commons_with_promises_but_what_do_you_have_to_offer_me|好 吧 ， 用 许 诺 来 讨 好 平 民 是 不 错 ， 但 是 你 能 给 我 什 么 好 处 ？ 
str_you_speak_of_protecting_the_rights_of_lords_that_would_make_a_fine_change_if_my_rights_as_lord_would_be_respected|你 说 你 将 会 保 护 领 主 的 权 利 。 若 我 的 权 利 能 得 到 尊 重 ， 那 确 是 个 好 转 变 。 
str_you_speak_of_protecting_the_rights_of_lords_that_would_make_a_fine_change_if_my_rights_as_lord_would_be_respected_however_it_is_easy_for_you_to_make_promises_while_you_are_weak_that_you_have_no_intention_of_keeping_when_you_are_strong|你 谈 及 保 护 领 主 权 利 。 若 我 的 权 利 能 得 到 尊 重 ， 那 确 是 个 好 转 变 。 然 而 ， 弱 小 时 许 下 诺 言 轻 而 易 举 ， 强 大 后 却 毫 无 意 愿 兑 现 ， 这 种 事 可 屡 见 不 鲜 。 
str_you_speak_of_giving_me_land_well_my_family_is_of_ancient_and_noble_lineage_so_you_promise_me_no_more_than_my_due_still_your_gesture_is_appreciated|你 提 到 要 予 我 土 地 。 我 的 家 族 出 身 古 老 贵 族 ， 你 所 承 诺 的 并 不 超 过 我 的 应 得 。 不 过 ， 仍 感 谢 你 的 美 意 。 
str_you_speak_of_giving_me_land_well_you_make_that_pledge_but_i_am_not_impressed|你 说 要 给 我 土 地 。 好 吧 ， 你 愿 意 许 愿 就 许 好 了 ， 但 我 并 不 为 所 动 。 
str_you_speak_of_unifying_calradia_well_much_of_this_land_now_bends_its_knee_to_you_so_perhaps_that_is_not_just_talk|你 声 称 要 统 一 卡 拉 迪 亚 。 好 吧 ， 看 上 去 大 半 个 卡 拉 迪 亚 都 已 臣 服 于 你 ， 或 许 这 不 仅 是 空 话 。 
str_you_speak_of_unifying_calradia_but_right_now_yours_is_just_one_squabbling_faction_among_many|你 声 称 要 统 一 卡 拉 迪 亚 ， 但 目 前 为 止 ， 你 的 国 家 还 只 是 割 据 一 方 罢 了 。 
str_you_speak_of_claims_well_no_offense_but_a_claim_unsupported_by_might_rarely_prospers|你 声 称 王 位 应 属 于 你 。 好 吧 ， 我 无 意 冒 犯 ， 但 一 个 没 有 实 力 支 撑 的 主 张 通 常 是 很 难 实 现 的 。 
str_you_speak_of_protecting_the_commons_well_i_suppose_that_will_make_for_a_more_prosperous_realm_ive_always_tried_to_treat_my_peasants_decently_saves_going_to_bed_worrying_about_whether_youll_wake_up_with_the_roof_on_fire|你 谈 及 保 护 平 民 。 嗯 ， 这 确 实 能 让 王 国 更 繁 荣 。 我 向 来 待 农 民 不 薄 ， 至 少 能 睡 个 安 稳 觉 ， 不 用 担 心 房 子 被 纵 火 。 
str_you_speak_of_protecting_the_commons_very_well_but_remember_that_peasants_are_more_likely_to_cause_trouble_if_you_make_promises_then_dont_deliver_than_if_you_never_made_the_promise_in_the_first_place|你 谈 及 保 护 平 民 。 很 好 。 但 请 记 住 ： 许 诺 却 不 兑 现 ， 平 民 更 易 造 反 ， 远 胜 于 从 未 许 诺 之 时 。 
str_you_speak_of_protecting_the_rights_of_lords_good_youd_be_well_advised_to_do_that__men_fight_better_for_a_king_wholl_respect_their_rights|你 谈 及 保 护 领 主 权 利 。 很 好 。 你 理 应 如 此 — — 人 们 更 愿 为 尊 重 他 们 权 利 的 国 王 效 死 。 
str_you_speak_of_protecting_the_rights_of_lords_very_well_but_remember__failing_to_keep_promises_which_you_made_while_scrambling_up_the_throne_is_the_quickest_way_to_topple_off_of_it_once_you_get_there|你 说 你 将 会 保 护 领 主 的 权 利 。 非 常 好 。 但 是 记 住 — — 登 上 王 位 之 后 就 食 言 是 自 取 灭 亡 的 最 快 办 法 。 
str_you_speak_of_giving_me_land_very_good_but_often_i_find_that_when_a_man_makes_too_many_promises_trying_to_get_to_the_top_he_has_trouble_keeping_them_once_he_reaches_it|你 提 到 要 赐 我 土 地 。 很 好 ， 但 我 发 现 ： 为 登 基 而 许 下 太 多 诺 言 ， 掌 权 后 往 往 难 以 兑 现 。 
str_you_speak_of_unifying_calradia_well_many_have_said_that_you_might_very_well_be_the_one_to_do_it|你 声 称 要 统 一 卡 拉 迪 亚 。 很 多 人 都 这 么 说 ， 或 许 你 真 能 成 就 此 业 ， 
str_you_speak_of_unifying_calradia_well_all_the_kings_say_that_im_not_sure_that_you_will_succeed_while_they_fail|你 声 称 要 统 一 卡 拉 迪 亚 。 很 多 国 王 在 失 败 之 前 都 这 么 说 过 ， 我 不 认 为 你 和 他 们 有 所 不 同 。 
str_you_speak_of_claims_do_you_think_i_care_for_the_nattering_of_lawyers|说 起 你 的 要 求 ， 你 认 为 我 会 关 心 这 种 小 事 吗 ？ 
str_you_speak_of_protecting_the_commons_how_kind_of_you_i_shall_tell_my_swineherd_all_about_your_sweet_promises_no_doubt_he_will_become_your_most_faithful_vassal|你 说 你 要 保 护 那 些 人 民 ， 你 可 真 是 有 爱 呀 ！ 我 得 把 你 的 那 些 甜 言 蜜 语 告 诉 我 的 家 奴 ， 他 肯 定 会 死 心 塌 地 的 跟 着 你 混 的 。 
str_you_speak_of_protecing_the_rights_of_lords_such_sweet_words_but_ill_tell_you_this__the_only_rights_that_are_respected_in_this_world_are_the_rights_to_dominate_whoever_is_weaker_and_to_submit_to_whoever_is_stronger|你 想 保 护 那 些 腐 朽 贵 族 的 利 益 ， 不 错 不 错 ！ 不 过 我 告 诉 你 ， 在 这 个 弱 肉 强 食 的 世 界 上 光 有 血 统 是 没 有 任 何 意 义 的 ， 只 有 武 力 才 能 让 人 们 信 服 。 
str_you_speak_of_giving_me_land_yes_very_good__but_you_had_best_deliver|你 说 会 给 我 土 地 。 很 好 ， 不 过 你 最 好 别 食 言 。 
str_you_speak_of_giving_me_land_hah_perhaps_all_those_others_to_whom_you_promised_lands_will_simply_step_aside|你 提 到 要 赐 我 土 地 。 哈 ！ 难 道 你 许 诺 过 土 地 的 其 他 人 都 会 主 动 退 让 ？ 
str_you_speak_of_unifying_calradia_you_may_indeed_humble_the_other_kings_of_this_land_and_in_that_case_i_would_hope_that_you_would_remember_me_as_your_faithful_servant|你 谈 及 统 一 卡 拉 迪 亚 。 若 你 真 能 打 败 其 他 国 王 ， 希 望 你 能 记 得 我 是 你 的 忠 实 仆 从 。 
str_you_speak_of_unifying_calradia_but_you_are_weak_and_i_think_that_you_will_remain_weak|你 声 称 要 统 一 卡 拉 迪 亚 。 不 过 你 太 弱 小 了 ， 我 不 认 为 你 有 机 会 壮 大 。 
str_you_speak_of_claims_its_good_for_a_king_to_have_a_strong_claim_although_admittedly_im_more_concerned_that_he_rules_just_ly_than_with_legalities_anyway_your_claim_seems_wellfounded_to_me|你 谈 及 声 索 。 国 王 有 强 有 力 的 声 索 固 然 好 ， 但 老 实 说 ， 我 更 在 乎 他 是 否 公 正 统 治 。 总 之 ， 你 的 声 索 在 我 看 来 合 情 合 理 。 
str_you_speak_of_claims_but_your_claim_seems_a_bit_weak_to_me|说 起 你 的 王 位 主 张 ， 依 我 看 来 你 的 王 位 主 张 太 弱 了 。 
str_you_speak_of_protecting_the_commons_i_like_that_my_tenants_are_a_happy_lot_i_think_but_i_hear_of_others_in_other_estates_that_arent_so_fortunate|你 谈 及 保 护 平 民 。 我 很 认 同 。 我 的 佃 户 生 活 还 算 舒 心 ， 但 听 说 其 他 地 方 的 佃 户 就 没 这 么 幸 运 了 。 
str_you_speak_of_protecting_the_commons_im_glad_to_hear_you_say_that_but_do_me_a_favor__dont_promise_the_commons_anything_you_cant_deliver_thats_a_sure_way_to_get_them_to_rebel_and_it_breaks_my_heart_to_have_to_put_them_down|你 谈 及 保 护 平 民 ， 很 高 兴 听 你 这 么 说 。 但 帮 我 个 忙 — — 别 对 平 民 许 下 无 法 兑 现 的 诺 言 。 那 只 会 逼 他 们 叛 乱 ， 而 我 不 得 不 镇 压 他 们 ， 这 让 我 痛 心 疾 首 。 
str_you_speak_of_protecting_the_rights_of_lords_well_very_good_i_suppose_but_you_know__we_lords_can_take_of_ourselves_its_the_common_folk_who_need_a_strong_king_to_look_out_for_them_to_my_mind|你 谈 及 保 护 领 主 权 利 ， 我 想 这 很 好 。 但 你 要 知 道 — — 我 们 领 主 自 能 自 保 ， 在 我 看 来 ， 平 民 才 需 要 一 位 强 大 国 王 的 庇 护 。 
str_you_speak_of_giving_me_land_its_kind_of_you_really_though_that_is_not_necessary|你 提 到 要 赐 我 土 地 ， 你 心 意 不 错 。 不 过 说 真 的 ， 没 必 要 。 
str_you_speak_of_unifying_calradia_well_maybe_you_can_unite_this_land_by_the_sword_but_im_not_sure_that_this_will_make_you_a_good_ruler|你 声 称 统 一 卡 拉 迪 亚 ， 也 许 你 能 用 剑 锋 统 一 这 片 土 地 ， 但 我 不 确 定 这 能 让 你 成 为 一 位 好 统 治 者 。 
str_you_speak_of_claims_a_king_must_have_a_strong_legal_claim_for_there_not_to_be_chaos_in_the_realm_and_yours_is_wellestablished|你 谈 及 声 索 ， 国 王 必 须 有 强 有 力 的 法 律 依 据 ， 王 国 才 能 避 免 混 乱 ， 而 你 的 声 索 合 法 性 很 充 分 。 
str_you_speak_of_claims_a_king_must_have_a_strong_legal_claim_for_there_not_to_be_chaos_in_the_realm_but_your_claim_is_not_so_strong|说 起 你 的 王 位 主 张 ， 一 位 国 王 必 须 有 强 力 的 合 法 王 位 主 张 来 统 治 他 的 王 国 。 但 你 的 王 位 主 张 还 不 够 强 。 
str_you_speak_of_protecting_the_rights_of_lords_it_is_of_course_important_that_a_king_respect_the_rights_of_his_vassals_although_i_worry_that_a_king_who_took_a_throne_without_proper_cause_would_not_rule_with_justice|你 说 要 保 护 贵 族 的 利 益 ， 的 确 对 一 位 国 王 来 说 保 护 封 臣 是 很 重 要 的 责 任 ， 不 过 我 担 心 一 位 通 过 不 法 手 段 获 取 王 位 的 人 ， 难 以 公 正 统 治 。 
str_you_speak_of_protecting_the_rights_of_lords_it_is_of_course_important_that_a_king_respect_the_rights_of_his_vassals_however_i_would_like_to_know_that_you_would_indeed_deliver_on_your_promises|你 说 要 保 护 贵 族 的 利 益 ， 的 确 对 一 位 国 王 来 说 保 护 封 臣 是 很 重 要 的 责 任 ， 不 过 我 希 望 你 会 遵 守 你 的 诺 言 。 
str_you_speak_of_protecting_the_commons_i_would_be_pleased_to_serve_a_king_who_respected_the_rights_of_his_subjects_although_i_worry_that_a_king_who_took_a_throne_without_proper_cause_would_not_rule_with_justice|你 谈 及 保 护 平 民 ， 我 乐 于 效 忠 一 位 尊 重 臣 民 权 利 的 国 王 ， 但 我 担 心 一 个 无 合 法 理 由 登 基 的 国 王 ， 难 以 公 正 统 治 。 
str_you_speak_of_protecting_the_commons_i_would_be_pleased_to_serve_a_king_who_respected_the_rights_of_his_subjects_however_i_would_like_to_know_that_you_would_indeed_deliver_on_your_promises|你 谈 及 保 护 平 民 ， 我 乐 于 效 忠 一 位 尊 重 臣 民 权 利 的 国 王 ， 但 我 希 望 知 道 你 确 实 会 兑 现 诺 言 。 
str_i_am_not_swayed_by_promises_of_reward|我 不 会 被 带 报 酬 的 诺 言 动 摇 。 
str_you_speak_of_unifying_calradia_it_would_be_good_to_bring_peace_to_the_realm_and_i_believe_that_you_are_strong_enough_to_do_so|你 声 称 要 统 一 卡 拉 迪 亚 。 为 大 家 带 来 和 平 是 好 事 ， 我 坚 信 你 有 这 个 能 力 。 
str_you_speak_of_unifying_calradia_it_would_be_good_to_bring_peace_the_realm_but_with_your_kingdom_in_its_current_state_i_worry_that_you_are_just_bringing_more_discord|你 声 称 要 统 一 卡 拉 迪 亚 。 为 大 家 带 来 和 平 是 好 事 ， 但 是 以 你 的 国 家 现 在 的 状 况 我 不 认 为 你 能 完 成 它 。 
str_my_s11_s15|我 的 {s11}{s15}
str_my_s11_s18|我 的 {s11}{s18}
str_the_socalled_s11_s18|所 谓 的 {s11}{s18}
str_s18_would_cheat_me_of_my_inheritance_by_heaven_i_know_my_rights_and_im_not_going_to_back_down|{s18}想 侵 吞 我 的 遗 产 。 上 天 为 证 ， 我 了 解 我 的 权 利 ， 绝 不 退 让 。 
str_s18_once_questioned_my_honour_and_my_bravery_i_long_for_the_day_when_i_can_meet_him_in_battle_and_make_him_retract_his_statement|{s18}曾 质 疑 我 的 勇 气 与 荣 誉 ， 我 渴 望 在 战 场 上 与 他 决 战 ， 让 他 收 回 言 论 。 
str_s18_once_questioned_my_judgment_in_battle_by_heaven_would_he_have_us_shirk_our_duty_to_smite_our_sovereigns_foes|{s18}曾 质 疑 我 在 一 场 战 斗 中 的 判 断 ， 上 天 为 证 ， 难 道 他 要 我 们 逃 避 歼 灭 君 主 敌 人 的 职 责 ？ 
str_s18_seems_to_think_he_has_the_right_to_some_of_my_property_well_he_does_not|{s18}似 乎 以 为 他 有 权 染 指 我 的 财 产 ， 但 他 没 这 个 权 利 ！ 
str_s18_once_took_something_i_said_amiss_stubborn_bastard_wont_give_it_up_and_keeps_trying_to_get_me_to_recant_my_words|{s18}曾 误 解 我 的 话 ， 这 固 执 的 混 蛋 揪 住 不 放 ， 一 直 逼 我 认 错 。 
str_s18_is_a_crafty_weasel_and_i_dont_trust_him_one_bit|{s18}是 个 只 会 推 卸 责 任 的 狡 猾 家 伙 ， 我 一 点 儿 都 不 信 任 他 。 
str_s18_i_despite_him_he_puts_on_such_a_nauseating_display_of_virtue_and_thinks_nothing_of_insulting_his_betters|{s18}？ 我 憎 恶 他 。 他 装 出 一 副 令 人 作 呕 的 道 德 高 尚 样 ， 对 上 级 轻 慢 无 礼 。 
str_s18_entered_into_a_little_deal_with_me_and_is_now_trying_to_wriggle_out_of_it|{s18}曾 与 我 达 成 协 议 ， 现 在 却 想 溜 之 大 吉 。 
str_s18_once_ran_an_errand_for_me_and_now_thinks_i_owe_him_something_i_owe_his_ilk_nothing|{s18}曾 帮 我 办 过 一 件 事 ， 现 在 竟 以 为 我 欠 他 情 ， 我 绝 不 欠 他 这 类 人 任 何 东 西 。 
str_s18_is_soft_and_weak_and_not_fit_to_govern_a_fief_and_i_have_always_detested_him|{s18}软 弱 无 能 ， 不 配 统 治 封 地 ， 我 一 向 憎 恶 他 。 
str_s18_is_a_quarrelsome_oaf_and_a_liability_in_my_opinion_and_ive_let_him_know_as_much|{s18}是 个 好 斗 的 蠢 货 ， 只 会 添 麻 烦 ， 我 也 清 楚 地 当 面 告 诉 过 他 。 
str_s18_i_am_sorry_to_say_is_far_too_softhearted_a_man_to_be_given_any_kind_of_responsibility_his_chivalry_will_allow_the_enemy_to_flee_to_fight_another_day_and_will_cost_the_lives_of_my_own_faithful_men|{s18}呀 ， 这 人 心 肠 太 软 ， 根 本 承 担 不 了 任 何 责 任 。 他 的 骑 士 精 神 会 放 走 敌 人 ， 让 我 的 忠 实 部 下 付 出 生 命 代 价 。 
str_s18_seems_to_have_something_against_me_for_some_reason_i_dont_like_to_talk_ill_of_people_but_i_think_hes_can_be_a_bit_of_a_cad_sometimes|{s18}似 乎 因 某 种 原 因 对 我 有 意 见 ， 我 不 喜 欢 说 人 坏 话 ， 但 有 时 觉 得 他 确 实 有 点 无 赖 。 
str_s18_has_always_treated_me_contemptuously_although_i_have_done_him_no_wrong|{s18}一 向 对 我 满 怀 轻 蔑 ， 可 我 从 未 亏 待 过 他 。 
str_s18_is_thoroughly_dishonorable_and_a_compulsive_spinner_of_intrigues_which_i_fear_will_drag_us_into_wars_or_incite_rebellions|{s18}毫 无 荣 誉 感 ， 满 脑 子 阴 谋 诡 计 ， 我 担 心 他 会 把 我 们 拖 入 战 争 或 煽 动 叛 乱 。 
str_s18_disappoints_me_i_once_scolded_for_his_rashness_in_battle_and_he_took_offense_i_do_not_care_to_apologize_for_my_efforts_to_save_his_life_and_the_lives_of_his_men|{s18}实 在 让 人 失 望 。 我 曾 因 他 在 战 场 上 的 鲁 莽 训 斥 他 ， 他 却 记 恨 在 心 。 我 真 的 救 了 他 和 手 下 的 性 命 ， 所 以 绝 不 会 为 此 道 歉 。 
str_s18_squanders_money_and_carouses_in_a_way_most_unbefitting_a_noble_by_doing_so_he_disgraces_us_all|{s18}挥 金 如 土 、 纵 情 酒 色 ， 一 点 也 不 符 合 贵 族 身 份 。 他 这 样 做 ， 简 直 是 我 们 全 体 的 耻 辱 。 
str_s18_has_been_speaking_ill_of_me_behind_my_back_or_so_they_say|{s18}总 是 在 我 背 后 说 我 的 坏 话 。 
str_s18_is_a_disgrace_reg3shehe_consorts_with_merchants_lends_money_at_interest_uses_coarse_language_and_shows_no_attempt_to_uphold_the_dignity_of_the_honor_bestowed_upon_reg3herhim|{s18}是 贵 族 的 耻 辱 ， {reg3?她 :他 }与 商 人 厮 混 、 放 贷 收 息 、 言 语 粗 鄙 ， 完 全 不 顾 如 何 维 护 自 己 的 荣 誉 。 
str_s18_has_condemned_me_for_engaging_in_commerce_what_could_possibly_be_wrong_with_that|{s18}谴 责 我 从 商 ， 这 能 有 什 么 错 ？ 
str_s18_i_have_heard_has_been_encouraging_seditious_ideas_among_the_peasantry__a_foolish_move_which_endangers_us_all|{s18} , 我 听 说 这 家 伙 曾 在 农 民 中 散 播 煽 动 性 的 思 想 ， 这 个 笨 蛋 迟 早 会 把 我 们 都 害 惨 的 。 
str_s18_has_called_me_out_for_the_way_i_deal_with_my_tenants_well_so_be_it_if_i_teach_them_that_they_are_the_equal_of_anyone_with_socalled_gentle_blood_what_is_it_to_reg3herhim|{s18}曾 和 我 谈 过 我 对 佃 户 的 政 策 。 随 他 去 吧 。 我 教 导 佃 户 他 们 与 所 谓 “ 贵 族 血 统 ” 之 人 平 等 ， 这 与 {reg3?她 :他 }何 干 ？ 
str_a_most_gallant_gentleman_who_knows_how_to_treat_a_lady|一 位 懂 得 如 何 礼 待 女 士 的 极 有 风 度 的 纯 士 
str_a_base_cad|一 个 下 流 无 赖 
str_a_man_who_treats_me_as_his_equal_which_is_rare|一 个 很 难 得 的 视 我 为 平 等 之 人 的 人 
str_appears_to_value_me_with_his_estate_and_his_horse_as_prizes_worth_having|似 乎 把 我 当 成 他 的 地 产 和 宝 马 一 样 的 珍 贵 奖 赏 
str_a_bit_dull_but_what_can_you_expect|有 点 儿 迟 钝 ， 但 你 还 能 期 望 什 么 呢 … … 
str_the_man_whom_destiny_intends_for_me|一 个 命 运 赐 予 我 的 真 命 天 子 
str_is_not_right_for_me__i_cannot_say_why_but_he_makes_my_skin_crawl|我 和 他 合 不 来 — — 不 知 道 为 什 么 他 总 是 让 我 起 鸡 皮 疙 瘩 
str_is_a_man_who_clearly_intends_to_make_his_mark_in_the_world|是 一 个 渴 望 在 世 界 上 闯 出 一 番 名 堂 的 人 
str_is_a_layabout_a_naif_prey_for_others_who_are_cleverer_than_he|是 个 懒 散 又 天 真 的 家 伙 ， 总 是 被 更 聪 明 的 人 算 计 
str_is_a_man_of_stalwart_character|是 一 个 性 格 坚 定 的 人 
str_appears_to_be_a_man_of_low_morals|是 一 个 下 流 的 家 伙 
str_appears_to_be_a_man_who_lacks_selfdiscipline|是 一 个 缺 乏 自 制 能 力 的 人 
str_bandits_attacked_a_party_on_the_roads_so_a_bounty_is_probably_available|强 盗 攻 击 了 旅 人 ， 估 计 在 悬 赏 他 们 了 
str_total_additions_reg4|合 计 增 加 ： {reg4}
str_total_subtractions_reg4|合 计 减 少 ： {reg4}
str_s11_relocates_to_s10|{s11}转 移 到 {s10}。 
str__i_must_attend_to_this_matter_before_i_worry_about_the_affairs_of_the_realm|我 必 须 先 处 理 此 事 ， 再 考 虑 王 国 大 计 。 
str_the_other_matter_took_precedence|另 有 更 紧 要 的 事 务 需 优 先 处 理 。 
str_i_cannot_leave_this_fortress_now_as_it_is_under_siege|我 不 能 在 这 座 城 堡 被 围 攻 的 时 候 离 开 。 
str_after_all_we_are_under_siege|毕 竟 ， 我 们 正 被 围 困 。 
str_we_are_not_strong_enough_to_face_the_enemy_out_in_the_open|我 们 的 实 力 尚 不 足 以 在 野 外 正 面 迎 战 敌 人 。 
str_i_should_probably_seek_shelter_behind_some_stout_walls|或 许 我 应 该 躲 到 坚 固 的 城 墙 后 面 寻 求 庇 护 。 
str_enemies_are_reported_to_be_nearby_and_we_should_stand_ready_to_either_man_the_walls_or_sortie_out_to_do_battle|据 报 敌 人 即 将 到 近 ， 我 们 须 随 时 准 备 登 墙 防 守 或 出 城 决 战 。 
str_the_enemy_is_nearby|敌 人 在 附 近 。 
str_as_the_marshall_i_am_assembling_the_army_of_the_realm|身 为 元 帅 ， 我 正 在 集 结 王 国 的 军 队 。 
str_as_the_marshall_i_am_assembling_the_army_of_the_realm_and_travel_to_lands_near_s10_to_inform_more_vassals|身 为 元 帅 ， 我 正 在 召 集 我 们 王 国 的 军 队 。 我 们 将 赶 往 {s10}地 区 以 动 员 更 多 封 臣 。 
str_i_intend_to_assemble_the_army_of_the_realm|我 打 算 集 结 王 国 的 军 队 。 
str_as_the_marshall_i_am_leading_the_siege|身 为 元 帅 ， 我 正 率 领 部 队 进 行 围 攻 。 
str_i_intend_to_begin_the_siege|我 打 算 开 始 攻 城 。 
str_as_the_marshall_i_am_leading_our_raid|身 为 元 帅 ， 我 正 率 领 部 队 进 行 劫 掠 。 
str_i_intend_to_start_our_raid|我 打 算 开 始 劫 掠 。 
str_as_the_marshall_i_am_leading_our_forces_in_search_of_the_enemy|身 为 元 帅 ， 我 正 率 军 寻 觅 敌 人 踪 迹 。 
str_i_intend_to_lead_our_forces_out_to_find_the_enemy|我 打 算 率 领 部 队 出 击 寻 找 敌 人 。 
str_as_the_marshall_i_am_leading_our_forces_to_engage_the_enemy_in_battle|身 为 元 帅 ， 我 正 率 领 我 们 的 部 队 去 与 敌 人 交 战 。 
str_i_intend_to_lead_our_forces_out_to_engage_the_enemy|我 计 划 率 领 我 们 的 部 队 迎 击 敌 军 。 
str_i_dont_have_enough_troops_and_i_need_to_get_some_more|我 的 兵 马 不 够 ， 我 需 要 召 集 更 多 的 人 手 。 
str_i_am_running_low_on_troops|我 的 兵 力 即 将 耗 尽 。 
str_we_are_following_your_direction|我 们 会 听 从 你 的 指 示 的 。 
str_i_need_to_make_preparations_for_your_wedding|我 得 为 你 的 婚 礼 做 准 备 。 
str_after_all_i_need_to_make_preparations_for_your_wedding|总 之 ， 我 得 为 你 的 婚 礼 做 准 备 。 
str_i_am_heading_to_the_site_of_our_wedding|我 正 赶 往 我 们 的 婚 礼 现 场 。 
str_after_all_we_are_soon_to_be_wed|毕 竟 ， 我 们 即 将 步 入 婚 姻 的 殿 堂 ！ 
str_i_am_hosting_a_feast_there|我 将 在 那 里 举 办 宴 会 。 
str_i_have_a_feast_to_host|我 有 一 场 宴 会 要 举 办 。 
str_i_am_to_be_the_bridegroom_there|我 将 在 那 里 成 为 新 郎 。 
str_my_wedding_day_draws_near|我 的 婚 期 临 近 了 。 
str_i_have_too_much_loot_and_too_many_prisoners_and_need_to_secure_them|我 带 着 太 多 的 战 利 品 和 俘 虏 ， 需 要 妥 善 安 置 。 
str_i_should_think_of_dropping_off_some_of_my_prisoners|看 来 我 得 丢 下 一 些 俘 虏 了 。 
str_i_need_to_reinforce_it_as_it_is_poorly_garrisoned|它 防 守 薄 弱 ， 我 得 增 援 它 。 
str_there_is_a_hole_in_our_defenses|这 儿 是 我 们 防 线 上 的 一 个 漏 洞 。 
str_i_am_following_the_marshals_orders|我 将 遵 从 元 帅 的 命 令 。 
str_the_marshal_has_given_me_this_command|这 是 元 帅 下 达 给 我 的 指 挥 命 令 。 
str_i_am_answering_the_marshals_summons|我 正 在 回 应 元 帅 的 召 集 。 
str_our_realm_needs_my_support_there_is_enemy_raiding_one_of_our_villages_which_is_not_to_far_from_here_i_am_going_there|我 们 的 王 国 需 要 我 的 支 援 。 敌 人 正 在 劫 掠 我 们 离 此 不 远 处 的 一 个 村 庄 。 我 将 赶 赴 那 里 。 
str_the_marshal_has_issued_a_summons|元 帅 发 布 了 召 集 令 。 
str_comradeinarms|战 友 。 
str_i_am_supporting_my_s11_s10|我 支 持 我 的 {s11}{s10}。 
str_i_believe_that_one_of_my_comrades_is_in_need|我 认 为 有 一 位 同 伴 需 要 帮 助 。 
str_a_fortress_is_vulnerable|一 座 堡 垒 防 守 虚 弱 。 
str_i_believe_that_the_enemy_may_be_vulnerable|我 认 为 敌 军 现 在 很 虚 弱 。 
str_i_need_to_inspect_my_properties_and_collect_my_dues|我 要 去 我 的 治 下 征 税 收 租 。 
str_it_has_been_too_long_since_i_have_inspected_my_estates|我 好 久 没 有 巡 视 我 的 封 地 了 。 
str_my_men_are_weary_so_we_are_returning_home|我 的 部 下 疲 惫 不 堪 ， 所 以 我 们 正 在 返 回 本 营 。 
str_my_men_are_becoming_weary|我 的 部 下 渐 渐 疲 倦 了 。 
str_i_have_a_score_to_settle_with_the_lord_there|我 和 那 里 的 领 主 有 笔 旧 账 要 算 。 
str_i_am_thinking_of_settling_an_old_score|我 在 考 虑 解 决 一 笔 旧 账 。 
str_i_am_short_of_money_and_i_hear_that_there_is_much_wealth_there|我 手 头 拮 据 ， 而 且 听 说 那 里 富 得 流 油 。 
str_i_need_to_refill_my_purse_preferably_with_the_enemys_money|我 得 弄 些 儿 钱 ， 最 好 是 从 敌 人 那 儿 弄 来 。 
str_by_striking_at_the_enemys_richest_lands_perhaps_i_can_draw_them_out_to_battle|突 袭 敌 人 最 富 裕 的 地 方 ， 或 许 能 引 他 们 出 来 决 战 ！ 
str_i_am_thinking_of_going_on_the_attack|我 计 划 执 行 攻 击 。 
str_perhaps_if_i_strike_one_more_blow_we_may_end_this_war_on_our_terms_|或 许 再 给 敌 人 一 记 重 击 ， 我 们 就 能 按 照 我 们 的 条 件 结 束 战 争 。 
str_we_may_be_able_to_bring_this_war_to_a_close_with_a_few_more_blows|再 打 几 场 胜 仗 ， 我 们 说 不 定 就 能 结 束 这 场 战 争 。 
str_i_wish_to_attend_the_feast_there|我 想 参 加 那 儿 的 宴 会 。 
str_there_is_a_feast_which_i_wish_to_attend|那 儿 有 个 我 想 参 加 的 宴 会 。 
str_there_is_a_fair_lady_there_whom_i_wish_to_court|那 儿 有 个 美 女 ， 我 想 追 求 她 。 
str_i_have_the_inclination_to_pay_court_to_a_fair_lady|我 打 算 追 求 一 位 美 女 。 
str_we_have_heard_reports_that_the_enemy_is_in_the_area|我 收 到 报 告 说 敌 军 已 经 进 入 这 块 区 域 。 
str_i_have_heard_reports_of_enemy_incursions_into_our_territory|我 收 到 报 告 说 敌 军 已 经 入 侵 我 们 领 土 。 
str_i_need_to_spend_some_time_with_my_household|我 得 花 些 时 间 陪 陪 家 人 。 
str_it_has_been_a_long_time_since_i_have_been_able_to_spend_time_with_my_household|我 好 久 没 和 家 人 一 起 欢 度 快 乐 时 光 了 。 
str_i_am_watching_the_borders|我 在 看 守 边 境 。 
str_i_may_be_needed_to_watch_the_borders|或 许 会 需 要 我 警 戒 边 界 。 
str_i_will_guard_the_areas_near_my_home|我 会 保 卫 家 乡 附 近 的 区 域 … … 
str_i_am_perhaps_needed_most_at_home|我 也 许 应 该 待 在 家 里 。 
str_i_cant_think_of_anything_better_to_do|我 想 不 出 我 还 能 做 什 么 … … 
str_i_am_completing_what_i_have_already_begun|我 正 在 完 成 已 经 开 始 的 事 。 
str_i_dont_even_have_a_home_to_which_to_return|我 是 无 家 可 归 的 人 。 
str__i_am_acting_independently_because_no_marshal_is_appointed|我 会 独 自 行 动 ， 因 为 还 没 有 任 命 元 帅 。 
str__i_am_acting_independently_because_our_marshal_is_currently_indisposed|我 会 独 自 行 动 ， 因 为 元 帅 目 前 无 法 视 事 。 
str__i_am_acting_independently_because_our_realm_is_currently_not_on_campaign|我 会 独 自 行 动 ， 因 为 我 国 现 在 并 没 有 战 役 。 
str__i_am_not_accompanying_the_marshal_because_i_fear_that_he_may_lead_us_into_disaster|我 不 会 跟 随 元 帅 ， 因 为 我 担 心 他 会 让 我 们 打 败 仗 。 
str_i_am_not_accompanying_the_marshal_because_i_question_his_judgment|我 不 会 跟 随 元 帅 ， 因 为 我 质 疑 他 的 判 断 力 。 
str_i_am_not_accompanying_the_marshal_because_i_can_do_greater_deeds|我 不 会 跟 随 元 帅 ， 因 为 我 可 以 做 得 比 他 更 好 。 
str__s16_has_kept_us_on_campaign_on_far_too_long_and_there_are_other_pressing_matters_to_which_i_must_attend|{s16}已 经 让 我 们 在 这 场 战 役 上 拖 得 太 久 了 ， 并 且 还 有 别 的 紧 迫 的 事 情 必 须 要 我 去 亲 自 处 理 。 
str__i_am_not_participating_in_the_marshals_campaign_because_i_do_not_know_where_to_find_our_main_army|我 没 有 参 与 元 帅 的 征 战 ， 因 为 我 找 不 到 我 们 的 大 部 队 。 
str__i_am_acting_independently_although_some_enemies_have_been_spotted_within_our_borders_they_havent_come_in_force_and_the_local_troops_should_be_able_to_dispatch_them|我 会 独 自 行 动 。 尽 管 在 我 们 的 边 界 上 发 现 了 一 些 敌 人 ， 但 他 们 并 没 有 大 规 模 地 进 犯 ， 而 地 方 守 军 将 能 够 消 灭 他 们 。 
str__the_needs_of_the_realm_must_come_first|国 家 的 需 求 优 先 。 
str_we_are_likely_to_be_overwhelmed_by_the_s9_let_each_defend_their_own|我 们 快 被 {s9}打 败 了 ， 各 自 为 战 吧 。 
str_we_should_see_this_siege_through|我 们 应 该 坚 持 到 围 攻 结 束 。 
str_we_should_prepare_to_defend_s21_but_we_should_gather_our_forces_until_we_are_strong_enough_to_engage_them|我 们 应 该 着 手 准 备 防 守 {s21}, 但 是 我 们 必 须 先 集 结 部 队 来 获 得 足 够 让 我 们 取 胜 的 力 量 。 
str_we_should_prepare_to_defend_s21_but_first_we_have_to_gather|我 们 应 该 着 手 准 备 防 守 {s21}。 现 在 首 先 我 们 必 须 集 结 部 队 。 
str_we_should_ride_to_break_the_siege_of_s21|我 们 应 该 击 破 对 {s21}的 包 围 。 
str_we_should_ride_to_defeat_the_enemy_gathered_near_s21|我 们 应 该 突 袭 {s21}附 近 的 敌 军 。 
str_we_have_located_s21s_army_and_we_should_engage_it|发 现 了 {s21}的 军 队 ， 我 们 得 迎 击 。 
str_this_offensive_needs_to_wind_down_soon_so_the_vassals_can_attend_to_their_own_business|我 们 得 速 战 速 决 ， 好 让 封 臣 们 处 理 自 己 的 事 务 。 
str_the_vassals_are_tired_we_let_them_rest_for_some_time|领 主 们 已 经 厌 倦 了 一 次 又 一 次 的 战 役 ， 我 们 应 该 让 他 们 休 整 一 段 时 间 。 
str_the_vassals_still_need_time_to_attend_to_their_own_business|封 臣 们 还 需 要 时 间 去 处 理 他 们 的 私 事 。 
str_it_is_time_to_go_on_the_offensive_and_we_must_first_assemble_the_army|是 时 候 进 攻 了 ， 我 们 得 先 召 集 军 队 
str_we_must_continue_to_gather_the_army_before_we_ride_forth_on_an_offensive_operation|我 们 只 召 集 了 寥 寥 几 位 领 主 ， 在 决 定 进 攻 目 标 并 出 发 前 ， 我 们 一 定 要 聚 集 更 多 的 部 队 。 
str_there_is_no_need_to_beat_around_the_borders__we_can_take_one_of_their_important_towns|无 需 在 边 境 周 旋 ， 我 们 可 以 直 取 他 们 的 一 个 重 镇 。 
str_we_should_exploit_our_success_over_s21_by_seizing_one_of_their_fortresses|我 们 应 该 趁 着 击 败 {s21}的 士 气 ， 乘 势 夺 取 他 们 的 一 个 要 塞 。 
str_we_shall_leave_a_fiery_trail_through_the_heart_of_the_enemys_lands_targeting_the_wealthy_settlements_if_we_can|我 们 应 该 长 驱 直 入 ， 直 捣 敌 国 的 核 心 ， 竭 尽 所 能 攻 占 那 些 富 有 的 城 镇 。 
str_the_army_will_be_disbanded_because_we_have_been_waiting_too_long_without_a_target|军 队 将 被 解 散 ， 因 为 我 们 花 了 太 长 时 间 来 考 虑 ， 却 还 没 有 一 个 攻 击 的 目 标 。 
str_it_is_time_for_the_feast_to_conclude|宴 会 该 结 束 了 。 
str_we_should_continue_the_feast_unless_there_is_an_emergency|除 非 有 紧 急 事 务 ， 否 则 我 们 应 该 继 续 享 用 宴 会 。 
str_you_had_wished_to_hold_a_feast|你 想 过 要 举 办 一 次 宴 会 。 
str_your_wedding_day_approaches_my_lady|你 的 婚 期 已 近 ， 尊 敬 的 女 士 。 
str_your_wedding_day_approaches|你 的 婚 期 临 近 了 。 
str_s22_and_s23_wish_to_marry|{s22}和 {s23}打 算 结 婚 。 
str_it_has_been_a_long_time_since_the_lords_of_the_realm_gathered_for_a_feast|这 个 王 国 的 领 主 们 已 经 很 久 没 有 聚 在 一 起 举 行 宴 会 了 。 
str_the_circumstances_which_led_to_this_decision_no_longer_apply_so_we_should_stop_and_reconsider_shortly|此 一 时 彼 一 时 ， 我 们 应 该 立 刻 停 下 来 ， 重 新 考 虑 这 件 事 。 
str_s15_is_at_war_with_s16_|{s15}正 在 和 {s16}开 战 。 
str_in_the_short_term_s15_has_a_truce_with_s16_as_a_matter_of_general_policy_|眼 下 从 一 般 性 政 策 上 来 说 ， {s15}与 {s16}达 成 了 停 战 协 议 。 ， 
str_in_the_short_term_s15_was_recently_provoked_by_s16_and_is_under_pressure_to_declare_war_as_a_matter_of_general_policy_|眼 下 从 一 般 性 政 策 上 来 说 ， {s16}近 来 的 挑 衅 行 为 ， 使 得 {s15}被 迫 宣 战 。 
str_s12s15_cannot_negotiate_with_s16_as_to_do_so_would_undermine_reg4herhis_own_claim_to_the_throne_this_civil_war_must_almost_certainly_end_with_the_defeat_of_one_side_or_another|{s12}{s15}拒 绝 与 {s16}和 谈 ， 这 么 做 会 削 弱 {reg4?她 :他 }对 王 权 的 掌 控 。 这 场 内 战 不 会 轻 易 结 束 ， 除 非 某 一 方 被 另 一 方 彻 底 击 败 
str_s12s15_considers_s16_to_be_dangerous_and_untrustworthy_and_shehe_wants_to_bring_s16_down|{s12}{s15}认 为 {s16}既 危 险 ， 又 靠 不 住 ， 所 以 想 打 倒 {s16} 
str_s12s15_is_anxious_to_reclaim_old_lands_such_as_s18_now_held_by_s16|{s12}{s15}急 于 收 回 原 有 的 领 地 ， 比 如 现 在 归 属 于 {s16}的 {s18} 
str_s12s15_feels_that_reg4shehe_is_winning_the_war_against_s16_and_sees_no_reason_not_to_continue|{s12}{s15}觉 得 {reg4?她 :他 }快 要 赢 得 与 {s16}的 战 争 了 ， 所 以 没 理 由 不 继 续 打 下 去 
str_s12s15_faces_too_much_internal_discontent_to_feel_comfortable_ignoring_recent_provocations_by_s16s_subjects|{s12}{s15}面 临 了 太 多 的 内 部 不 满 情 绪 ， 以 至 于 不 能 坦 然 忽 视 {s16}的 臣 民 最 近 的 挑 衅 
str_s12even_though_reg4shehe_is_fighting_on_two_fronts_s15_is_inclined_to_continue_the_war_against_s16_for_a_little_while_longer_for_the_sake_of_honor|{s12}尽 管 两 面 受 敌 ， 出 于 对 荣 誉 的 维 护 ， {s15}还 是 倾 向 于 继 续 跟 {s16}作 战 
str_s12s15_feels_that_reg4shehe_must_pursue_the_war_against_s16_for_a_little_while_longer_for_the_sake_of_honor|出 于 对 荣 誉 的 考 虑 ， {s12}{s15}觉 得 应 该 继 续 与 {s16}交 战 
str_s12s15_is_currently_on_the_offensive_against_s17_now_held_by_s16_and_reluctant_to_negotiate|{s12}{s15}目 前 正 在 进 攻 {s16}的 领 地 {s17}, 并 且 不 接 受 和 谈 
str_s12s15_is_alarmed_by_the_growing_power_of_s16|{s16}的 实 力 日 益 壮 大 ， 让 {s12}{s15}心 生 警 惕 
str_s12s15_distrusts_s16_and_fears_that_any_deals_struck_between_the_two_realms_will_not_be_kept|{s12}{s15}不 信 任 {s16}, 担 心 王 国 之 间 达 成 的 任 何 协 议 可 能 不 保 
str_s12s15_is_at_war_on_too_many_fronts_and_eager_to_make_peace_with_s16|{s12}{s15}四 面 受 敌 ， 非 常 希 望 能 与 {s16}和 谈 
str_s12s15_seems_to_think_that_s16_and_reg4shehe_have_a_common_enemy_in_the_s17|{s12}{s15}认 为 {reg4?她 :他 }跟 {s16}有 一 个 共 同 敌 对 的 目 标 ， 那 就 是 {s17} 
str_s12s15_feels_frustrated_by_reg4herhis_inability_to_strike_a_decisive_blow_against_s16|{s12}{s15}对 {reg4?她 :他 }未 能 给 与 {s16}决 定 性 的 打 击 感 到 相 当 失 望 
str_s12s15_has_suffered_enough_in_the_war_with_s16_for_too_little_gain_and_is_ready_to_pursue_a_peace|{s12}{s15}在 与 {s16}的 交 战 中 吃 够 了 苦 头 ， 而 收 获 甚 微 ， 所 以 准 备 和 谈 
str_s12s15_would_like_to_firm_up_a_truce_with_s16_to_respond_to_the_threat_from_the_s17|{s12}{s15}想 要 稳 固 与 {s16}之 间 的 停 战 协 定 ， 以 此 来 应 对 来 自 {s17}的 威 胁 
str_s12s15_wishes_to_be_at_peace_with_s16_so_as_to_pursue_the_war_against_the_s17|{s12}{s15}希 望 与 {s16}保 持 和 平 以 便 继 续 与 {s17}的 战 争 
str_s12s15_seems_to_be_intimidated_by_s16_and_would_like_to_avoid_hostilities|{s12}{s15}似 乎 受 到 {s16}的 威 胁 ， 表 示 愿 意 与 之 停 战 
str_s12s15_has_no_particular_reason_to_continue_the_war_with_s16_and_would_probably_make_peace_if_given_the_opportunity|{s12}{s15}已 经 没 有 了 继 续 与 {s16}交 战 的 理 由 ， 一 旦 时 机 成 熟 ， 双 方 将 恢 复 和 平 
str_s12s15_seems_to_be_willing_to_improve_relations_with_s16|{s12}{s15}似 乎 愿 意 与 {s16}加 深 友 好 关 系 
str_excuse_me_how_can_you_possibly_imagine_yourself_worthy_to_marry_into_our_family|你 说 什 么 ？ 你 是 怎 么 觉 得 你 有 资 格 跟 我 们 家 族 联 姻 的 ？ 
str_em_with_regard_to_her_ladyship_we_were_looking_specifically_for_a_groom_of_some_distinction_fight_hard_count_your_dinars_and_perhaps_some_day_in_the_future_we_may_speak_of_such_things_my_good_man|嗯 … … 关 于 小 姐 的 婚 事 ， 我 们 需 要 一 位 卓 尔 不 凡 的 夫 婿 。 多 立 战 功 ， 攒 足 金 币 ， 或 许 将 来 某 日 我 们 还 能 再 议 ， 我 的 好 先 生 ！ 
str_em_with_regard_to_her_ladyship_we_were_looking_specifically_for_a_groom_of_some_distinction|嗯 … … 关 于 小 姐 的 婚 事 ， 我 们 需 要 一 位 卓 尔 不 凡 的 夫 婿 。 
str_it_is_too_early_for_you_to_be_speaking_of_such_things_you_are_still_making_your_mark_in_the_world|谈 论 此 事 为 时 尚 早 。 您 尚 未 在 世 间 立 下 足 以 称 道 的 功 业 。 
str_you_dont_serve_the_s4_so_id_say_no_one_day_we_may_be_at_war_and_i_prefer_not_to_have_to_kill_my_inlaws_if_at_all_possible|你 并 没 有 效 力 于 {s4}, 所 以 我 得 说 “ 不 ”。 如 果 有 一 天 我 们 在 战 场 上 相 遇 ， 我 可 不 想 杀 了 我 的 姻 亲 。 
str_as_you_are_not_a_vassal_of_the_s4_i_must_decline_your_request_the_twists_of_fate_may_mean_that_we_will_one_day_cross_swords_and_i_would_hope_not_to_make_a_widow_of_a_lady_whom_i_am_obligated_to_protect|你 并 不 是 {s4}的 封 臣 ， 所 以 我 回 绝 你 的 请 求 。 要 知 道 ， 无 常 的 命 运 可 能 会 让 我 们 刀 剑 相 向 ， 我 可 不 希 望 把 我 应 该 保 护 的 女 士 变 成 寡 妇 。 
str_as_you_are_not_a_pledged_vassal_of_our_liege_with_the_right_to_hold_land_i_must_refuse_your_request_to_marry_into_our_family|既 然 你 不 是 效 忠 于 吾 王 的 封 臣 ， 没 有 统 治 领 地 的 权 力 ， 那 么 我 必 须 拒 绝 你 与 我 的 家 族 联 姻 的 请 求 。 
str_look_here_lad__the_young_s14_has_been_paying_court_to_s16_and_youll_have_to_admit__hes_a_finer_catch_for_her_than_you_so_lets_have_no_more_of_this_talk_shall_we|听 着 ， 小 伙 子 — — 年 轻 的 {s14}已 经 提 出 了 对 {s16}的 追 求 ， 而 且 你 不 得 不 承 认 — — 他 比 你 更 配 得 上 她 。 咱 们 别 再 提 这 事 了 ， 行 吗 ？ 
str_i_do_not_care_for_you_sir_and_i_consider_it_my_duty_to_protect_the_ladies_of_my_household_from_undesirable_suitors|我 并 不 看 好 你 ， 先 生 ， 我 的 职 责 是 保 护 我 的 家 族 的 女 士 们 ， 远 离 那 些 不 合 意 的 追 求 者 … … 
str_hmm_young_girls_may_easily_be_led_astray_so_out_of_a_sense_of_duty_to_the_ladies_of_my_household_i_think_i_would_like_to_get_to_know_you_a_bit_better_we_may_speak_of_this_at_a_later_date|嗯 ， 年 轻 的 姑 娘 们 很 容 易 被 引 入 歧 途 ， 所 以 ， 出 于 对 我 家 族 的 女 士 们 的 责 任 感 ， 我 需 要 更 深 入 地 了 解 你 。 这 事 儿 咱 们 以 后 再 说 吧 。 
str_you_may_indeed_make_a_fine_match_for_the_young_mistress|你 也 许 真 的 跟 这 位 年 轻 的 女 士 很 般 配 。 
str_madame__given_our_relations_in_the_past_this_proposal_is_most_surprising_i_do_not_think_that_you_are_the_kind_of_woman_who_can_be_bent_to_a_hushands_will_and_i_would_prefer_not_to_have_our_married_life_be_a_source_of_constant_acrimony|夫 人 ， 鉴 于 我 们 以 往 的 交 情 ， 您 这 份 求 婚 实 在 令 人 意 外 。 我 认 为 您 绝 非 那 种 屈 从 于 丈 夫 意 志 的 女 人 ， 而 我 也 不 想 让 我 们 的 婚 姻 生 活 成 为 永 无 休 止 的 争 吵 之 源 。 
str_i_would_prefer_to_marry_a_proper_maiden_who_will_obey_her_husband_and_is_not_likely_to_split_his_head_with_a_sword|我 希 望 我 的 妻 子 是 能 温 顺 服 从 丈 夫 的 那 种 ， 而 不 是 会 用 剑 削 掉 他 的 脑 袋 的 。 
str_my_lady_while_i_admire_your_valor_you_will_forgive_me_if_i_tell_you_that_a_woman_like_you_does_not_uphold_to_my_ideal_of_the_feminine_of_the_delicate_and_of_the_pure|女 士 ， 虽 然 我 敬 佩 您 的 勇 气 ， 但 还 请 您 见 谅 — — 在 我 心 中 ， 纤 柔 纯 洁 方 为 女 性 之 美 ， 而 您 这 样 强 悍 的 女 子 ， 实 在 难 符 我 的 想 象 。 
str_nah_i_want_a_woman_wholl_keep_quiet_and_do_what_shes_told_i_dont_think_thats_you|不 ， 我 想 要 一 个 安 安 静 静 ， 唯 命 是 从 的 女 人 。 我 觉 得 你 不 是 那 样 的 人 。 
str_my_lady_you_are_possessed_of_great_charms_but_no_properties_until_you_obtain_some_to_marry_you_would_be_an_act_of_ingratitude_towards_my_ancestors_and_my_lineage|女 士 ， 您 确 有 动 人 风 姿 ， 却 身 无 恒 产 。 若 在 您 获 得 财 产 之 前 成 婚 ， 于 我 祖 先 和 家 族 而 言 ， 无 异 于 忘 恩 负 义 之 举 。 
str_my_lady_you_are_a_woman_of_no_known_family_of_no_possessions__in_short_a_nobody_do_you_think_that_you_are_fit_to_marry_into_may_family|女 士 ， 您 无 名 无 姓 ， 一 无 所 有 — — 总 而 言 之 ， 就 是 个 无 足 轻 重 之 人 。 难 道 您 以 为 自 己 配 得 上 嫁 入 我 的 家 族 ？ 
str_my_lady__forgive_me__the_quality_of_our_bond_is_not_of_the_sort_which_the_poets_tell_us_is_necessary_to_sustain_a_happy_marriage|女 士 ， 请 原 谅 我 。 我 们 之 间 的 情 分 ， 并 非 诗 人 所 言 维 系 幸 福 婚 姻 必 需 的 那 种 心 灵 契 合 。 
str_um_i_think_that_if_i_want_to_stay_on_s4s_good_side_id_best_not_marry_you|嗯 ， 如 果 我 要 继 续 跟 {s4}好 好 相 处 的 话 ， 最 好 不 要 跟 你 结 婚 。 
str_you_serve_another_realm_i_dont_see_s4_granting_reg4herhis_blessing_to_our_union|你 效 力 于 其 他 王 国 。 我 觉 得 {s4}不 会 祝 福 我 们 的 婚 姻 的 。 
str_madame_my_heart_currently_belongs_to_s4|夫 人 ， 我 的 心 现 在 属 于 {s4}。 
str_my_lady_you_are_a_woman_of_great_spirit_and_bravery_possessed_of_beauty_grace_and_wit_i_shall_give_your_proposal_consideration|尊 敬 的 女 士 ， 你 是 一 位 集 勇 气 与 智 慧 ， 美 貌 与 优 雅 于 一 身 的 女 性 。 我 会 好 好 考 虑 你 的 提 议 的 。 
str_my_lady_you_are_a_woman_of_great_spirit_and_bravery_possessed_of_beauty_grace_and_wit_i_would_be_most_honored_were_you_to_become_my_wife|尊 敬 的 女 士 ， 你 是 一 位 集 勇 气 与 智 慧 ， 美 貌 与 优 雅 于 一 身 的 女 性 。 能 娶 你 为 妻 是 我 莫 大 的 荣 耀 。 
str_ah__kais_and_layali__such_a_sad_tale_many_a_time_has_it_been_recounted_for_my_family_by_the_wandering_poets_who_come_to_our_home_and_it_has_never_failed_to_bring_tears_to_our_eyes|啊 — — 《 凯 斯 与 莱 娅 丽 》 — — 多 么 哀 伤 的 故 事 。 每 当 游 吟 诗 人 来 到 我 家 ， 总 会 为 我 们 讲 述 这 个 故 事 ， 每 次 都 让 我 们 泪 流 满 面 。 
str_kais_and_layali_three_hundred_stanzas_of_pathetic_sniveling_if_you_ask_me_if_kais_wanted_to_escape_heartbreak_he_should_have_learned_to_live_within_his_station_and_not_yearn_for_what_he_cannot_have|《 凯 斯 与 莱 娅 丽 》 ？ 要 我 说 ， 简 直 是 三 百 节 可 怜 的 啜 泣 。 凯 斯 若 想 避 免 心 碎 ， 就 该 安 于 现 状 ， 不 要 痴 想 不 可 得 之 物 。 
str_kais_and_layali_no_one_should_ever_have_written_such_a_sad_poem_if_it_was_the_destiny_of_kais_and_layali_to_be_together_than_their_love_should_have_conquered_all_obstacles|《 凯 斯 与 莱 娅 丽 》 ？ 根 本 不 该 有 人 写 这 样 悲 伤 的 诗 ！ 若 凯 斯 和 莱 娅 丽 命 定 相 依 ， 他 们 的 爱 就 该 战 胜 一 切 阻 碍 ！ 
str_ah_kais_and_layali_a_very_old_standby_but_moving_in_its_way|啊 ， 《 凯 斯 与 莱 娅 丽 》 。 虽 是 老 掉 牙 的 故 事 ， 却 别 有 一 番 动 人 之 处 。 
str_the_saga_of_helgered_and_kara_such_happy_times_in_which_our_ancestors_lived_women_like_kara_could_venture_out_into_the_world_like_men_win_a_name_for_themselves_and_not_linger_in_their_husbands_shadow|《 海 尔 加 德 与 卡 拉 传 奇 》 ？ 我 们 的 祖 先 曾 经 生 活 得 多 么 自 在 ！ 像 卡 拉 这 样 的 女 子 ， 能 如 男 人 般 闯 荡 世 界 ， 闯 出 名 声 ， 不 屈 居 丈 夫 阴 影 之 下 。 
str_ah_the_saga_of_helgered_and_kara_now_there_was_a_lady_who_knew_what_she_wanted_and_was_not_afraid_to_obtain_it|啊 ， 《 海 尔 加 德 与 卡 拉 传 奇 》 。 那 才 是 一 位 明 知 所 求 、 无 畏 追 求 的 女 士 。 
str_the_saga_of_helgered_and_kara_a_terrible_tale__but_it_speaks_of_a_very_great_love_if_she_were_willing_to_make_war_on_her_own_family|《 海 尔 加 德 与 卡 拉 传 奇 》 ？ 虽 是 个 悲 惨 的 故 事 — — 但 若 她 愿 为 爱 向 自 家 族 开 战 ， 那 便 是 至 深 至 切 的 爱 了 。 
str_the_saga_of_helgered_and_kara_as_i_recall_kara_valued_her_own_base_passions_over_duty_to_her_family_that_she_made_war_on_her_own_father_i_have_no_time_for_a_poem_which_praises_such_a_woman|《 海 尔 加 德 与 卡 拉 传 奇 》 ？ 据 我 所 记 ， 卡 拉 为 了 私 欲 抛 弃 家 族 责 任 ， 甚 至 向 父 亲 宣 战 。 我 可 没 时 间 欣 赏 赞 美 这 种 女 人 的 诗 。 
str_the_saga_of_helgered_and_kara_how_could_a_woman_don_armor_and_carry_a_sword_how_could_a_man_love_so_ungentle_a_creature|“《 海 尔 加 德 与 卡 拉 传 奇 》 ？ 女 人 怎 么 能 穿 上 盔 甲 ， 拿 起 剑 呢 ？ 男 人 又 怎 么 会 爱 上 这 么 粗 鲁 的 家 伙 ！ 
str_a_conversation_in_the_garden_i_cannot_understand_the_lady_in_that_poem_if_she_loves_the_man_why_does_she_tease_him_so|《 花 园 之 辩 》 ？ 我 实 在 读 不 懂 诗 里 的 女 子 。 既 然 爱 那 个 男 人 ， 为 何 还 要 如 此 戏 弄 他 ？ 
str_a_conversation_in_the_garden_let_us_see__it_is_morally_unedifying_it_exalts_deception_it_ends_with_a_maiden_surrendering_to_her_base_passions_and_yet_i_cannot_help_but_find_it_charming_perhaps_because_it_tells_us_that_love_need_not_be_tragic_to_be_memorable|《 花 园 之 辩 》 ？ 你 看 — — 毫 无 教 化 意 义 ， 歌 颂 欺 骗 ， 最 终 使 一 个 少 女 屈 从 于 她 低 级 的 情 欲 … … 不 过 我 还 是 觉 得 它 很 迷 人 ， 或 许 因 为 它 告 诉 我 们 ， 爱 不 必 以 悲 剧 留 名 。 
str_a_conversation_in_the_garden_now_that_is_a_tale_every_lady_should_know_by_heart_to_learn_the_subtleties_of_the_politics_she_must_practice|《 花 园 之 辩 》 ？ 这 才 是 每 位 女 士 都 应 熟 记 的 故 事 ， 从 中 领 悟 必 需 的 权 谋 机 变 ！ 
str_a_conversation_in_the_garden_it_is_droll_i_suppose__although_there_is_nothing_there_that_truly_stirs_my_soul|《 花 园 之 辩 》 ？ 算 是 个 滑 稽 的 故 事 吧 — — 虽 然 没 什 么 真 正 触 动 我 心 灵 的 地 方 。 
str_storming_the_fortress_of_love_ah_yes_the_lady_sits_within_doing_nothing_while_the_man_is_the_one_who_strives_and_achieves_i_have_enough_of_that_in_my_daily_life_why_listen_to_poems_about_it|《 强 攻 爱 之 堡 》 ？ 哈 ， 对 啊 。 女 子 坐 等 其 成 ， 男 人 拼 死 争 夺 。 我 日 常 生 活 里 这 种 事 够 多 了 ， 何 必 听 诗 里 再 讲 ？ 
str_storming_the_fortress_of_love_ah_yes_an_uplifting_tribute_to_the_separate_virtues_of_man_and_woman|《 强 攻 爱 之 堡 》 ？ 啊 ， 是 的 。 一 首 振 奋 人 心 ， 赞 美 男 人 和 女 人 各 自 的 美 德 的 颂 词 。 
str_storming_the_fortress_of_love_ah_yes_but_although_it_is_a_fine_tale_of_virtues_it_speaks_nothing_of_passion|《 强 攻 爱 之 堡 》 ？ 是 啊 ， 虽 然 讲 德 行 讲 得 很 好 ， 却 绝 口 不 提 激 情 ！ 
str_storming_the_fortress_of_love_ah_a_sermon_dressed_up_as_a_love_poem_if_you_ask_me|《 强 攻 爱 之 堡 》 ？ 哈 … … 在 我 看 来 ， 不 过 是 裹 着 爱 情 诗 外 衣 的 道 德 教 诲 罢 了 。 
str_a_hearts_desire_ah_such_a_beautiful_account_of_the_perfect_perfect_love_to_love_like_that_must_be_to_truly_know_rapture|《 心 之 所 向 》 ？ 啊 ， 对 完 美 爱 情 的 描 述 多 么 动 人 ！ 若 能 如 此 去 爱 ， 定 能 领 略 至 臻 至 乐 ！ 
str_a_hearts_desire_silly_if_you_ask_me_if_the_poet_desires_a_lady_then_he_should_endeavor_to_win_her__and_not_dress_up_his_desire_with_a_pretense_of_piety|《 心 之 所 向 》 ？ 荒 唐 ， 要 我 说 。 诗 人 若 倾 慕 女 子 ， 便 该 努 力 追 求 ， 而 非 用 虔 诚 的 外 表 包 装 欲 望 ！ 
str_a_hearts_desire_hmm__it_is_an_interesting_exploration_of_earthly_and_divine_love_it_does_speak_of_the_spiritual_quest_which_brings_out_the_best_in_man_but_i_wonder_if_the_poet_has_not_confused_his_yearning_for_higher_things_with_his_baser_passions|“《 心 之 所 向 》 ？ 嗯 — — 对 世 俗 与 神 圣 之 爱 的 探 讨 的 确 有 趣 。 诗 中 论 及 激 发 人 类 至 善 的 精 神 追 求 ， 但 我 怀 疑 诗 人 是 否 混 淆 了 高 尚 理 想 与 卑 劣 欲 望 。 
str_a_hearts_desire_oh_yes__it_is_very_worthy_and_philosophical_but_if_i_am_to_listen_to_a_bard_strum_a_lute_for_three_hours_i_personally_prefer_there_to_be_a_bit_of_a_story|《 心 之 所 向 》 ？ 哦 ， 是 的 — — 这 首 诗 富 有 哲 理 ， 值 得 一 读 。 不 过 ， 如 果 要 我 听 吟 游 诗 人 弹 整 整 三 个 钟 头 的 鲁 特 琴 ， 我 个 人 还 是 倾 向 于 内 容 里 有 那 么 一 点 儿 故 事 。 
str_reg3_units_of_s4_for_reg5_guests_and_retinue|{reg3}个 {s4}给 {reg5}个 客 人 以 及 随 行 人 员 
str_reg3_units_of_spice_of_reg5_to_be_consumed|消 耗 了 {reg5}个 单 位 的 香 料 中 的 {reg3}个 
str_reg3_units_of_oil_of_reg5_to_be_consumed|消 耗 了 {reg5}个 单 位 的 油 中 的 {reg3}个 
str_of_food_which_must_come_before_everything_else_the_amount_is_s8|作 为 最 先 供 应 的 食 物 ， 总 数 是 {s8}
str_s9_and_the_variety_is_s8_|{s9}并 且 种 类 是 {s8}。 
str_s9_of_drink_which_guests_will_expect_in_great_abundance_the_amount_is_s8|{s9}的 酒 ， 供 宾 客 畅 饮 ， 总 数 是 {s8}
str_s9_of_spice_which_is_essential_to_demonstrate_that_we_spare_no_expense_as_hosts_the_amount_is_s8_|{s9}的 香 料 ， 是 主 人 待 客 不 惜 成 本 的 象 征 ， 总 数 是 {s8}。 
str_s9_of_oil_which_we_shall_require_to_light_the_lamps_the_amount_is_s8|{s9}的 油 ， 用 于 点 灯 之 需 ， 总 数 是 {s8}。 
str_s9_overall_our_table_will_be_considered_s8|{s9}综 合 所 有 因 素 来 看 ， 我 们 的 宴 席 将 被 评 价 为 {s8}。 
str_rebel|叛 军 
str_bandit|强 盗 
str_relation_of_prisoner_with_captor_is_reg0|囚 犯 与 捕 获 者 的 关 系 是 {reg0}
str_s5_suffers_attrition_reg3_x_s4|{s5}遭 受 损 耗 ： {reg3}x {s4}
str_s10_said_on_s1_s11__|{s10}在 {s1}说 ： {s11}^^ 
str_totalling_casualties_caused_during_mission|统 计 任 务 中 伤 亡 人 数 … … 
str_removing_s4_from_s5|从 {s5}取 走 {s4}
str_s4_joins_prison_break|{s4}参 与 越 狱 
str_helper_is_spawned|协 助 者 已 经 出 现 。 
str_leaving_area_during_prison_break|在 越 狱 时 离 开 这 个 地 区 
str_talk_to_the_trainer|和 教 练 谈 谈 。 
str_woman|女 人 
str_man|男 人 
str_noble|贵 族 
str_common|普 通 人 
str_may_find_that_you_are_able_to_take_your_place_among_calradias_great_lords_relatively_quickly|你 也 许 能 相 对 较 快 地 在 卡 拉 迪 亚 的 伟 大 领 主 中 占 有 一 席 之 地 。 
str_may_face_some_difficulties_establishing_yourself_as_an_equal_among_calradias_great_lords|在 跻 身 卡 拉 迪 亚 伟 大 领 主 的 行 列 的 过 程 中 ， 可 能 会 遇 到 一 些 困 难 。 
str_may_face_great_difficulties_establishing_yourself_as_an_equal_among_calradias_great_lords|在 跻 身 卡 拉 迪 亚 伟 大 领 主 的 行 列 的 过 程 中 ， 可 能 面 临 巨 大 的 困 难 。 
str_current_party_morale_is_reg5_current_party_morale_modifiers_are__base_morale__50_party_size_s2reg1_leadership_s3reg2_food_variety_s4reg3s5s6_recent_events_s7reg4_total__reg5___|当 前 队 伍 士 气 为 ： {reg5}^ 影 响 士 气 的 因 素 如 下 ： ^^ 基 础 士 气 ： +{reg6}^ 队 伍 规 模 ： {s2}{reg1}^ 统 帅 能 力 ： {s3}{reg2}^ 食 物 种 类 ： {s4}{reg3}{s5}{s6}^ 最 近 事 件 ： {s7}{reg4}^ 合 计 ： {reg5}^^^ 
str_s1extra_morale_for_s9_troops__reg6_|{s1}{s9}的 士 兵 获 得 的 额 外 士 气 ： {reg6}^
str_courtships_in_progress_|求 爱 进 程 ： ^ 
str_s1_s2_relation_reg3_last_visit_reg4_days_ago|{s1}^{s2} , 关 系 {reg3} , 上 一 次 见 面 是 在 {reg4}天 前 
str_s1__poems_known|{s1}^^ 学 得 的 诗 歌 ： 
str_s1_storming_the_castle_of_love_allegoric|{s1}^ 《 强 攻 爱 之 堡 》 （ 寓 言 类 ） 
str_s1_kais_and_layali_tragic|{s1}^《 凯 斯 和 莱 娅 丽 》 （ 悲 剧 类 ） 
str_s1_a_conversation_in_the_garden_comic|{s1}^ 《 花 园 之 辩 》 （ 喜 剧 类 ） 
str_s1_helgered_and_kara_epic|{s1}^《 海 尔 加 德 与 卡 拉 传 奇 》 （ 史 诗 类 ） 
str_s1_a_hearts_desire_mystic|{s1}^ 《 心 之 所 向 》 （ 神 秘 类 ） 
str_no_companions_in_service|没 有 服 役 中 的 同 伴 
str_gathering_support|募 集 支 持 
str_expected_back_imminently|预 计 很 快 返 回 
str_expected_back_in_approximately_reg3_days|预 计 在 大 约 {reg3}日 后 回 来 
str_gathering_intelligence|收 集 情 报 
str_diplomatic_embassy_to_s9|去 {s9}的 外 交 大 使 
str_serving_as_minister|当 首 席 大 臣 
str_in_your_court_at_s9|在 你 {s9}的 大 厅 
str_under_arms|在 役 
str_in_your_party|在 你 的 队 伍 里 
str_attacking_enemy_army_near_s11|在 {s11}附 近 发 现 敌 情 
str_holding_feast_at_s11|在 {s11}举 行 宴 会 
str_s9s10_current_state_s11_hours_at_current_state_reg3_current_strategic_thinking_s14_marshall_s12_since_the_last_offensive_ended_reg4_hours_since_the_decisive_event_reg10_hours_since_the_last_rest_reg9_hours_since_the_last_feast_ended_reg5_hours_percent_disgruntled_lords_reg7_percent_restless_lords_reg8__|{s9}{s10}^ 当 前 状 况 ： {s11}^ 当 前 状 态 延 续 小 时 ： {reg3}^ 当 前 战 略 考 虑 ： {s14}^ 元 帅 ： {s12}^ 自 上 次 进 攻 结 束 至 今 ： {reg4}小 时 ^ 自 决 定 性 事 件 至 今 ： {reg10}小 时 ^ 自 上 次 超 过 十 八 小 时 的 休 息 至 今 ： {reg9}小 时 ^ 自 上 次 宴 会 结 束 至 今 ： {reg5}小 时 ^ 不 满 的 领 主 比 例 ： {reg7}%^ 不 安 分 的 领 主 比 例 ： {reg8}%^^ 
str__right_to_rule_reg12|^ 拥 有 统 治 权 ： {reg12}。 
str_political_arguments_made_legality_reg3_rights_of_lords_reg4_unificationpeace_reg5_rights_of_commons_reg6_fief_pledges_reg7|政 治 争 议 构 成 ： ^ 合 法 性 ： {reg3}^ 领 主 权 利 ： {reg4}^ 统 一 /和 平 ： {reg5}^ 平 民 权 利 ： {reg6}^ 领 地 归 属 ： {reg7}
str_renown_reg2_honour_rating_reg3s12_friends_s8_enemies_s6_s9|声 望 ： {reg2}^ 荣 誉 等 级 ： {reg3}。 {s12}^ 朋 友 ： {s8}。^ 敌 人 ： {s6}。^{s9}
str_you_lie_stunned_for_several_minutes_then_stagger_to_your_feet_to_find_your_s10_standing_over_you_you_have_lost_the_duel|你 晕 倒 了 好 一 阵 子 ， 随 后 挣 扎 着 爬 起 来 ， {s10}在 一 旁 俯 视 着 你 。 你 输 掉 了 这 场 决 斗 。 
str_s10_lies_in_the_arenas_dust_for_several_minutes_then_staggers_to_his_feet_you_have_won_the_duel|{s10}在 竞 技 场 的 尘 土 里 躺 了 一 阵 子 ， 随 后 挣 扎 着 爬 起 来 。 你 赢 得 了 决 斗 。 
str__this_castle_is_temporarily_under_royal_control|这 座 城 堡 暂 时 由 王 室 直 辖 。 
str__this_castle_does_not_seem_to_be_under_anyones_control|这 座 堡 垒 好 像 处 于 无 主 状 态 。 
str__this_town_is_temporarily_under_royal_control|这 座 城 镇 暂 时 由 王 室 直 辖 。 
str__the_townspeople_seem_to_have_declared_their_independence|这 座 城 镇 的 市 民 似 乎 宣 布 了 独 立 自 治 。 
str_to_your_husband_s11|到 你 丈 夫 ， {s11}。 
str__you_see_the_banner_of_your_wifehusband_s7_over_the_castle_gate|你 看 见 城 堡 的 大 门 上 悬 挂 着 你 {妻 子 /丈 夫 }{s7}的 旗 帜 。 
str__the_banner_of_your_wifehusband_s7_flies_over_the_town_gates|你 看 见 城 镇 的 大 门 上 飘 扬 着 你 {妻 子 /丈 夫 }{s7}的 旗 帜 。 
str__the_lord_is_currently_holding_a_feast_in_his_hall|^ 领 主 正 在 厅 堂 里 大 宴 宾 客 。 
str__join_the_feast|（ 参 加 宴 会 ） 
str_belligerent_drunk_in_s4|闹 事 的 酒 鬼 在 {s4}
str_belligerent_drunk_not_found|闹 事 的 酒 鬼 没 有 找 到 
str_roughlooking_character_in_s4|相 貌 粗 野 的 人 在 {s4}
str_roughlooking_character_not_found|相 貌 粗 野 的 人 没 有 找 到 
str__however_you_have_sufficiently_distinguished_yourself_to_be_invited_to_attend_the_ongoing_feast_in_the_lords_castle|不 过 ， 你 赢 得 了 充 分 的 资 格 ， 受 邀 进 入 领 主 的 城 堡 ， 参 加 正 在 进 行 中 的 宴 会 。 
str_s8_you_are_also_invited_to_attend_the_ongoing_feast_in_the_castle|{s8}。 你 也 被 邀 请 参 加 城 堡 里 正 在 进 行 的 宴 会 。 
str_s11_unfortunately_s12_was_wounded_and_had_to_be_left_behind|{s11}不 幸 的 是 ， {s12}受 伤 了 ， 被 迫 离 开 。 
str_s11_also_s12_was_wounded_and_had_to_be_left_behind|{s11}同 样 的 ， {s12}受 伤 了 ， 被 迫 离 开 。 
str_with_the_s10|{s10}
str_outside_calradia|卡 拉 迪 亚 之 外 。 
str_you_have_been_indicted_for_treason_to_s7_your_properties_have_been_confiscated_and_you_would_be_well_advised_to_flee_for_your_life|你 被 {s7}控 告 犯 下 了 叛 国 罪 ， 你 所 有 的 财 产 都 已 被 查 抄 ， 为 了 生 存 ， 你 必 须 马 上 逃 离 这 里 ， 越 快 越 好 。 
str_by_order_of_s6_s4_of_the_s5_has_been_indicted_for_treason_the_lord_has_been_stripped_of_all_reg4herhis_properties_and_has_fled_for_reg4herhis_life_he_is_rumored_to_have_gone_into_exile_s11|根 据 {s6}的 命 令 ， {s5}的 {s4}被 控 叛 国 。 为 了 保 住 {reg4?她 的 :他 的 }性 命 ， 现 正 为 求 生 而 逃 亡 ， {reg4?她 的 :他 的 }所 有 财 产 都 被 充 公 。 据 传 ， 他 已 流 亡 至 {s11}。 
str_local_notables_from_s1_a_village_claimed_by_the_s4_have_been_mistreated_by_their_overlords_from_the_s3_and_petition_s5_for_protection|{s1}村 是 {s3}的 {s4}的 领 地 ， 地 方 贤 达 遭 到 {s5}领 主 的 虐 待 ， 现 向 {s5}请 求 庇 护 。 
str_villagers_from_s1_stole_some_cattle_from_s2|{s1}的 村 民 们 从 {s2}偷 走 了 一 些 牛 
str_villagers_from_s1_abducted_a_woman_from_a_prominent_family_in_s2_to_marry_one_of_their_boys|{s1}的 村 民 绑 架 了 一 位 来 自 {s2}显 赫 家 族 的 女 性 ， 要 许 配 给 村 里 的 一 个 男 孩 
str_villagers_from_s1_killed_some_farmers_from_s2_in_a_fight_over_the_diversion_of_a_stream|{s1}的 一 些 村 民 在 和 {s2}村 争 夺 改 道 的 水 源 时 杀 死 了 几 名 村 民 
str_your_new_minister_|你 的 新 首 席 大 臣 
str_s10_is_your_new_minister_and_|{s10}是 你 的 新 首 席 大 臣 ， 以 及 
str_due_to_the_fall_of_s10_your_court_has_been_relocated_to_s12|在 失 去 {s10}后 ， 你 转 而 服 侍 {s11}
str_after_to_the_fall_of_s10_your_faithful_vassal_s9_has_invited_your_court_to_s11_|在 失 去 {s10}后 ， 你 忠 诚 的 属 下 {s9}邀 请 {s11}你 为 服 务 
str_after_to_the_fall_of_s11_your_court_has_nowhere_to_go|在 失 去 {s11}后 ， 你 失 去 了 可 以 效 忠 的 对 象 
str_s8_wishes_to_inform_you_that_the_lords_of_s9_will_be_gathering_for_a_feast_at_his_great_hall_in_s10_and_invites_you_to_be_part_of_this_august_assembly|{s9}的 {s8}通 知 你 他 将 在 他 位 于 {s10}的 大 厅 举 办 一 场 豪 华 的 宴 会 ， 他 希 望 你 能 受 邀 作 为 尊 贵 的 来 宾 之 一 参 加 这 场 宴 会 。 
str_consult_with_s11_at_your_court_in_s12|在 你 的 {s12}的 宫 廷 与 {s11}商 议 
str_as_brief_as_our_separation_has_been_the_longing_in_my_heart_to_see_you_has_made_it_seem_as_many_years|尽 管 我 们 只 分 别 了 短 短 的 一 段 日 子 ， 但 是 我 内 心 在 对 你 那 强 烈 的 思 念 的 煎 熬 下 ， 简 直 度 日 如 年 。 
str_although_it_has_only_been_a_short_time_since_your_departure_but_i_would_be_most_pleased_to_see_you_again|尽 管 我 们 只 有 短 短 一 段 时 间 没 有 见 面 ， 再 次 见 到 你 的 喜 悦 却 是 如 此 的 强 烈 。 
str_although_i_have_received_no_word_from_you_for_quite_some_time_i_am_sure_that_you_must_have_been_very_busy_and_that_your_failure_to_come_see_me_in_no_way_indicates_that_your_attentions_to_me_were_insincere_|我 已 经 很 久 没 有 你 的 消 息 了 。 我 当 然 知 道 你 一 定 很 忙 ， 以 至 于 没 有 时 间 来 探 望 我 。 绝 非 是 对 我 虚 情 假 意 ， 是 吧 ？ 
str_i_trust_that_you_have_comported_yourself_in_a_manner_becoming_a_gentleman_during_our_long_separation_|相 信 在 这 漫 长 的 分 离 期 间 ， 你 定 然 举 止 得 体 ， 不 失 纯 士 风 范 。 
str_it_has_been_many_days_since_you_came_and_i_would_very_much_like_to_see_you_again|自 从 我 上 次 见 到 你 已 经 过 去 很 久 了 ， 如 果 能 再 见 到 你 ， 我 会 非 常 高 兴 的 。 
str__you_should_ask_my_s11_s16s_permission_but_i_have_no_reason_to_believe_that_he_will_prevent_you_from_coming_to_see_me|你 应 该 先 征 得 我 {s11}{s16}的 许 可 ， 但 我 想 他 不 会 阻 止 你 来 见 我 。 
str__you_should_first_ask_her_s11_s16s_permission|。 你 应 该 首 先 征 得 她 {s11}{s16}的 许 可 
str__alas_as_we_know_my_s11_s16_will_not_permit_me_to_see_you_however_i_believe_that_i_can_arrange_away_for_you_to_enter_undetected|唉 ！ ！ 就 如 我 们 所 猜 想 的 ， 我 的 {s11}{s16}不 会 允 许 我 们 见 面 ， 但 我 可 以 安 排 和 你 秘 密 约 会 的 方 法 。 
str__as_my_s11_s16_has_already_granted_permission_for_you_to_see_me_i_shall_expect_your_imminent_arrival|既 然 我 的 {s11}{s16}已 经 允 许 我 们 相 见 ， 我 希 望 我 很 快 就 能 再 见 到 你 。 
str_visit_s3_who_was_last_at_s4s18|拜 访 {s3}, 此 人 最 近 出 现 在 {s4}{s18}
str_the_guards_at_the_gate_have_been_ordered_to_allow_you_through_you_might_be_imagining_things_but_you_think_one_of_them_may_have_given_you_a_wink|城 门 卫 兵 已 接 令 放 行 。 或 许 是 你 多 心 了 ， 但 似 乎 有 个 卫 兵 对 你 意 味 深 长 地 眨 了 眨 眼 。 
str_the_guards_glare_at_you_and_you_know_better_than_to_ask_permission_to_enter_however_as_you_walk_back_towards_your_lodgings_an_elderly_lady_dressed_in_black_approaches_you_i_am_s11s_nurse_she_whispers_urgently_don_this_dress_and_throw_the_hood_over_your_face_i_will_smuggle_you_inside_the_castle_to_meet_her_in_the_guise_of_a_skullery_maid__the_guards_will_not_look_too_carefully_but_i_beg_you_for_all_of_our_sakes_be_discrete|守 卫 怒 视 着 你 ， 而 你 知 道 还 是 别 去 碰 钉 子 了 。 然 而 ， 当 你 正 往 宿 处 走 时 ， 一 个 黑 衣 老 妇 人 走 近 了 你 。“ 我 是 {s11}的 侍 女 ，” 她 快 速 低 语 道 。“ 穿 上 这 件 衣 服 ， 兜 帽 遮 脸 。 我 扮 作 厨 娘 把 你 偷 带 进 城 堡 见 她 — — 卫 兵 不 会 细 查 。 但 求 你 为 我 们 着 想 ， 一 定 要 谨 慎 ！” 
str_the_guards_glare_at_you_and_you_know_better_than_to_ask_permission_to_enter_however_as_you_walk_back_towards_your_lodgings_an_elderly_lady_dressed_in_black_approaches_you_i_am_s11s_nurse_she_whispers_urgently_wait_for_a_while_by_the_spring_outside_the_walls_i_will_smuggle_her_ladyship_out_to_meet_you_dressed_in_the_guise_of_a_shepherdess_but_i_beg_you_for_all_of_our_sakes_be_discrete|守 卫 怒 视 着 你 ， 而 你 知 道 还 是 别 去 碰 钉 子 了 。 然 而 ， 当 你 正 往 宿 处 走 时 ， 一 个 黑 衣 老 妇 人 走 近 了 你 。“ 我 是 {s11}的 侍 女 ，” 她 快 速 低 语 道 。“ 在 墙 外 的 泉 水 边 等 一 会 儿 。 我 会 把 小 姐 阁 下 伪 装 成 牧 羊 女 偷 偷 带 出 来 见 你 。 但 求 你 为 我 们 着 想 ， 一 定 要 谨 慎 ！ 
str_the_guards_glare_at_you_and_you_know_better_than_to_ask_permission_to_enter_however_as_you_walk_back_towards_your_lodgings_an_elderly_lady_dressed_in_black_approaches_you_i_am_s11s_nurse_she_whispers_urgently_her_ladyship_asks_me_to_say_that_yearns_to_see_you_but_that_you_should_bide_your_time_a_bit_her_ladyship_says_that_to_arrange_a_clandestine_meeting_so_soon_after_your_last_encounter_would_be_too_dangerous|守 卫 怒 视 着 你 ， 你 也 知 道 还 是 别 去 碰 钉 子 了 。 然 而 ， 当 你 正 往 宿 处 走 时 ， 一 个 黑 衣 老 妇 人 走 近 了 你 。“ 我 是 {s11}的 侍 女 ，” 她 快 速 低 语 道 。“ 小 姐 阁 下 说 她 想 见 你 ， 但 你 得 耐 心 等 待 一 段 时 间 。 小 姐 阁 下 说 距 离 上 次 碰 面 这 么 短 的 时 间 又 安 排 一 次 秘 密 会 面 太 危 险 了 。” 
str_the_guards_glare_at_you_and_you_know_better_than_to_ask_permission_to_enter|守 卫 对 你 怒 目 而 视 ， 你 知 道 求 情 无 用 。 
str_party_with_commander_mismatch__check_log_for_details_|部 队 指 挥 官 匹 配 错 误 — — 查 看 日 志 文 件 以 获 得 详 细 情 况 
str_doing_political_calculations_for_s9|为 {s9}做 政 治 考 虑 
str_current_wealth_reg1|当 前 财 富 ： {reg1}第 纳 尔 
str_wanted_bandits_spotted_by_s4|被 追 捕 的 强 盗 被 {s4}发 现 
str_s4_ready_to_voice_objection_to_s3s_mission_if_in_party|如 果 在 队 伍 中 ， {s4}准 备 表 示 反 对 {s3}的 任 务 
str_strange_that_one_didnt_seem_like_your_ordenary_troublemaker_he_didnt_drink_all_that_much__he_just_stood_there_quietly_and_watched_the_door_you_may_wish_to_consider_whether_you_have_any_enemies_who_know_you_are_in_town_a_pity_that_blood_had_to_be_spilled_in_my_establishment|奇 怪 。 那 人 看 上 去 不 像 普 通 的 惹 事 之 徒 。 他 没 喝 多 少 酒 — — 就 那 么 安 静 地 站 在 那 里 ， 盯 着 门 口 。 你 该 想 想 是 否 有 敌 人 知 道 你 在 城 里 … … 真 遗 憾 ， 我 的 店 里 竟 流 了 血 … … 
str_you_never_let_him_draw_his_weapon_still_it_looked_like_he_was_going_to_kill_you_take_his_sword_and_purse_i_suppose_he_was_trouble_but_its_not_good_for_an_establishment_to_get_a_name_as_a_place_where_men_are_killed|你 没 让 他 拔 出 武 器 … … 但 他 看 上 去 确 实 想 杀 你 。 拿 走 他 的 剑 和 钱 袋 吧 。 他 是 个 麻 烦 ， 但 店 里 落 个 杀 人 场 的 名 声 可 不 好 。 
str_well_id_say_that_he_started_it_that_entitles_you_to_his_sword_and_purse_i_suppose_have_a_drink_on_the_house_as_i_daresay_youve_saved_a_patron_or_two_a_broken_skull_still_i_hope_he_still_has_a_pulse_its_not_good_for_an_establishment_to_get_a_name_as_a_place_where_men_are_killed|好 了 … … 我 得 说 是 他 挑 起 事 端 的 。 我 觉 得 你 有 权 享 有 他 的 剑 和 钱 包 。 到 屋 子 里 来 喝 一 杯 ， 我 猜 想 你 救 了 这 里 的 一 两 个 顾 客 不 至 于 被 砍 开 脑 壳 。 但 是 ， 我 希 望 那 个 人 还 有 脉 搏 。 一 个 店 家 有 人 在 那 里 被 杀 的 名 声 可 不 好 。 
str_stop_no_shooting_no_shooting|住 手 ！ 不 要 射 击 ！ 不 要 射 击 ！ 
str_em_ill_stay_out_of_this|呃 … … 我 还 是 别 掺 和 了 。 
str_the_s12_is_a_labyrinth_of_rivalries_and_grudges_lords_ignore_their_lieges_summons_and_many_are_ripe_to_defect|{s12}充 斥 着 仇 怨 与 争 斗 ， 简 直 是 个 迷 宫 。 领 主 们 无 视 君 主 的 召 唤 ， 很 多 人 随 时 准 备 叛 逃 。 
str_the_s12_is_shaky_many_lords_do_not_cooperate_with_each_other_and_some_might_be_tempted_to_defect_to_a_liege_that_they_consider_more_worthy|{s12}的 统 治 摇 摇 欲 坠 。 众 领 主 互 不 合 作 ， 有 些 人 蠢 蠢 欲 动 ， 想 投 靠 更 值 得 效 忠 的 君 主 。 
str_the_s12_is_fairly_solid_some_lords_bear_enmities_for_each_other_but_they_tend_to_stand_together_against_outside_enemies|{s12}的 统 治 相 对 稳 固 。 虽 然 部 分 领 主 互 有 仇 怨 ， 但 面 对 外 敌 时 还 能 联 手 抗 敌 。 
str_the_s12_is_a_rock_of_stability_politically_speaking_whatever_the_lords_may_think_of_each_other_they_fight_as_one_against_the_common_foe|从 政 治 上 讲 ， {s12}稳 如 磐 石 。 无 论 领 主 们 私 下 如 何 ， 面 对 共 同 敌 人 时 必 能 同 心 协 力 。 
str_tribune_s12|护 民 官 {s12}
str_lady_s12|{s12}小 姐 
str_lord_s12|{s12}领 主 
str_resolve_the_dispute_between_s11_and_s12|解 决 {s11}和 {s12}的 争 执 
str_in_doing_so_you_will_be_in_violation_of_your_truce_is_that_what_you_want|若 这 样 做 ， 你 将 违 背 休 战 协 议 ， 你 确 定 要 这 么 做 吗 ？ 
str_if_you_attack_without_provocation_some_of_your_vassals_may_consider_you_to_be_too_warlike_is_that_what_you_want|如 果 你 毫 无 理 由 的 开 战 ， 你 的 一 些 领 主 们 会 认 为 你 好 战 如 狂 ， 你 确 定 要 这 么 做 吗 ？ 
str_our_men_are_ready_to_ride_forth_at_your_bidding_are_you_sure_this_is_what_you_want|我 们 的 部 队 已 经 整 装 待 发 ， 只 等 你 的 一 声 令 下 ， 你 确 定 要 这 么 做 吗 ？ 
str_seek_recognition|寻 求 赏 识 
str_seek_vassalhood|寻 求 作 为 封 臣 
str_seek_a_truce|寻 求 休 战 
str__promised_fief| （ 许 诺 封 地 ） 
str_no_fiefss12| （ 无 封 地 ） {s12}
str_fiefs_s0s12| （ 封 地 ： {s0}{s12} ） 
str_please_s65_|请 {s65} , 
str__s15_is_also_being_held_here_and_you_may_wish_to_see_if_reg4shehe_will_join_us|{s15}已 经 被 我 们 所 控 制 ， 你 想 试 着 说 服 {reg4?她 :他 }加 入 吗 ？ 
str_one_thing_in_our_favor_is_that_s12s_grip_is_very_shaky_he_rules_over_a_labyrinth_of_rivalries_and_grudges_lords_often_fail_to_cooperate_and_many_would_happily_seek_a_better_liege|{s12}的 统 治 非 常 脆 弱 ， 这 对 我 们 而 言 的 确 是 一 个 好 消 息 。 他 治 下 的 领 主 们 彼 此 猜 忌 ， 充 满 了 争 斗 和 敌 意 ， 而 且 很 多 人 会 很 高 兴 打 开 城 门 欢 迎 一 个 更 好 的 君 主 。 
str_thankfully_s12s_grip_is_fairly_shaky_many_lords_do_not_cooperate_with_each_other_and_some_might_be_tempted_to_seek_a_better_liege|幸 运 的 是 ， {s12}的 统 治 非 常 脆 弱 ， 领 主 们 缺 乏 合 作 ， 互 相 猜 忌 ， 而 且 很 多 人 会 很 高 兴 打 开 城 门 欢 迎 一 个 更 好 的 君 主 。 
str_unfortunately_s12s_grip_is_fairly_strong_until_we_can_shake_it_we_may_have_to_look_long_and_hard_for_allies|不 幸 的 是 ， {s12}的 统 治 非 常 稳 固 。 除 非 我 们 找 到 动 摇 其 统 治 的 手 段 ， 我 们 必 须 多 观 望 一 段 时 间 ，努 力 找 到 在 他 内 部 的 盟 友 。 
str_unfortunately_s12s_grip_is_very_strong_unless_we_can_loosen_it_it_may_be_difficult_to_find_allies|不 幸 的 是 ， {s12}的 统 治 极 其 稳 固 。 除 非 我 们 能 想 办 法 让 他 们 产 生 动 摇 ， 否 则 我 们 很 难 找 到 内 部 的 盟 友 。 
str_playername_come_to_plague_me_some_more_have_you|{playername}… … 我 猜 你 是 来 给 我 更 多 麻 烦 和 痛 苦 的 ， 不 是 吗 ？ 
str_ah_it_is_you_again|啊 。 又 是 你 … … 
str_well_playername|那 么 ， {playername}
str_flagon_of_mead|一 壶 蜂 蜜 
str_skin_of_kumis|一 囊 马 奶 酒 
str_mug_of_kvass|一 罐 淡 啤 酒 
str_cup_of_wine|一 杯 葡 萄 酒 
str_you_intend_to_challenge_s13_to_force_him_to_retract_an_insult|你 决 定 向 {s13}提 出 挑 战 以 使 他 收 回 他 的 侮 辱 。 
str_youll_have_to_speak_to_me_at_some_other_time_then|我 们 换 个 时 间 再 讨 论 这 个 话 题 吧 。 
str_this_is_no_time_for_words|没 时 间 废 话 了 ！ 
str_of_course_my_wife|当 然 ， 我 的 妻 子 。 
str_perhaps_not_our_marriage_has_become_a_bit_strained_dont_you_think|我 不 这 样 认 为 ， 我 们 的 婚 姻 已 经 有 些 紧 张 了 ， 你 不 觉 得 吗 ？ 
str_why_is_that_my_wife_actually_our_marriage_has_become_such_that_i_prefer_to_have_a_witness_for_all_of_our_converations|怎 么 说 呢 ， 妻 子 ？ 事 实 上 ， 我 们 的 婚 姻 已 到 了 我 希 望 所 有 对 话 都 有 见 证 人 的 地 步 。 
str_all_right_then_what_do_you_have_to_say_out_with_it|好 吧 ， 除 了 这 个 ， 你 还 有 什 么 要 说 的 吗 ？ 
str_bah__im_in_no_mood_for_whispering_in_the_corner|呸 ， 我 对 在 角 落 里 的 窃 窃 私 语 和 密 谋 没 有 兴 趣 。 
str_bah_i_dont_like_you_that_much_im_not_going_to_go_plot_with_you_in_some_corner|呸 ， 我 对 你 厌 恶 至 极 ， 我 才 不 会 和 你 在 阴 暗 的 角 落 讨 论 肮 脏 的 阴 谋 ！ 
str_well__now_what_do_you_have_to_propose|好 吧 ， 你 的 计 划 是 什 么 ？ 
str_trying_our_hand_at_intrigue_are_we_i_think_not|想 玩 阴 谋 把 戏 ？ 我 看 不 必 。 
str_hah_i_trust_you_as_a_i_would_a_serpent_i_think_not|哈 ！ 我 对 你 的 信 任 就 像 对 蛇 一 样 。 没 门 。 
str_i_do_not_like_to_conduct_my_business_in_the_shadows_but_sometimes_it_must_be_done_what_do_you_have_to_say|我 并 不 想 参 与 你 那 些 见 不 得 人 的 计 划 ， 但 是 有 时 这 也 是 无 可 奈 何 的 。 你 都 有 什 么 想 法 ？ 
str_i_would_prefer_to_conduct_our_affairs_out_in_the_open|我 更 希 望 把 我 们 的 事 务 公 之 于 众 。 
str_do_not_take_this_amiss_but_with_you_i_would_prefer_to_conduct_our_affairs_out_in_the_open|如 果 是 与 你 合 作 的 话 ， 我 更 希 望 把 我 们 的 事 务 公 开 。 
str_hmm_you_have_piqued_my_interest_what_do_you_have_to_say|嗯 … … 你 激 起 了 我 的 兴 趣 ， 说 说 你 的 想 法 吧 。 
str_em_lets_keep_our_affairs_out_in_the_open_for_the_time_being|嗯 … … 目 前 还 是 公 开 处 理 我 们 的 事 务 吧 。 
str_thats_sensible__the_world_is_full_of_churls_who_poke_their_noses_into_their_betters_business_now_tell_me_what_it_is_that_you_have_to_say|很 明 智 — — 这 个 世 界 上 到 处 都 是 些 成 事 不 足 败 事 有 余 的 家 伙 。 现 在 告 诉 我 你 都 有 什 么 想 法 。 
str_what_do_you_take_me_for_a_plotter|你 把 我 当 成 什 么 人 了 ？ 阴 谋 家 ？ 
str_well_i_normally_like_to_keep_things_out_in_the_open_but_im_sure_someone_like_you_would_not_want_to_talk_in_private_unless_heshe_had_a_good_reason_what_is_it|我 向 来 喜 欢 开 诚 布 公 ， 但 我 相 信 像 你 这 样 的 人 ， 没 有 正 当 理 由 不 会 想 私 谈 。 到 底 什 么 事 ？ 
str_surely_we_can_discuss_whatever_you_want_to_discuss_out_here_in_the_open_cant_we|你 想 谈 的 事 难 道 不 能 公 开 聊 吗 ？ 
str_im_a_simple__man_not_one_for_intrigue_but_id_guess_that_you_have_something_worthwhile_to_say_what_is_it|我 是 一 个 直 性 子 ， 不 擅 长 什 么 计 谋 。 但 你 肯 定 有 重 要 的 事 要 说 。 到 底 是 什 么 ？ 
str_forgive_me_but_im_not_one_for_going_off_in_corners_to_plot|请 你 原 谅 ， 但 我 可 不 是 一 个 愿 意 躲 在 角 落 里 做 什 么 密 谋 的 人 。 
str_please_do_not_take_this_amiss_but_i_do_not_trust_you|请 别 见 怪 ， 但 我 不 信 任 你 。 
str_certainly_playername_what_is_it|当 然 ， {playername}。 你 想 说 些 什 么 ？ 
str_forgive_me_but_id_prefer_to_keep_our_conversations_in_the_open|请 你 原 谅 ， 我 更 喜 欢 公 开 对 话 。 
str_please_do_not_take_this_amiss_but_im_not_sure_you_and_i_are_still_on_those_terms|请 别 见 怪 ， 但 我 不 确 定 我 们 还 能 那 样 相 处 。 
str_really_well_this_is_the_first_i_have_heard_of_it_unless_you_build_up_support_for_that_claim_you_may_find_it_difficult_to_find_allies_however_whenever_you_see_fit_to_declare_yourself_publically_as_queen_i_should_be_honored_to_be_your_consort|真 的 吗 ？ 好 吧 ， 这 是 我 第 一 次 听 到 这 件 事 。 除 非 你 为 称 王 做 好 了 足 够 的 准 备 并 得 到 足 够 的 支 持 ， 否 则 你 将 会 发 现 你 很 难 找 到 同 盟 。 不 过 ， 当 你 准 备 好 公 开 宣 告 自 己 为 女 王 时 ， 我 会 很 荣 幸 成 为 你 的 配 偶 。 
str_yes_i_have_heard_such_talk_while_it_is_good_that_you_are_building_up_your_support_i_do_not_think_that_you_are_quite_ready_to_proclaim_yourself_yet_however_i_will_let_you_be_the_judge_of_that_and_when_you_decide_i_should_be_honored_to_be_your_consort|不 错 ， 我 已 经 听 说 过 这 类 谈 话 。 虽 然 你 正 在 争 取 对 你 的 支 持 ， 这 样 做 很 好 ， 但 是 我 认 为 你 还 不 足 以 称 王 。 不 过 ， 我 会 让 你 来 权 衡 这 件 事 ， 并 且 一 旦 你 做 出 决 断 ， 我 将 十 分 荣 幸 地 站 到 你 这 边 来 。 
str_yes_and_many_others_in_calradia_think_so_as_well_perhaps_it_is_time_that_you_declared_yourself_and_we_shall_ride_forth_together_to_claim_your_throne_i_should_be_honored_to_be_your_consort|是 的 ， 而 且 在 卡 拉 迪 亚 许 多 别 的 人 也 都 这 么 想 。 或 许 这 是 你 发 出 宣 告 的 时 候 了 ， 我 们 会 向 你 效 忠 ， 而 且 我 会 很 荣 幸 成 为 你 的 配 偶 。 
str_i_am_disturbed_about_my_lord_s15s_choice_of_companions|我 为 我 大 人 {s15}选 择 的 随 从 感 到 担 忧 。 
str_well_ill_be_honest_i_feel_that_sometimes_s15_overlooks_my_rights_and_extends_his_protection_to_the_unworthy|好 吧 ， 说 实 在 的 ， 我 觉 得 {s15}有 时 忽 视 我 的 权 利 ， 竟 然 庇 护 那 些 无 足 轻 重 的 人 。 
str_heh_one_thing_that_ill_say_about_s15_is_that_he_has_a_ripe_batch_of_bastards_in_his_court|呃 ， 对 于 {s15}, 我 得 说 ， {reg15?她 :他 }在 {reg15?她 :他 }的 身 边 养 了 一 大 群 杂 种 。 
str_well_sometimes_i_have_to_say_that_i_question_s15s_judgment_regarding_those_who_he_keeps_in_his_court|嗯 ， 有 时 候 由 于 {reg15?她 :他 }留 在 身 边 的 那 些 人 ， 我 对 {s15}的 判 断 力 产 生 了 质 疑 。 
str_s15_is_a_weak_man_who_too_easily_lends_his_ear_to_evil_council_and_gives_his_protection_to_some_who_have_done_me_wrong|{s15}是 个 软 弱 的 统 治 者 ， 轻 易 听 信 奸 佞 之 言 ， 竟 然 庇 护 伤 害 过 我 的 人 。 
str_i_will_confess_that_sometimes_i_worry_about_s15s_judgment_particularly_in_the_matter_of_the_counsel_that_he_keeps|我 坦 白 有 时 我 对 {s15}的 判 断 力 感 到 忧 虑 ， 尤 其 对 {reg15?她 :他 }宠 信 的 谋 士 。 
str_what_do_i_think_i_think_that_s15_is_a_vile_pretender_a_friend_to_the_flatterer_and_the_hypocrite|我 是 怎 么 认 为 的 ？ 我 认 为 {s15}是 一 个 卑 劣 的 篡 权 者 ！ 他 的 身 边 尽 是 些 谗 言 媚 上 之 徒 和 伪 君 子 ！ 
str_well_s15_is_not_like_you_ill_say_that_much|好 吧 ， {s15}不 像 你 ， 至 少 这 点 我 得 承 认 。 
str_s15_long_may_he_live|{s15}？ 愿 {reg15?她 :他 }长 寿 ！ 
str_he_is_my_liege_that_is_all_that_i_will_say_on_this_matter|{s15}是 我 的 君 主 ， 在 这 个 问 题 上 我 只 能 说 这 么 多 。 
str_that_you_are_the_rightful_heir_to_the_throne_of_calradia|你 是 卡 拉 迪 亚 王 室 正 统 的 继 承 人 吗 ？ 
str_that_s14_is_the_rightful_ruler_of_calradia|{s14}是 卡 拉 迪 亚 合 法 的 统 治 者 吗 ？ 
str_that_s14_will_rule_this_land_justly|{s14}会 公 正 的 统 治 这 片 大 陆 吗 ？ 
str_that_s14_will_protect_our_rights_as_nobles|{s14}会 保 障 我 们 的 贵 族 权 利 吗 ？ 
str_that_s14_will_unify_this_land_and_end_this_war|{s14}能 够 终 止 战 争 ， 统 一 这 片 大 陆 吗 ？ 
str_that_s14_will_reward_me_with_a_fief|{s14}会 赐 我 一 块 封 地 吗 ？ 
str_king|国 王 
str_queen|王 后 
str_khan|可 汗 
str_i|我 
str_according_to_the_ancient_law_and_custom_of_the_calradians_s45_should_be_s47|按 照 神 圣 的 远 古 律 条 和 卡 拉 迪 亚 不 变 的 风 俗 ， {s45}应 该 成 为 {s47}
str_because_s44_is_the_rightful_s47_of_the_s46|因 为 {s44}正 是 {s46}合 法 的 {s47}
str_you_speak_of_claims_and_legalities_yet_to_others_you_talk_of_bringing_peace_by_force|你 谈 论 权 利 主 张 和 法 律 规 矩 ， 可 对 别 人 你 却 说 要 用 武 力 带 来 和 平 。 
str_you_speak_of_bringing_peace_by_force_yet_to_others_you_make_legal_claims|你 说 要 用 武 力 带 来 和 平 ， 可 对 别 人 你 又 提 出 法 律 上 的 权 利 主 张 。 
str_you_speak_to_some_of_upholding_the_rights_of_the_commons_yet_you_speak_to_others_of_uphold_the_rights_of_nobles_what_if_those_rights_are_in_conflict|你 先 声 称 你 将 支 持 普 通 民 众 的 权 利 ， 然 后 又 告 诉 那 些 贵 族 他 们 的 财 富 和 权 益 将 会 秋 毫 无 犯 ， 那 么 当 这 些 权 利 彼 此 冲 突 时 你 将 怎 么 办 呢 ？ 
str_you_speak_to_me_of_upholding_my_rights_as_a_lord_but_to_others_you_talk_of_upholding_the_rights_of_all_commons_what_if_those_rights_come_into_conflict|你 声 称 将 会 支 持 我 作 为 一 个 领 主 的 权 利 不 受 损 害 ， 但 是 对 其 他 人 你 又 声 称 你 将 支 持 平 民 获 得 他 们 的 权 利 ， 那 么 当 这 些 权 利 产 生 冲 突 的 时 候 你 将 怎 么 办 呢 ？ 
str_a_claim_should_be_strong_indeed_before_one_starts_talking_about_it|只 有 当 你 足 够 强 大 后 ， 称 王 才 是 一 个 明 智 的 选 择 。 
str_a_king_should_prove_his_valor_beyond_any_doubt_before_he_starts_talking_about_a_claim_to_the_throne|一 位 真 正 的 王 者 会 在 称 王 前 向 所 有 人 证 实 他 的 勇 猛 和 强 大 是 无 可 置 疑 的 。 
str_you_must_prove_yourself_a_great_warrior_before_men_will_follow_you_as_king|在 四 方 的 人 们 奉 你 为 王 前 ， 你 必 须 先 证 明 自 己 是 一 位 伟 大 的 战 士 。 
str_a_claim_to_the_throne_should_be_strong_indeed_before_one_presses_it|在 你 昭 告 自 己 的 王 权 前 ， 一 定 要 确 保 你 的 实 力 非 常 强 大 。 
str_indeed_but_a_man_must_also_prove_himself_a_great_warrior_before_men_will_follow_you_as_king|那 当 然 ， 不 过 你 必 须 先 证 明 自 己 是 一 位 伟 大 的 战 士 才 能 赢 得 别 人 对 你 的 信 服 和 忠 诚 。 
str_my_pigherd_can_declare_himself_king_if_he_takes_he_fancy_i_think_you_need_to_break_a_few_more_heads_on_tbe_battlefield_before_men_will_follow_you|我 的 猪 倌 如 果 想 的 话 都 能 宣 称 自 己 是 国 王 。 如 果 你 希 望 赢 得 别 人 的 信 服 和 忠 诚 ， 你 需 要 在 战 场 上 取 得 更 多 的 胜 利 和 荣 誉 。 
str_if_you_do_not_wish_to_die_on_a_scaffold_like_so_many_failed_pretenders_before_you_i_would_suggest_that_you_to_build_your_claim_on_stronger_foundations_so_that_men_will_follow_you|如 果 你 不 打 算 像 你 之 前 众 多 的 夺 权 者 一 样 被 吊 死 在 绞 刑 架 上 ， 我 建 议 你 先 巩 固 壮 大 自 己 的 实 力 ， 这 样 一 来 ， 在 你 称 王 时 才 会 有 人 追 随 你 。 
str_if_you_do_not_wish_to_die_on_a_scaffold_like_so_many_failed_pretenders_before_you_i_would_advise_you_prove_yourself_on_the_field_of_battle_so_that_men_will_follow_you|如 果 你 不 打 算 像 你 之 前 众 多 的 夺 权 者 一 样 被 吊 死 在 绞 刑 架 上 ， 我 建 议 你 先 在 战 场 上 证 明 你 是 一 个 值 得 追 随 的 君 主 ， 这 样 才 会 有 人 在 你 称 王 时 追 随 你 。 
str_talk_is_for_heralds_and_lawyers_real_kings_prove_themselves_with_their_swords|只 有 传 令 官 和 律 师 才 会 夸 夸 其 谈 ， 而 一 位 真 正 的 王 者 则 是 用 手 中 的 剑 来 宣 告 自 己 的 至 高 无 上 。 
str_i_were_you_i_would_try_to_prove_myself_a_bit_more_before_i_went_about_pressing_my_claim|如 果 我 是 你 ， 在 我 强 求 自 己 的 权 利 主 张 之 前 ， 我 会 努 力 多 证 明 一 下 自 己 。 
str_indeed_please_continue|确 实 。 请 继 续 。 
str_me|我 
str_i_worry_about_those_with_whom_you_have_chosen_to_surround_yourself|我 对 你 选 择 的 伙 伴 很 担 心 。 
str_there_are_some_outstanding_matters_between_me_and_some_of_your_vassals_|我 和 你 属 下 的 封 臣 间 有 一 些 很 严 重 的 问 题 。 
str_my_liege_has_his_faults_but_i_dont_care_for_your_toadies|我 的 君 主 确 实 有 他 的 缺 点 和 错 误 ， 但 是 我 对 你 的 谄 媚 和 笼 络 没 有 兴 趣 。 
str_i_think_youre_a_good_man_but_im_worried_that_you_might_be_pushed_in_the_wrong_direction_by_some_of_those_around_you|我 相 信 你 是 一 个 正 直 的 人 ， 但 我 担 心 你 身 边 的 人 会 将 你 引 向 邪 路 。 
str_i_am_loathe_to_fight_alongside_you_so_long_as_you_take_under_your_wing_varlots_and_base_men|看 看 你 翼 下 庇 护 的 那 些 无 赖 和 卑 劣 之 人 ， 我 对 他 们 只 有 厌 恶 ， 绝 不 会 和 他 们 在 一 起 为 你 战 斗 。 
str_ill_be_honest__with_some_of_those_who_follow_you_i_think_id_be_more_comfortable_fighting_against_you_than_with_you|我 诚 实 的 告 诉 你 ， 就 因 为 你 身 边 的 那 些 家 伙 ， 与 其 和 你 并 肩 作 战 ， 我 更 愿 意 与 你 为 敌 。 
str_i_say_that_you_can_judge_a_man_by_the_company_he_keeps_and_you_have_surrounded_yourself_with_vipers_and_vultures|我 一 直 认 为 ， 物 以 类 聚 ， 人 以 群 分 。 而 你 的 身 边 则 环 绕 着 毒 蛇 和 秃 鹫 。 
str_you_know_that_i_have_always_had_a_problem_with_some_of_our_companions|你 知 道 ， 我 总 是 很 厌 恶 我 们 的 某 些 盟 友 。 
str_politically_i_would_be_a_better_position_in_the_court_of_my_current_liege_than_in_yours|从 政 治 上 来 说 ， 比 起 效 忠 于 你 的 阵 营 ， 我 能 在 现 在 的 君 主 手 下 获 得 更 好 的 职 位 。 
str_i_am_more_comfortable_with_you_and_your_companions_than_with_my_current_liege|我 觉 得 ， 比 起 我 现 在 的 君 主 ， 还 是 跟 你 和 你 的 盟 友 相 处 更 舒 服 。 
str_militarily_youre_in_no_position_to_protect_me_should_i_be_attacked_id_be_reluctant_to_join_you_until_you_could|从 军 事 上 考 虑 ， 如 果 我 遭 受 攻 击 ， 以 你 的 实 力 并 不 能 保 护 我 。 在 你 有 能 力 保 护 我 之 前 ， 我 不 会 愿 意 加 入 你 的 。 
str_militarily_when_i_consider_the_lay_of_the_land_i_realize_that_to_pledge_myself_to_you_now_would_endanger_my_faithful_retainers_and_my_family|从 军 事 上 考 虑 ， 我 仔 细 琢 磨 了 当 下 的 形 势 ， 如 果 现 在 宣 誓 效 忠 于 你 ， 可 能 会 危 害 到 我 的 家 族 和 所 有 忠 实 的 扈 从 。 
str_militarily_youre_in_no_position_to_come_to_my_help_if_someone_attacked_me_i_dont_mind_a_good_fight_but_i_like_to_have_a_chance_of_winning|从 军 事 上 考 虑 ， 如 果 有 人 攻 击 我 ， 你 没 法 帮 得 上 忙 。 我 不 惧 战 斗 ， 但 我 希 望 能 有 胜 算 。 
str_militarily_you_would_have_me_join_you_only_to_find_myself_isolated_amid_a_sea_of_enemies|从 军 事 上 考 虑 ， 你 要 我 加 入 你 ， 只 会 让 我 发 现 自 己 被 敌 军 的 汪 洋 吞 没 而 孤 立 无 援 。 
str_militarily_youre_in_no_position_to_come_to_my_help_if_someone_attacked_me_youd_let_me_be_cut_down_like_a_dog_id_bet|从 军 事 上 考 虑 ， 如 果 有 人 攻 击 我 ， 你 没 法 帮 得 上 忙 。 我 敢 打 赌 ， 你 会 让 我 像 狗 一 样 被 敌 人 砍 翻 。 
str_militarily_i_wouldnt_be_any_safer_if_i_joined_you|从 军 事 上 考 虑 ， 加 入 你 并 不 会 使 我 更 安 全 。 
str_militarily_i_might_be_safer_if_i_joined_you|从 军 事 上 考 虑 ， 加 入 你 可 能 会 让 我 更 安 全 。 
str_finally_there_is_a_cost_to_ones_reputation_to_change_sides_in_this_case_the_cost_would_be_very_high|最 后 ， 即 便 有 充 分 的 理 由 ， 一 个 人 也 应 该 慎 重 考 虑 撤 销 自 己 的 忠 诚 ， 因 为 落 个 轻 易 背 叛 君 主 的 名 声 并 不 好 。 在 这 种 情 况 下 ， 对 我 名 声 的 损 害 会 很 大 。 
str_finally_there_is_a_cost_to_ones_reputation_to_change_sides_in_this_case_the_cost_would_be_significant|最 后 ， 即 便 有 充 分 的 理 由 ， 一 个 人 也 应 该 慎 重 考 虑 撤 销 自 己 的 忠 诚 ， 因 为 落 个 轻 易 背 叛 君 主 的 名 声 并 不 好 。 在 这 种 情 况 下 ， 对 我 名 声 的 损 害 是 很 严 重 的 。 
str_finally_there_is_a_cost_to_ones_reputation_to_change_sides_in_this_case_however_many_men_would_understand|最 后 ， 即 便 有 充 分 的 理 由 ， 一 个 人 也 应 该 慎 重 考 虑 撤 销 自 己 的 忠 诚 ， 因 为 落 个 轻 易 背 叛 君 主 的 名 声 并 不 好 。 然 而 在 这 种 情 况 下 ， 很 多 人 会 理 解 的 。 
str_i_will_not_have_it_be_said_about_me_that_i_am_a_traitor_that_is_my_final_decision_i_have_nothing_more_to_say_on_this_matter|我 不 会 让 别 人 说 我 是 一 个 叛 变 者 的 。 这 是 我 最 后 的 决 定 ， 这 件 事 我 没 什 么 别 的 可 说 的 了 。 
str_i_am_pledged_to_defend_s14_i_am_sorry_though_we_may_meet_on_the_battlefield_i_hope_that_we_will_still_be_friends|我 宣 誓 要 保 卫 {s14}, 抱 歉 。 虽 然 我 们 可 能 在 战 场 上 相 遇 ， 但 希 望 我 们 仍 然 是 朋 友 。 
str_i_really_cannot_bring_myself_to_renounce_s14_i_am_sorry_please_lets_not_talk_about_this_any_more|我 真 的 不 能 背 弃 {s14}, 抱 歉 。 请 不 要 再 跟 我 谈 这 件 事 情 了 。 
str_however_i_have_decided_that_i_must_remain_loyal_to_s14_i_am_sorry|无 论 怎 样 ， 我 已 经 决 定 继 续 效 忠 {s14}了 ， 抱 歉 。 
str_however_i_will_not_let_you_lead_me_into_treason_do_not_talk_to_me_of_this_again|无 论 怎 样 ， 我 不 愿 听 从 你 的 怂 恿 而 去 叛 国 。 别 再 跟 我 说 这 个 事 了 。 
str_its_not_good_to_get_a_reputation_as_one_who_abandons_his_liege_that_is_my_decision_let_us_speak_no_more_of_this_matter|一 个 背 叛 自 己 君 主 的 人 ， 很 难 有 个 好 名 声 。 这 就 是 我 最 后 的 决 定 。 我 们 别 再 谈 论 这 个 了 。 
str_ive_decided_to_stick_with_s14_i_dont_want_to_talk_about_this_matter_any_more|我 已 经 决 定 继 续 跟 随 {s14}了 。 我 不 想 再 讨 论 这 种 事 情 了 。 
str_you_are_challenging_me_to_a_duel_how_droll_as_you_wish_playername_it_will_be_good_sport_to_bash_your_head_in|你 准 备 向 我 发 起 决 斗 ？ 开 什 么 玩 笑 ！ 如 你 所 愿 ， {playername}, 打 爆 你 的 头 将 会 是 非 常 有 意 思 的 事 情 。 
str_call_me_coward_very_well_you_leave_me_no_choice|说 我 是 懦 夫 ？ 很 好 ， 你 让 我 别 无 选 择 。 
str_reg3_hours|{reg3}小 时 。 
str_hour|小 时 。 
str_however_circumstances_have_changed_since_we_made_that_decision_and_i_may_reconsider_shortly_s16|然 而 ， 此 一 时 ， 彼 一 时 ， 我 也 许 会 重 新 考 虑 一 下 。 {s16}
str_i_wish_to_marry_your_s11_s10_i_ask_for_your_blessing|我 希 望 能 与 你 的 {s11}成 婚 ， {s10}。 我 期 盼 你 的 祝 福 。 
str_i_wish_to_marry_your_s11_s10_i_ask_for_your_help|我 希 望 能 与 你 的 {s11}成 婚 ， {s10}。 我 希 望 得 到 你 的 帮 助 。 
str_you_plan_to_marry_s3_at_a_feast_hosted_by_s4_in_s5_you_should_be_notifed_of_the_feast_as_soon_as_it_is_held|你 计 划 在 {s5}由 {s4}主 办 的 宴 会 上 与 {s3}结 婚 。 宴 会 举 办 前 会 通 知 你 。 
str_your_s11_|你 的 {s11}, 
str_i_ask_again_may|我 再 说 一 遍 ： 也 许 
str_may|也 许 
str_very_well_as_far_as_im_concerned_i_suppose_she_can_see_most_anyone_she_likes__within_reason_of_course|很 好 。 依 我 看 ， 她 可 以 见 任 何 她 想 见 的 人 ， 不 过 当 然 了 ， 那 必 须 是 合 乎 礼 数 的 。 
str_very_well_an_alliance_with_you_could_be_valuable_go_chat_with_her_and_see_if_you_can_get_her_to_take_a_fancy_to_you_if_she_doesnt_and_if_we_still_want_to_conclude_this_business_then_i_can_make_her_see_reason|很 好 。 跟 你 联 姻 很 有 价 值 。 去 跟 她 聊 聊 吧 ， 看 看 你 能 不 能 打 动 她 的 芳 心 。 若 她 没 意 思 ， 而 我 们 仍 想 成 事 ， 我 自 会 让 她 明 白 利 害 的 。 
str_you_have_my_blessing_to_pay_suit_to_her__so_long_as_your_intentions_are_honorable_of_course_depending_on_how_things_proceed_between_you_two_we_may_have_more_to_discuss_at_a_later_date|你 对 她 的 求 婚 将 得 到 我 的 祝 福 — — 只 要 你 的 出 发 点 是 好 的 ， 等 你 们 两 人 的 关 系 有 了 进 一 步 的 发 展 ， 我 们 再 来 谈 其 他 更 多 的 事 情 吧 。 
str_the_war_has_barely_begun_so_and_it_is_too_early_to_say_who_is_winning_and_who_is_losing|战 争 几 乎 才 刚 打 响 ， 因 此 现 在 说 谁 输 谁 赢 ， 还 都 为 时 过 早 
str_we_have_been_hitting_them_very_hard_and_giving_them_little_chance_to_recover|我 们 给 予 了 他 们 沉 重 的 打 击 ， 他 们 很 难 有 机 会 东 山 再 起 了 。 
str_the_fighting_has_been_hard_but_we_have_definitely_been_getting_the_better_of_them|战 斗 打 得 很 艰 难 ， 但 我 们 确 实 占 了 上 风 。 
str_they_have_been_hitting_us_very_hard_and_causing_great_suffering|他 们 给 了 我 们 沉 重 的 打 击 ， 给 我 们 造 成 了 重 大 的 损 失 。 
str_the_fighting_has_been_hard_and_i_am_afraid_that_we_have_been_having_the_worst_of_it|战 斗 打 得 很 艰 难 ， 恐 怕 我 们 正 处 于 劣 势 。 
str_both_sides_have_suffered_in_the_fighting|双 方 在 战 斗 中 互 有 胜 负 
str_no_clear_winner_has_yet_emerged_in_the_fighting_but_i_think_we_are_getting_the_better_of_them|战 局 尚 未 分 明 ， 但 我 认 为 我 们 开 始 占 优 了 
str_no_clear_winner_has_yet_emerged_in_the_fighting_but_i_fear_they_may_be_getting_the_better_of_us|战 局 尚 未 分 明 ， 但 我 担 心 他 们 开 始 压 制 我 们 了 
str_no_clear_winner_has_yet_emerged_in_the_fighting|战 场 的 局 势 目 前 仍 不 明 朗 。 
str_there_is_no_campaign_currently_in_progress|目 前 没 有 正 在 进 行 中 的 战 役 。 
str_we_are_assembling_the_army|我 们 正 在 召 集 军 队 。 
str_we_aim_to_take_the_fortress_of_s8|我 们 的 目 标 是 攻 取 {s8}。 
str_we_are_on_a_raid_and_are_now_targeting_s8|我 们 正 在 四 处 劫 掠 ， 现 在 的 目 标 是 {s8}。 
str_we_are_trying_to_seek_out_and_defeat_s8|我 们 正 试 着 找 到 并 击 败 {s8}。 
str_we_are_riding_to_the_defense_of_s8|我 们 正 赶 去 守 卫 {s8}。 
str_we_are_gathering_for_a_feast_at_s8|我 们 正 前 往 参 加 在 {s8}举 行 的 宴 会 。 
str__however_that_may_change_shortly_s14|不 过 ， 那 可 能 很 快 就 会 改 变 ， {s14}。 
str_it_is_our_custom_to_seal_any_such_alliances_with_marriage_and_in_fact_we_have_been_looking_for_a_suitable_groom_for_my_s11_s14|我 们 习 惯 以 联 姻 巩 固 盟 约 。 实 际 上 ， 我 们 正 在 为 我 的 {s11}, {s14}, 寻 找 一 位 如 意 郎 君 。 
str_once_again_|再 一 次 
str_cheat__marriage_proposal|作 弊 — — 求 婚 
str_you_plan_to_marry_s4_as_you_have_no_family_in_calradia_he_will_organize_the_wedding_feast|你 打 算 嫁 给 {s4}。 鉴 于 你 在 卡 拉 迪 亚 无 亲 无 故 ， 所 以 婚 宴 由 他 来 张 罗 。 
str_s43_just_so_you_know_if_you_attack_me_you_will_be_in_violation_of_the_truce_you_signed_with_the_s34|{s43}, 你 要 知 道 ， 如 果 你 攻 击 我 ， 这 将 会 破 坏 你 与 {s34}签 订 的 和 约 。 
str_very_well__you_are_now_my_liege_as_well_as_my_husband|我 们 可 以 暂 时 保 持 这 样 ： 你 现 在 既 是 我 的 君 主 ， 也 是 我 的 丈 夫 ， 我 们 共 同 承 担 所 有 的 职 责 。 
str_i_thank_you_reg39my_ladylord|谢 谢 你 ， {reg39?尊 敬 的 女 士 :大 人 }。 
str_now_some_might_say_that_women_have_no_business_leading_mercenary_companies_but_i_suspect_that_you_would_prove_them_wrong_what_do_you_say|有 人 会 说 女 人 不 该 统 领 雇 佣 军 团 ， 但 我 猜 你 会 打 破 这 种 偏 见 。 你 觉 得 呢 ？ 
str_what_do_you_say_to_entering_the_service_of_s9_as_a_mercenary_captain_i_have_no_doubt_that_you_would_be_up_to_the_task|你 愿 意 担 任 {s9}的 雇 佣 军 团 长 吗 ？ 我 坚 信 你 能 胜 任 这 个 职 务 。 
str_s9_asked_you_to_rescue_s13_who_is_prisoner_at_s24|{s9}要 你 去 营 救 被 关 押 在 {s24}的 {s13}。 
str_s9_asked_you_to_attack_a_village_or_some_caravans_as_to_provoke_a_war_with_s13|{s9}要 你 去 袭 击 村 庄 或 者 商 队 ， 以 挑 起 与 {s13}的 战 争 。 
str_s9_asked_you_to_catch_the_three_groups_of_runaway_serfs_and_bring_them_back_to_s4_alive_and_breathing_he_said_that_all_three_groups_are_heading_towards_s3|{s9}要 你 活 捉 三 群 逃 跑 的 农 奴 到 {s4}。 他 说 那 三 群 农 奴 一 定 是 朝 着 {s3}的 方 向 逃 跑 的 。 
str_you_intend_to_bring_goods_to_s9_in_preparation_for_the_feast_which_will_be_held_as_soon_as_conditions_permit|你 打 算 把 货 物 带 去 {s9}, 为 条 件 许 可 后 立 即 举 办 的 宴 会 做 准 备 。 
str_hello_playername|你 好 ， {playername}
str_ah_my_gentle_playername_how_much_good_it_does_my_heart_to_see_you_again|能 再 见 到 你 ， 我 的 心 里 是 多 么 的 高 兴 啊 ！ 有 时 候 ， 我 都 觉 得 冥 冥 中 有 无 形 的 羁 绊 把 我 们 相 连 。
str_playername__i_am_so_glad_to_see_you_again_i_must_say_i_do_envy_your_freedom_to_ride_out_and_experience_the_world|不 得 不 说 ， 我 真 羡 慕 你 能 在 外 面 自 由 驰 骋 ， 尽 情 体 验 这 个 世 界 。 
str_playername__i_am_so_glad_to_see_you_i_trust_that_you_have_been_behaving_honorably_since_last_we_met|我 相 信 自 从 我 们 上 一 次 见 面 之 后 ， 你 的 举 止 已 经 非 常 令 人 尊 敬 了 。 
str_playername__i_am_so_glad_that_you_were_able_to_come|真 高 兴 你 能 来 。 
str_i_do_enjoy_speaking_to_you_but_i_am_sure_you_understand_that_our_people_cluck_their_tongues_at_a_woman_to_spend_too_long_conversing_with_a_man_outside_her_family__although_the_heavens_know_its_never_the_man_who_is_held_to_blame_|我 确 实 喜 欢 和 你 交 谈 。 但 你 一 定 明 白 ， 我 们 这 里 的 人 总 爱 对 与 家 外 男 子 长 谈 的 女 子 说 三 道 四 ， 而 上 天 知 道 ， 男 人 是 从 来 不 会 被 责 备 的 。 
str_as_much_as_i_enjoy_speaking_to_you_i_do_not_care_to_be_gossiped_about_by_others_who_might_lack_my_grace_and_beauty_|尽 管 我 乐 于 和 你 相 谈 ， 但 我 不 想 被 缺 少 我 这 份 风 度 和 美 貌 的 人 闲 言 碎 语 。 
str_i_do_so_enjoy_speaking_to_you_but_as_a_daughter_of_one_of_the_great_families_of_this_land_i_must_set_an_example_of_propriety_|我 实 在 喜 欢 和 你 说 话 。 但 作 为 本 土 名 门 之 女 ， 我 必 须 做 举 止 得 体 的 典 范 。 
str_i_do_so_enjoy_speaking_to_you_but_as_a_daughter_of_good_family_i_must_protect_my_reputation_|我 很 享 受 与 你 的 交 谈 。 不 过 作 为 一 个 名 门 世 家 的 女 儿 ， 我 必 须 维 护 我 的 声 誉 。 
str_although_it_is_kind_of_you_to_pay_me_such_attentions_i_suspect_that_you_might_find_other_ladies_who_may_be_more_inclined_to_return_your_affection|感 谢 你 如 此 青 睐 于 我 ， 不 过 我 觉 得 ， 你 也 许 能 找 到 会 更 热 切 地 回 应 你 爱 意 的 女 士 。 
str_as_flattered_as_i_am_by_your_attentions_perhaps_you_should_seek_out_another_lady_of_somewhat_shall_we_say_different_tastes|受 到 你 如 此 的 青 睐 是 我 的 荣 幸 ， 不 过 你 可 能 得 去 寻 找 另 外 一 位 … 这 么 说 吧 … 一 位 有 不 同 品 味 的 女 士 。 
str_as_flattered_as_i_am_by_your_attentions_i_am_a_daughter_of_good_family_and_must_be_aware_of_my_reputation_it_is_not_seemly_that_i_converse_too_much_at_one_time_with_one_man_i_am_sure_you_understand_now_if_you_will_excuse_me|受 到 你 的 青 睐 很 是 荣 幸 ， 不 过 我 出 身 名 门 ， 所 以 必 须 注 意 自 己 的 声 誉 。 跟 一 个 男 人 交 谈 太 久 是 不 合 礼 数 的 。 我 知 道 你 能 理 解 的 。 现 在 ， 请 允 许 我 告 辞 … … 
str_very_well__i_will_let_you_choose_the_time|很 好 ， 时 间 由 你 来 定 。 
str_good_i_am_glad_that_you_have_abandoned_the_notion_of_pushing_me_into_marriage_before_i_was_ready|好 ！ 我 很 高 兴 ， 你 放 弃 了 那 个 在 我 准 备 好 之 前 就 把 我 推 向 婚 姻 的 念 头 。 
str_i_am|我 是 
str_s12_s11_to_s14|{s12}{s14}的 {s11}
str_s12_i_am_here_for_the_feast|{s12}。 我 在 这 里 参 加 宴 会 。 
str_another_tournament_dedication_oh_i_suppose_it_is_always_flattering|又 是 一 场 竞 技 大 会 的 献 礼 吗 ？ 哦 ， 我 想 这 总 是 让 人 心 生 欢 喜 … … 
str_do_you_why_what_a_most_gallant_thing_to_say|是 吗 ？ 哎 呀 ， 这 话 说 得 多 么 英 俊 洒 脱 。 
str_hmm_i_cannot_say_that_i_altogether_approve_of_such_frivolity_but_i_must_confess_myself_a_bit_flattered| … 虽 然 我 不 敢 说 完 全 认 同 这 种 浮 夸 之 举 ， 但 不 得 不 承 认 ， 心 里 倒 也 有 些 受 宠 若 惊 。 
str_why_thank_you_you_are_most_kind_to_do_so|谢 谢 你 。 你 能 这 样 做 ， 实 在 是 太 体 贴 了 。 
str_you_are_most_courteous_and_courtesy_is_a_fine_virtue_|你 太 客 气 了 ， 谦 恭 有 礼 真 是 一 种 美 德 。 
str_hmm_youre_a_bold_one_but_i_like_that_|嗯 ， 你 是 个 鲁 莽 大 胆 的 家 伙 ， 不 过 我 喜 欢 。 
str_ah_well_they_all_say_that_but_no_matter_a_compliment_well_delivered_is_at_least_a_good_start_|啊 ， 好 吧 ， 大 家 都 这 么 说 。 但 无 所 谓 啦 ， 一 句 得 体 的 赞 美 至 少 是 个 好 的 开 端 。 
str_oh_do_you_mean_that_such_a_kind_thing_to_say|哦 ！ 你 是 认 真 的 吗 ？ 这 话 说 得 太 动 人 了 。 
str_you_are_a_most_gallant_young_man_|你 是 一 位 非 常 英 武 洒 脱 的 年 轻 人 。 
str__do_come_and_see_me_again_soon|一 定 要 尽 快 再 来 找 我 呀 。 
str_you_intend_to_ask_s12_for_permission_to_marry_s15|你 打 算 就 与 {s15}成 婚 一 事 ， 征 求 {s12}的 同 意 。 
str_you_intend_to_ask_s12_to_pressure_s10_to_marry_you|你 打 算 请 求 {s12}帮 忙 劝 说 {s10}与 你 成 婚 。 
str_do_be_careful_i_am_so_much_endebted_to_you_for_this|请 务 必 小 心 ！ 在 这 件 事 情 上 ， 我 真 的 非 常 感 激 你 … … 
str_go_then__we_shall_see_which_of_you_triumphs|那 就 动 身 吧 — — 我 们 倒 要 看 看 你 们 谁 能 获 胜 … … 
str_sigh_i_will_never_truly_understand_men_and_their_rash_actions|唉 … … 我 永 远 弄 不 懂 男 人 ， 以 及 他 们 鲁 莽 的 行 为 … … 
str_you_intend_to_challenge_s13_to_force_him_to_relinquish_his_suit_of_s11|你 打 算 挑 战 {s13}, 强 迫 他 放 弃 对 {s11}的 求 婚 。 
str_farewell|再 会 。 
str_farewell_playername|再 见 ， {playername}。 
str___we_believe_that_there_is_money_to_be_made_selling_|我 们 觉 得 卖 这 些 货 物 应 该 能 盈 利 ： 
str__we_carry_a_selection_of_goods_although_the_difference_in_prices_for_each_is_not_so_great_we_hope_to_make_a_profit_off_of_the_whole|我 们 随 身 携 带 了 一 些 货 物 。 虽 然 每 种 货 物 的 价 差 不 大 ， 但 希 望 整 体 能 赚 些 利 润 。 
str_s14and_other_goods|{s14}和 其 它 商 品 。 
str__have_you_not_signed_a_truce_with_our_lord|你 难 道 没 有 和 我 们 的 君 主 签 订 休 战 协 议 吗 ？ 
str_parole|释 放 
str_normal|普 通 
str__meanwhile_s51_reg2areis_being_held_in_the_castle_but_reg2havehas_made_pledges_not_to_escape_and_reg2areis_being_held_in_more_comfortable_quarters|与 此 同 时 ， {s51}被 关 在 城 堡 里 ， 但 因 为 已 经 承 诺 了 不 会 逃 跑 ， 所 以 被 安 置 到 了 更 舒 服 的 住 处 。 
str_you_may_be_aware_my_lord_of_the_quarrel_between_s4_and_s5_which_is_damaging_the_unity_of_this_realm_and_sapping_your_authority_if_you_could_persuade_the_lords_to_reconcile_it_would_boost_your_own_standing_however_in_taking_this_on_you_run_the_risk_of_one_the_lords_deciding_that_you_have_taken_the_rivals_side|你 可 能 已 经 留 意 到 了 ， {陛 下 /尊 敬 的 女 士 }， 发 生 在 {s4}与 {s5}之 间 的 争 端 ， 正 在 损 害 王 国 的 团 结 、 削 弱 您 的 权 威 。 若 能 劝 和 两 位 领 主 ， 必 将 提 升 您 的 地 位 。 但 接 手 此 事 ， 您 有 可 能 被 其 中 一 方 认 为 站 队 敌 对 方 。
str_you_may_be_aware_my_lord_of_the_quarrel_between_s4_and_s5_which_is_damaging_the_unity_of_this_realm_and_sapping_your_authority_if_you_could_persuade_the_lords_to_reconcile_i_imagine_that_s7_would_be_most_pleased_however_in_taking_this_on_you_run_the_risk_of_one_the_lords_deciding_that_you_have_taken_the_rivals_side|你 可 能 已 经 留 意 到 了 ， {我 的 大 人 /尊 敬 的 女 士 }， 发 生 在 {s4}与 {s5}之 间 的 争 端 正 在 动 摇 王 国 的 团 结 。 如 果 你 能 劝 他 们 重 归 于 好 ， 那 一 定 会 大 大 的 取 悦 {s7}。 不 过 ， 你 必 须 冒 着 被 他 们 认 为 你 失 之 偏 颇 的 风 险 。
str__of_course_the_land_is_currently_at_peace_so_you_may_have_better_luck_in_other_realms|当 然 ， 这 个 地 方 目 前 处 于 和 平 之 中 ， 或 许 您 在 别 处 能 有 更 好 的 机 遇 。 
str_here|这 儿 
str_over|那 里 
str_s8_in_s12|（ 在 {s12}{s8}） 
str__has_put_together_a_bounty_on_some_bandits_who_have_been_attacking_travellers_in_the_area|已 经 凑 齐 了 一 笔 赏 金 ， 用 来 奖 励 那 些 干 掉 了 附 近 的 拦 路 强 盗 的 人 。 
str__is_looking_for_a_way_to_avoid_an_impending_war|正 在 寻 求 办 法 ， 阻 止 即 将 发 生 的 战 争 。 
str__may_need_help_rescuing_an_imprisoned_family_member|也 许 需 要 人 帮 忙 营 救 被 囚 禁 的 家 族 成 员 。 
str__has_been_asking_around_for_someone_who_might_want_work_id_watch_yourself_with_him_though|正 在 找 需 要 工 作 的 人 。 不 过 跟 他 做 事 你 得 当 心 。 
str_town|城 镇 
str_castle|城 堡 
str__but_he_is_holding_there_as_a_prisoner_at_dungeon_of_s13|但 是 {reg4?她 :他 }现 在 正 作 为 囚 犯 被 扣 押 在 {s13}的 地 牢 里 。 
str_they_say_that_s9_is_a_most_conventional_maiden__devoted_to_her_family_of_a_kind_and_gentle_temperament_a_lady_in_all_her_way|据 说 {s9}是 一 位 极 其 守 礼 的 少 女 — — 孝 顺 家 人 ， 性 情 温 柔 善 良 ， 一 举 一 动 无 不 彰 显 贵 族 风 范 。 
str_they_say_that_s9_is_a_bit_of_a_romantic_a_dreamer__of_a_gentle_temperament_yet_unpredictable_she_is_likely_to_be_led_by_her_passions_and_will_be_trouble_for_her_family_ill_wager|据 说 {s9}有 些 多 情 、 爱 做 梦 — — 虽 然 性 情 温 和 ， 却 让 人 摸 不 透 。 我 敢 打 赌 ， 她 很 可 能 被 情 感 左 右 ， 给 家 里 带 来 麻 烦 。 
str_they_say_that_s9_is_determined_to_marry_well_and_make_her_mark_in_the_world_she_may_be_a_tremendous_asset_for_her_husband__provided_he_can_satisfy_her_ambition|据 说 {s9}决 心 嫁 个 好 家 ， 在 世 上 闯 出 名 堂 。 对 她 丈 夫 而 言 ， 她 或 许 是 个 巨 大 的 助 力 — — 假 若 他 能 满 足 她 的 野 心 ！ 
str_they_say_that_s9_loves_to_hunt_and_ride_maybe_she_wishes_she_were_a_man_whoever_she_marries_will_have_a_tough_job_keeping_the_upper_hand_i_would_say|据 说 {s9}热 爱 打 猎 和 骑 马 ， 仿 佛 希 望 自 己 是 男 人 ！ 我 觉 得 ， 无 论 她 嫁 给 谁 ， 对 方 想 占 上 风 都 得 费 劲 。 
str_they_say_that_s9_is_a_lady_of_the_highest_moral_standards_very_admirable_very_admirable__and_very_hard_to_please_ill_warrant|据 说 {s9}是 一 个 有 着 很 高 的 道 德 标 准 的 女 士 。 令 人 钦 佩 ， 非 常 令 人 钦 佩 ， 同 时 也 非 常 难 以 取 悦 ， 我 保 证 。 
str_s9_is_now_betrothed_to_s11_soon_we_believe_there_shall_be_a_wedding|{s9}如 今 和 {s11}订 婚 了 。 我 们 相 信 不 久 这 里 将 会 有 一 场 婚 礼 ！ 
str_i_have_not_heard_any_news_about_her|我 还 没 听 到 关 于 她 的 任 何 消 息 。 
str_they_say_that_s9_has_shown_favor_to_s11_perhaps_it_will_not_be_long_until_they_are_betrothed__if_her_family_permits|据 说 {s9}已 经 对 {s11}表 示 过 好 感 。 也 许 不 久 之 后 他 们 就 会 订 婚 ， 如 果 她 的 家 族 允 许 的 话 。 
str_they_say_that_s9_has_been_forced_by_her_family_into_betrothal_with_s11|据 说 {s9}的 家 族 已 经 强 迫 她 与 {s11}订 婚 了 。 
str_they_say_that_s9_has_agreed_to_s11s_suit_and_the_two_are_now_betrothed|据 说 {s9}已 经 答 应 了 {s11}的 求 婚 ， 而 且 现 在 他 们 已 经 订 婚 了 。 
str_they_say_that_s9_under_pressure_from_her_family_has_agreed_to_betrothal_with_s11|据 说 {s9}迫 于 家 族 的 压 力 ， 答 应 与 {s11}订 婚 。 
str_they_say_that_s9_has_refused_s11s_suit|据 说 {s9}拒 绝 了 {s11}的 求 婚 。 
str_they_say_that_s11_has_tired_of_pursuing_s9|据 说 {s11}已 经 对 追 求 {s9}感 到 厌 倦 了 。 
str_they_say_that_s9s_family_has_forced_her_to_renounce_s11_whom_she_much_loved|据 说 {s9}受 家 族 所 迫 ， 与 深 爱 的 {s11}分 手 了 。 
str_they_say_that_s9_has_run_away_with_s11_causing_her_family_much_grievance|据 说 {s9}跟 {s11}私 奔 了 ， 这 让 她 的 家 族 非 常 不 满 。 
str_they_say_that_s9_and_s11_have_wed|据 说 {s9}和 {s11}已 经 结 婚 了 。 
str_they_say_that_s9_was_recently_visited_by_s11_who_knows_where_that_might_lead|据 说 {s11}最 近 拜 访 了 {s9}。 谁 知 道 接 下 来 会 怎 样 ！ 
str_there_is_not_much_to_tell_but_it_is_still_early_in_the_season|没 什 么 可 说 的 ， 不 过 现 在 离 本 季 结 束 还 早 。 
str_s12there_is_a_feast_of_the_s3_in_progress_at_s4_but_it_has_been_going_on_for_a_couple_of_days_and_is_about_to_end_|{s12}有 一 场 {s3}举 办 的 宴 会 正 在 {s4}进 行 ， 不 过 已 经 持 续 了 好 几 天 ， 现 在 快 要 结 束 了 。 
str_s12there_is_a_feast_of_the_s3_in_progress_at_s4_which_should_last_for_at_least_another_day_|{s12}有 一 场 {s3}举 办 的 宴 会 正 在 {s4}进 行 ， 而 且 至 少 将 持 续 到 明 天 。 
str_s12there_is_a_feast_of_the_s3_in_progress_at_s4_which_has_only_just_begun_|{s12}有 一 场 {s3}举 办 的 宴 会 正 在 {s4}进 行 ， 而 且 刚 开 始 不 久 。 
str_not_at_this_time_no|现 在 不 行 ， 不 可 以 。 
str_s12the_great_lords_bring_their_daughters_and_sisters_to_these_occasions_to_see_and_be_seen_so_they_represent_an_excellent_opportunity_to_make_a_ladys_acquaintance|{s12}大 贵 族 们 带 着 他 们 的 姐 妹 和 女 儿 ， 出 席 各 种 场 合 ， 抛 头 露 面 ， 因 此 有 极 好 的 机 会 结 识 某 位 小 姐 。 
str_you_will_not_be_disappointed_sirmadam_you_will_not_find_better_warriors_in_all_calradia|你 不 会 失 望 的 ， {先 生 /夫 人 }。 在 整 个 卡 拉 迪 亚 找 不 出 比 他 们 更 好 的 战 士 了 。 
str_your_excellency|阁 下 
str_s10_and_s11|{s10}和 {s11}
str_your_loyal_subjects|你 忠 实 的 臣 民 
str_loyal_subjects_of_s10|{s10}的 忠 实 臣 民 
str_the|那 个 
str_we|我 们 
str_track_down_s7_and_defeat_him_defusing_calls_for_war_within_the_s11|找 到 {s7}并 击 败 他 ， 以 解 除 {s11}的 战 事 。 
str_track_down_the_s9_who_attacked_travellers_near_s8_then_report_back_to_the_town|追 踪 袭 击 {s8}附 近 过 往 行 人 的 {s9}, 然 后 返 回 城 镇 报 告 。 
str_do_you_wish_to_award_it_to_one_of_your_vassals|你 打 算 把 它 授 予 你 的 某 个 封 臣 吗 ？ 
str_who_do_you_wish_to_give_it_to|你 打 算 把 它 授 予 谁 ？ 
str_sire_my_lady_we_have_taken_s1_s2|{陛 下 /尊 敬 的 女 士 }， 我 们 取 下 了 {s1}。 {s2}
str_s12i_want_to_have_s1_for_myself|{s12}我 打 算 保 留 {s1}给 我 自 己 。 {s2}
str_fiefs_s0| （ 封 地 ： {s0} ） 
str_production_setting_buy_from_market|我 们 正 在 从 市 场 购 买 原 材 料 。 
str_production_setting_buy_from_inventory|我 们 只 使 用 仓 库 里 的 原 料 。 
str_production_setting_produce_to_inventory|我 们 把 我 们 的 产 品 搬 到 仓 库 去 。 
str_production_setting_produce_to_market|我 们 正 将 产 出 直 接 卖 入 市 场 。 
str_feast_quest_expired|你 没 能 按 照 计 划 举 办 宴 会 。 很 可 能 是 被 大 势 力 战 役 或 者 其 他 事 件 所 干 扰 。 只 要 你 愿 意 ， 你 可 以 试 着 再 次 举 办 宴 会 。 
str_whereabouts_unknown|下 落 不 明 
str_mulberry_groves|数 英 亩 的 桑 树 林 
str_olive_groves|数 英 亩 的 橄 榄 树 林 
str_acres_flax|数 英 亩 的 亚 麻 田 
str_enterprise_enemy_realm|{先 生 /夫 人 }， 你 是 这 个 国 家 的 敌 人 。 我 们 不 能 让 你 在 这 里 买 地 。 
str_you_intend_to_denounce_s14_to_s13_on_behalf_of_s12|你 打 算 代 表 {s12}向 {s13}偷 偷 揭 发 {s14}
str_you_intend_to_denounce_s14_to_his_face_on_behalf_of_s14|你 打 算 代 表 {s12}公 开 揭 发 {s14}。 
str_you_intend_to_bring_gift_for_s14|你 打 算 带 着 天 鹅 绒 和 毛 皮 到 {s12}那 里 去 。 然 后 ， 和 {s14}谈 一 谈 ， 看 看 {s12}能 否 安 排 一 次 和 解 。
str_we_will_gather_the_army_but_not_ride_until_we_have_an_objective|我 们 将 集 合 军 队 ， 但 是 在 确 定 目 标 之 前 不 贸 然 行 动 。 
str_we_shall_lay_siege_to_an_easy_fortress_to_capture|我 们 正 在 向 他 们 防 守 最 薄 弱 的 堡 垒 集 结 部 队 。 
str_we_shall_strike_at_the_heart_of_our_foe_and_seize_the_fortress_of_s14|我 们 打 算 对 他 们 进 行 致 命 的 猛 烈 攻 击 。 
str_we_shall_take_the_fortress_of_s14_which_appears_easily_defensible|我 们 打 算 攻 占 一 座 对 我 们 来 说 易 于 防 守 的 堡 垒 。 
str_we_shall_cut_a_fiery_trail_through_their_richest_lands_to_draw_them_out_to_battle|我 们 将 他 们 最 富 庶 的 地 区 化 为 焦 土 ， 引 诱 他 们 出 战 。 
str_strategy_criticism_rash|我 认 为 这 个 策 略 太 鲁 莽 ， 没 必 要 让 我 们 的 军 队 暴 露 在 危 险 之 下 。 
str_strategy_criticism_cautious|我 认 为 这 个 策 略 过 于 谨 慎 了 ， 会 让 我 们 因 为 没 有 任 何 胜 绩 而 导 致 军 心 涣 散 。 
str_tavernkeeper_invalid_quest|有 些 事 情 在 做 ， 但 是 我 想 不 起 来 详 细 的 内 容 了 。 
str_faction_title_male_player|领 主 {s0}
str_faction_title_male_1|{s0}伯 爵　
str_faction_title_male_2|{s0}波 耶　
str_faction_title_male_3|那 颜 {s0}
str_faction_title_male_4|{s0}雅 尔　
str_faction_title_male_5|{s0}伯 爵　
str_faction_title_male_6|{s0}酋 长　
str_faction_title_female_player|{s0}夫 人　
str_faction_title_female_1|{s0}伯 爵 夫 人　
str_faction_title_female_2|{s0}波 耶 夫 人　
str_faction_title_female_3|{s0}哈 敦　
str_faction_title_female_4|乔 安 妮 {s0}
str_faction_title_female_5|{s0}伯 爵 夫 人　
str_faction_title_female_6|莎 耶 达 {s0}
str_name_kingdom_text|你 的 王 国 将 取 什 么 名 字 ？ 
str_default_kingdom_name|{s0}王 国 
str_lord_defects_ordinary|领 主 背 叛 ^^{s1}已 经 放 弃 了 {reg4?她 :他 }对 {s3}的 效 忠 ， 加 入 了 {s2}。 
str_lord_defects_player|领 主 背 叛 ^^{s1}已 经 放 弃 了 {reg4?她 :他 }对 {s3}的 效 忠 ， 暂 时 加 入 你 的 王 国 。 如 你 愿 意 ， 可 前 往 领 主 大 厅 接 受 他 的 誓 约 。 
str_lord_defects_player_faction|领 主 背 叛 ^^{s1}已 经 放 弃 了 {reg4?她 :他 }对 {s3}的 效 忠 ， 暂 时 加 入 你 的 王 国 。 如 你 愿 意 ， 可 前 往 领 主 大 厅 接 受 他 的 誓 约 。 
str_lord_indicted_player_faction|根 据 {s6}的 命 令 ， {s5}的 {s4}被 指 控 叛 国 。 该 领 主 已 被 剥 夺 所 有 {reg4?她 :他 }的 财 产 ， 现 正 逃 命 ， 并 想 加 入 你 的 王 国 。 你 可 以 去 你 的 领 主 大 厅 接 受 {reg?她 :他 }的 宣 誓 ， 如 果 你 愿 意 的 话 。 
str_lord_indicted_dialog_approach|幸 会 ， {我 的 大 人 /尊 敬 的 女 士 }。 您 也 许 听 说 过 我 在 {s10}手 下 的 恶 劣 遭 遇 。 您 素 有 善 待 封 臣 的 名 声 ， 若 您 不 弃 ， 我 荣 幸 成 为 您 的 封 臣 。 
str_lord_indicted_dialog_approach_yes|我 也 很 荣 幸 接 受 你 的 效 忠 。 
str_lord_indicted_dialog_approach_no|对 不 起 。 我 暂 不 需 要 你 来 效 力 。 
str_lord_indicted_dialog_rejected|真 的 ？ 那 也 许 您 的 名 声 言 过 其 实 。 再 见 ， {我 的 大 人 /尊 敬 的 女 士 }— — 我 去 看 看 卡 拉 迪 亚 是 否 有 别 的 统 治 者 更 赏 识 我 的 才 能 。 
str__has_been_worried_about_bandits_establishing_a_hideout_near_his_home|担 心 强 盗 在 他 的 领 地 建 立 了 一 个 藏 身 之 处 。 
str_bandit_lair_quest_description|找 到 并 摧 毁 {s9}, 然 后 向 {s11}汇 报 。 
str_bandit_hideout_preattack|你 靠 近 了 那 个 贼 窝 ， {s4}看 起 来 还 没 有 发 现 你 ， 你 仍 可 悄 然 退 离 。 抵 达 窝 点 的 路 径 险 峻 — — {s5}— — 这 意 味 着 仅 少 数 随 从 能 参 与 攻 击 ， 且 无 法 骑 马 。 如 果 你 第 一 次 进 攻 失 败 了 ， 那 些 {s4}很 容 易 逃 脱 并 散 入 四 周 乡 野 ， 继 续 威 胁 旅 客 。 你 想 进 攻 窝 点 ， 还 是 另 寻 时 机 ？ 
str_bandit_hideout_failure|那 些 {s4}击 退 了 你 的 进 攻 。 你 重 整 部 队 再 次 进 发 ， 却 发 现 他 们 四 散 而 去 ， 消 失 在 了 茫 茫 荒 野 之 中 ， 毫 无 疑 问 地 他 们 将 继 续 成 为 这 片 地 区 旅 行 者 们 的 威 胁 。 
str_bandit_hideout_success|随 着 他 们 的 退 路 被 切 断 ， 那 些 {s4}在 你 的 果 断 进 攻 下 一 个 接 着 一 个 倒 下 。 他 们 的 藏 身 之 所 ， 以 及 他 们 的 不 义 之 财 ， 现 在 是 你 的 了 。 
str_bandit_approach_defile|沿 一 条 狭 窄 的 峡 谷 而 下 
str_bandit_approach_swamp|穿 过 一 片 松 林 沼 泽 
str_bandit_approach_thickets|穿 过 一 片 浓 密 的 灌 木 丛 
str_bandit_approach_cliffs|沿 悬 崖 边 的 小 径 攀 上 
str_bandit_approach_cove|沿 穿 过 海 崖 的 溪 床 而 下 
str_political_explanation_lord_lacks_center|在 这 种 情 况 下 ， 封 地 应 该 赐 给 无 土 地 无 收 入 的 领 主 。 
str_political_explanation_lord_took_center|在 这 种 情 况 下 ， 城 堡 应 该 归 属 于 攻 下 这 里 的 人 。 
str_political_explanation_most_deserving_friend|在 这 种 情 况 下 ， 我 会 考 虑 从 我 的 挚 友 和 心 腹 中 ， 选 出 一 个 最 值 得 奖 赏 的 人 ， 作 为 领 地 的 主 人 。 
str_political_explanation_most_deserving_in_faction|在 这 种 情 况 下 ， 我 会 考 虑 从 这 个 王 国 的 所 有 领 主 中 ， 挑 选 一 个 最 值 得 奖 赏 的 人 ， 作 为 领 地 的 主 人 。 
str_political_explanation_self|因 为 缺 少 其 他 显 见 的 候 选 人 ， 我 自 荐 担 任 此 职 。 
str_political_explanation_marshal|我 选 择 我 们 的 贵 族 当 中 最 勇 敢 的 ， 我 所 信 任 的 ， 并 且 和 大 家 都 相 处 的 很 融 洽 的 那 个 人 。 
str_prisoner_at_large|那 个 追 捕 者 在 俘 虏 者 战 败 后 逃 走 。 我 想 你 的 朋 友 很 快 会 再 现 身 。 
str_quick_battle_scene_1|农 舍 
str_quick_battle_scene_2|绿 洲 
str_quick_battle_scene_3|图 尔 布 克 关 口 
str_quick_battle_scene_4|海 马 城 堡 
str_quick_battle_scene_5|乌 巴 斯 城 堡 
str_quick_battle_troop_1|由 于 罗 德 里 戈 · 德 · 布 拉 甘 萨 的 存 在 ， 城 里 的 每 一 个 人 太 阳 下 山 以 后 出 门 都 得 带 上 武 装 警 卫 。 他 曾 是 眼 眸 炯 炯 的 商 人 ， 带 着 红 宝 石 小 财 富 和 垄 断 丝 绒 市 场 的 梦 想 来 到 提 尔 ， 却 因 与 勾 结 的 罗 多 克 商 会 激 烈 竞 争 而 一 贫 如 洗 。 但 他 旋 即 弃 商 从 武 ， 凭 借 过 人 商 业 头 脑 建 起 维 鲁 卡 最 凶 恶 的 犯 罪 王 国 ， 在 各 大 城 镇 设 窝 点 、 搞 活 动 。 他 得 偿 所 愿 — — 他 头 上 的 悬 赏 金 ， 比 他 曾 追 逐 的 财 富 更 昂 贵 。 现 在 ， 他 以 夺 取 前 竞 争 对 手 的 财 物 — — 及 消 除 他 们 的 烦 忧 — — 为 乐 。 
str_quick_battle_troop_2|乌 西 亚 特 拉 十 七 岁 时 ， 以 果 断 血 腥 的 手 段 篡 夺 了 卡 拉 迪 亚 王 国 外 南 部 沙 漠 村 庄 西 里 的 盗 匪 团 领 导 权 。 在 她 的 统 领 下 ， 这 群 暴 徒 的 势 力 迅 速 席 卷 南 方 。 她 狡 黠 果 断 ， 怀 有 残 酷 的 野 心 ， 并 以 冷 血 与 残 忍 付 诸 行 动 ， 赢 得 追 随 者 的 狂 热 崇 拜 。 因 此 ， 她 在 自 己 人 中 过 着 奢 侈 腐 败 的 生 活 — — 这 建 立 在 她 旅 途中 暴 力 掠 夺 的 基 础 上 。 她 的 军 事 实 力 和 天 生 的 战 略 才 智 ， 让 她 的 组 织 在 故 乡 未 遭 镇 压 ， 现 在 她 将 目 光 投 向 卡 拉 迪 亚 的 富 土 ， 以 维 系 她 的 战 团 。 
str_quick_battle_troop_3|作 为 一 个 生 活 在 乌 克 斯 豪 尔 附 近 的 小 贵 族 的 次 子 ， 荷 根 受 过 战 争 和 单 挑 技 艺 的 教 育 。 受 封 骑 士 后 ， 他 成 为 乌 克 斯 豪 尔 领 主 军 中 的 雇 佣 骑 士 ， 与 维 吉 亚 人 作 战 ， 随 后 率 领 游 骑 兵 在 阿 密 尔 附 近 击 退 库 吉 特 袭 击 。 随 后 的 反 击 和 两 次 战 役 ， 让 他 以 战 士 身 份 名 声 大 噪 。 遗 憾 的 是 ， 和 平 后 他 被 解 雇 ， 再 无 晋 升 之 机 。 因 无 继 承 希 望 ， 战 技 在 和 平 中 荒 废 ， 他 招 募 青 年 战 士 ， 成 为 雇 佣 军 团 长 。 他 现 在 希 望 利 用 卡 拉 迪 亚 不 缺 雇 佣 军 需 求 的 机 会 谋 生 。 
str_quick_battle_troop_4|康 拉 德 是 远 西 大 洋 彼 岸 巴 利 昂 王 国 的 职 业 雇 佣 兵 。 大 半 生 征 战 ， 经 历 无 数 战 火 ， 他 深 爱 这 份 冒 险 生 涯 。 虽 曾 被 钉 头 锤 砸 扁 鼻 子 、 身 负 多 伤 ， 却 凭 强 臂 、 狡 黠 和 运 气 活 了 下 来 。 听 说 卡 拉 迪 亚 有 赚 钱 机 会 等 着 他 这 样 的 人 才 ， 他 租 船 带 手 下 跨 海 而 来 ， 寻 找 新 的 战 场 。 作 为 与 卡 拉 迪 亚 各 国 无 瓜 葛 的 雇 佣 兵 ， 他 乐 于 为 钱 袋 鼓 胀 的 领 主 效 力 。 
str_quick_battle_troop_5|斯 维 尔 是 所 谓 的 “海 上 劫 掠 者” 之 一 — — 来 自 北 海 彼 岸 冰 寒 的 朱 姆 尼 王 国 ， 据 说 是 诺 德 人 的 祖 源 地 。 年 轻 时 ， 他 就 参 与 过 多 次 袭 击 沃 尔 切 格 亲 族 和 维 吉 亚 人 的 行 动 。 但 他 聪 明 过 人 ， 很 快 发 现 卡 拉 迪 亚 比 故 乡 富 裕 得 多 ， 在 这 里 能 过 更 好 的 生 活 。 在 袭 击 加 耶 克 时 ， 同 伴 掠 夺 村 庄 、 俘 虏 人 口 ， 他 偷 偷 离 去 ， 伪 装 成 查 尔 贝 克 山 区 的 乡 巴 佬 ， 迅 速 闯 出 猛 战 士 的 名 声 。 现 在 ， 他 率 领 雇 佣 军 团 追 求 自 己 的 财 富 。 
str_quick_battle_troop_6|波 里 斯 拉 夫 来 自 维 吉 亚 苔 原 深 处 的 查 尔 涅 ， 是 一 名 猎 人 。 他 终 生 追 猎 野 兽 ， 以 肉 为 食 、 以 皮 为 衣 ， 如 无 尽 战 争 前 的 祖 先 一 样 靠 土 地 为 生 。 现 在 ， 野 兽 因 不 断 的 战 争 声 响 惊 慌 逃 窜 ， 士 兵 肆 意 屠 杀 动 物 ， 未 被 烧 毁 的 森 林 也 再 无 生 机 。 面 临 饥 饿 ， 博 里 斯 拉 夫 决 定 把 从 猎 鹿 、 狼 、 熊 中 学 来 的 弓 矛 技 艺 用 于 追 猎 人 类 ， 他 稳 定 的 手 和 敏 锐 的 眼 ， 已 夺 走 无 数 生 命 。 他 不 关 心 王 国 争 端 ， 只 在 乎 让 自 己 和 手 下 填 饱 肚 子 。 
str_quick_battle_troop_7|斯 塔 夫 罗 斯 出 生 于 独 立 城 邦 禅 达 ， 成 年 后 大 部 分 时 间 在 著 名 警 官 哈 雷 克 手 下 当 城 卫 。 他 的 领 导 力 和 武 艺 ， 对 消 灭 该 地 恐 怖 的 河 盗 至 关 重 要 ， 但 面 对 城 邦 的 灾 难 却 无 能 为 力 。 当 禅 达 被 大 批 海 上 劫 掠 者 夷 为 平 地 ， 他 随 难 民 逃 离 燃 烧 的 城 市 。 短 暂 流 浪 、 打 零 工 后 ， 他 加 入 雇 佣 军 团 ， 凭 借 忠 诚 和 战 术 才 能 晋 升 为 领 导 。 现 在 ， 他 大 部 分 精 力 用 于 联 合 猎 人 和 地 方 当 局 对 抗 海 盗 和 其 他 法 外 之 徒 ， 力 求 保 障 旅 客 安 全 。 
str_quick_battle_troop_8|佳 玛 拉 在 萨 兰 德 土 地 外 的 沙 漠 深 处 游 牧 部 落 长 大 ， 很 早 就 学 会 用 弹 弓 和 长 矛 狩 猎 。 但 沙 漠 的 简 朴 生 活 和 艰 苦 环 境 无 法 满 足 她 ， 她 热 切 想 见 传 说 中 的 广 阔 世 界 。 对 冒 险 的 年 轻 女 子 而 言 ， 生 活 不 易 ， 佳 玛 拉 必 须 快 速 适 应 卡 拉 迪 亚 的 生 存 法 则 。 一 次 争 执 后 ， 她 夺 走 攻 击 者 的 武 器 甲 胄 ， 现 在 用 厚 重 的 萨 兰 德 服 装 掩 饰 美 貌 ， 许 多 人 甚 至 怀 疑 她 是 男 人 — — 在 战 场 上 ， 她 的 威 胁 力 不 亚 于 任 何 男 人 。 她 收 拢 一 群 追 随 者 ， 一 起 在 战 火 蹂 躏 的 土 地 上 寻 求 荣 耀 。 
str_quick_battle_troop_9|艾 瑟 罗 德 并 非 贵 族 。 他 曾 两 次 改 名 ， 维 吉 亚 领 土 上 的 大 部 分 罪 行 都 被 归 咎 于 他 。 无 论 真 假 ， 他 声 称 从 未 伤 害 无 辜 ， 自 认 为 爱 国 公 民 ， 曾 多 次 在 部 落 受 威 胁 时 率 领 叛 军 前 来 援 助 。 但 和 平 时 期 ， 大 多 数 领 主 都 对 他 敬 而 远 之 ， 因 他 胆 大 敢 为 ， 随 时 准 备 挑 战 领 主 。 他 在 瑞 瓦 丁 贫 民 窟 出 生 长 大 ， 十 四 岁 学 会 用 弓 并 离 家 出 走 。 三 十 二 岁 时 ， 他 的 箭 术 几 近 完 美 ， 虽 不 善 骑 马 ， 却 能 远 距 离 命 中 目 标 。 他 坚 韧 如 铁 、 敏 锐 如 鹰 ， 是 当 地 真 正 的 传 奇 人 物 。 
str_quick_battle_troop_10|作 为 萨 兰 德 王 国 最 恶 名 昭 著 的 盗 匪 首 领 之 女 ， 扎 伊 拉 的 生 活 从 不 轻 松 ， 但 她 应 对 得 游 刃 有 余 。 与 大 多 数 女 子 不 同 ， 她 从 小 学 习 沙 漠 战 士 的 本 领 ， 剑 术 和 弓 术 同 样 致 命 。 当 同 龄 女 孩 学 习 持 家 时 ， 她 学 会 了 如 何 最 利 落 地 杀 商 人 夺 财 。 十 六 岁 时 ， 她 杀 的 人 比 苏 丹 军 中 的 普 通 老 兵 还 多 。 二 十 岁 生 日 前 ， 父 亲 在 与 另 一 盗 匪 首 领 的 打 斗 中 丧 生 。 作 为 独 女 ， 扎 伊 拉 接 管 了 父 亲 的 匪 帮 。 为 父 亲 报 仇 后 ， 她 很 快 重 振 旗 鼓 。 现 在 ， 她 正 步 步 建 立 自 己 作 为 盗 匪 首 领 的 名 声 。 
str_quick_battle_troop_11|阿 尔 戈 ・ 森 德 纳 尔 经 历 丰 富 。 初 到 卡 拉 迪 亚 做 商 人 时 ， 他 期 望 比 在 洛 克 蒂 赚 更 多 钱 。 却 不 知 战 火 纷 飞 的 卡 拉 迪 亚 充 满 盗 匪 和 杀 手 ， 贸 易 比 洛 克 蒂 复 杂 得 多 。 商 队 遭 袭 失 去 所 有 货 物 和 钱 财 后 ， 他 被 竞 争 对 手 收 购 ， 迫 于 生 计 成 为 商 队 保 镖 。 尽 管 战 斗 技 能 一 般 ， 他 很 快 在 卡 拉 迪 亚 一 条 危 险 商 道 找 到 工 作 。 纯 属 幸 运 ， 他 活 了 下 来 ， 积 累 足 够 战 斗 经 验 和 资 金 ， 开 始 自 己 的 商 队 主 业 ， 为 需 要 货 物 保 护 的 商 人 提 供 服 务 。 
str_tutorial_training_ground_intro_message|在 训 练 场 四 处 走 走 ， 与 战 士 交 谈 以 练 习 《 骑 马 与 砍 杀 》 战 斗 的 各 个 方 面 。 你 可 使 用 ASDW 键 移 动 。 要 与 角 色 对 话 ， 走 近 他 直 至 屏 幕 出 现 其 名 字 ， 然 后 按 F 键 。 你 也 可 用 F 键 捡 起 物 品 、 开 门 和 与 物 体 互 动 。 按 Tab 键 可 随 时 退 出 教 程 。 
str_map_basic|地 图 
str_game_type_basic|游 戏 类 型 
str_battle|战 场 模 式 
str_siege_offense|围 城 （ 进 攻 ） 
str_siege_defense|围 城 （ 防 御 ） 
str_character|角 色 
str_biography|背 景 
str_player|玩 家 
str_enemy|敌 人 
str_faction|阵 营 
str_army_composition|部 队 成 份 
str_army_size|部 队 规 模 
str_reg0_men|{reg0}人 
str_start|开 始 
str_i_need_to_raise_some_men_before_attempting_anything_else|我 在 试 图 干 任 何 事 情 之 前 最 好 先 召 集 一 些 人 
str_we_are_currently_at_peace|我 们 现 在 保 持 和 平 
str_the_marshalship|元 帅 职 位 
str_you|你 
str_myself|我 自 己 
str_my_friend_s15|我 的 朋 友 {s15}
str_custom_battle|定 制 战 斗 
str_comment_intro_liege_affiliated_to_player|据 说 你 对 我 — — 卡 拉 迪 亚 之 王 的 权 力 和 地 位 提 出 了 质 疑 ？ 毫 无 疑 问 ， 我 对 此 极 为 不 快 ， 但 是 我 是 仁 慈 和 明 理 的 人 ， 我 们 仍 然 可 以 就 此 谈 谈 。 
str_s21_the_s8_declared_war_out_of_personal_enmity|{s21}{s8}由 于 个 人 恩 怨 而 宣 战 。 
str_s21_the_s8_declared_war_in_response_to_border_provocations|{s21}{s8}由 于 敌 人 针 对 边 境 的 挑 衅 而 宣 战 。 
str_s21_the_s8_declared_war_to_curb_the_other_realms_power|{s21}{s8}为 制 衡 他 国 势 力 而 宣 战 。 
str_s21_the_s8_declared_war_to_regain_lost_territory|{s21}{s8}为 了 收 复 失 地 而 宣 战 。 
str__family_|^ 家 族 ： 
str_we_are_conducting_recce|我 们 会 先 侦 察 该 区 域 ， 再 决 定 行 动 。 
str_s49_s12_s11_end|{s49}{s12} （ {s11} ） 。 
str_center_party_not_active|并 不 是 我 们 的 目 标 ， 我 们 没 有 哪 位 领 主 曾 经 占 领 此 处 。 
str_center_is_friendly|不 是 我 们 的 敌 人 。 
str_center_is_already_besieged|正 遭 到 围 攻 。 
str_center_is_looted_or_raided_already|已 经 化 为 一 片 废 墟 。 
str_center_marshal_does_not_want_to_attack_innocents|居 住 着 平 民 ， 若 土 地 被 破 坏 ， 他 们 受 害 最 深 。 
str_center_we_have_already_committed_too_much_time_to_our_present_siege_to_move_elsewhere|正 遭 到 围 攻 ， 此 时 转 移 阵 地 将 是 错 误 。 
str_center_we_are_already_here_we_should_at_least_loot_the_village|已 近 在 咫 尺 ， 我 们 应 夺 其 财 富 ， 毁 其 余 地 。 
str_center_far_away_we_can_reconnoiter_but_will_delay_decision_until_we_get_close|NOT USED 
str_center_far_away_our_cautious_marshal_does_not_wish_to_reconnoiter|距 离 太 远 了 ， 连 侦 察 都 很 困 难 。 
str_center_far_away_even_for_our_aggressive_marshal_to_reconnoiter|距 离 太 远 了 ， 连 侦 察 都 很 困 难 。 
str_center_far_away_reason|{s6}比 {s5}距 我 们 的 势 力 核 心 地 区 还 要 远 ， 这 样 一 来 ， 夺 取 后 难 以 防 守 。 
str_center_closer_but_this_is_not_enought|{s6}比 {s5}距 我 们 的 国 境 近 多 了 ， 但 基 于 其 他 原 因 ， 我 们 此 时 无 法 对 {s6}展 开 进 攻 。 
str_center_protected_by_enemy_army_aggressive|正 被 一 支 实 力 毫 无 疑 问 比 我 们 强 大 的 敌 军 驻 守 。 
str_center_protected_by_enemy_army_cautious|正 被 一 支 强 大 的 敌 军 驻 守 ， 在 他 们 面 前 我 们 毫 无 胜 算 。 
str_center_cautious_marshal_believes_center_too_difficult_to_capture|将 会 是 一 场 惨 烈 且 风 险 很 高 的 战 斗 。 
str_center_even_aggressive_marshal_believes_center_too_difficult_to_capture|的 防 御 太 过 坚 固 ， 无 法 攻 占 。 
str_center_value_outweighed_by_difficulty_of_capture|那 里 不 值 得 我 们 冒 险 进 攻 。 
str_center_value_justifies_the_difficulty_of_capture|毫 无 疑 问 会 被 我 们 攻 占 ， 它 也 确 实 有 进 攻 的 价 值 。 
str_center_is_indefensible|距 我 们 的 另 一 座 城 堡 太 远 ， 难 以 防 守 。 
str_we_are_waiting_for_selection_of_marshal|我 们 在 等 候 选 任 统 帅 。 
str_best_to_attack_the_enemy_lands|我 们 已 经 拥 有 了 如 此 规 模 的 部 队 ， 最 佳 策 略 是 进 攻 敌 土 。 
str_we_believe_the_fortress_will_be_worth_the_effort_to_take_it|我 们 相 信 这 座 城 堡 值 得 进 攻 。 
str_we_will_gather_to_defend_the_beleaguered_fortress|我 们 将 集 结 防 卫 被 困 的 堡 垒 。 
str_the_enemy_temporarily_has_the_field|敌 人 暂 占 上 风 ， 我 们 应 暂 避 风 头 。 
str_center_has_not_been_scouted|我 方 近 期 未 侦 察 ， 但 可 前 往 ， 临 近 再 定 决 策 。 
str_we_have_assembled_some_vassals|已 集 结 部 分 封 臣 ， 但 需 等 更 多 人 马 再 进 入 敌 境 。 
str_we_are_waiting_here_for_vassals|我 们 在 等 候 封 臣 会 合 。 
str_we_are_travelling_to_s11_for_vassals|我 们 正 赶 往 {s11}, 方 便 封 臣 在 出 征 前 会 合 。 
str_center_strength_not_scouted|近 期 未 侦 察 ， 不 知 防 守 力 度 。 
str_center_strength_strongly_defended|据 信 防 守 严 密 
str_center_strength_moderately_defended|据 信 防 守 中 等 
str_center_strength_weakly_defended|据 信 防 守 薄 弱 
str_center_distant_from_concentration|距 我 方 比 敌 军 主 力 更 近 ， 可 在 敌 人 反 应 前 攻 击 摧 毁 
str_plus|+ 
str_minus|- 
str_tutorial_training_ground_warning_no_weapon|嗨 ， 你 不 觉 得 在 我 们 开 始 前 你 需 要 先 拿 一 把 武 器 吗 ？ 那 里 就 有 不 少 武 器 可 以 使 用 ， 赶 快 找 一 把 趁 手 的 。 
str_tutorial_training_ground_warning_shield|你 首 先 要 收 起 你 的 盾 牌 。 下 转 鼠 标 滚 轮 来 收 起 你 的 盾 牌 。 
str_tutorial_training_ground_warning_melee_with_parry|这 项 练 习 需 要 使 用 近 战 武 器 。 
str_tutorial_training_ground_warning_melee|上 转 你 的 鼠 标 滚 轮 来 取 出 一 件 武 器 。 向 上 滚 选 下 一 件 武 器 ， 向 下 滚 选 下 一 件 盾 牌 。 
str_tutorial_training_ground_attack_training|成 功 攻 击 次 数 ： {reg0}/5^ 失 败 攻 击 次 数 ： {reg1}^{s0}
str_tutorial_training_ground_attack_training_down|进 行 刺 击 ！ （ 按 下 鼠 标 左 键 并 向 下 移 动 你 的 鼠 标 ） 
str_tutorial_training_ground_attack_training_up|进 行 上 劈 攻 击 ！ （ 按 下 鼠 标 左 键 并 向 上 移 动 你 的 鼠 标 ） 
str_tutorial_training_ground_attack_training_left|左 砍 攻 击 ！ （ 按 下 鼠 标 左 键 并 向 左 移 动 你 的 鼠 标 ） 
str_tutorial_training_ground_attack_training_right|右 砍 攻 击 ！ （ 按 下 鼠 标 左 键 并 向 右 移 动 你 的 鼠 标 ） 
str_tutorial_training_ground_parry_training|成 功 躲 避 次 数 ： {reg0}/5 
str_tutorial_training_ground_chamber_training|成 功 格 挡 次 数 ： {reg0}/5 
str_tutorial_training_ground_archer_training|精 准 射 击 次 数 ： {reg0}/3^{s0}
str_tutorial_training_ground_ammo_refill|教 程 中 弹 药 已 补 充 。 
str_tutorial_training_ground_archer_text_1|靠 近 {s0}然 后 按 下 F键 捡 起 它 。 
str_tutorial_training_ground_archer_text_2|现 在 ， 射 击 目 标 吧 。 
str_tutorial_training_ground_archer_text_3|准 心 的 大 小 代 表 了 你 的 射 击 精 度 。 按 下 鼠 标 左 键 不 放 直 到 准 心 聚 拢 到 最 小 。 当 准 心 到 达 最 小 时 释 放 鼠 标 左 键 。 如 果 你 瞄 准 的 时 间 过 长 准 心 会 再 次 放 大 。 
str_tutorial_training_ground_archer_text_4|按 下 R键 切 换 到 第 一 人 称 视 角 ， 有 利 于 远 程 武 器 瞄 准 。 
str_tutorial_training_ground_archer_text_5|你 已 击 中 了 所 有 目 标 。 现 在 再 去 和 教 练 交 谈 吧 。 
str_tutorial_training_ground_horseman_text_1|走 近 {s0}然 后 按 下 F键 捡 起 它 。 
str_tutorial_training_ground_horseman_text_2|靠 近 马 匹 然 后 按 F键 骑 马 。 
str_tutorial_training_ground_horseman_text_3|骑 向 下 一 个 路 点 。 
str_tutorial_training_ground_horseman_text_4|击 打 下 一 个 顶 部 有 箭 头 的 假 人 ！ 
str_tutorial_training_ground_horseman_text_5|射 击 顶 部 有 箭 头 的 箭 靶 ！ 
str_tutorial_training_ground_horseman_text_6|你 成 功 地 完 成 了 练 习 。 现 在 回 到 教 练 那 儿 去 和 他 谈 谈 吧 。 
str_the_great_lords_of_your_kingdom_plan_to_gather_at_your_hall_in_s10_for_a_feast|你 王 国 的 大 领 主 们 准 备 聚 集 在 你 {s10}的 大 厅 里 举 行 宴 会 
str_your_previous_court_some_time_ago|你 之 前 的 求 爱 过 了 一 段 时 间 ， 
str_awaiting_the_capture_of_a_fortress_which_can_serve_as_your_court|等 待 夺 回 一 座 要 塞 作 为 你 的 宫 殿 。 
str_but_if_this_goes_badly|我 会 重 视 你 的 建 议 。 但 如 果 搞 砸 了 ， 我 要 追 究 你 的 责 任 。 
str_i_realize_that_you_are_on_good_terms_with_s4_but_we_ask_you_to_do_this_for_the_good_of_the_realm|我 了 解 你 和 {s4}关 系 很 好 ， 但 这 都 是 为 了 国 家 的 利 益 
str_i_realize_that_you_are_on_good_terms_with_s4_but_the_blow_will_hurt_him_more|我 了 解 你 和 {s4}关 系 很 好 — — 但 这 仅 仅 意 味 着 你 对 他 的 打 击 将 更 痛 彻 ！ 
str_killed_bandit_at_alley_fight|这 个 商 人 带 你 进 入 了 他 的 房 子 。 刚 一 进 去 ， 他 就 倚 在 门 边 ， 朝 着 街 道 望 了 一 阵 子 。 在 确 认 没 有 被 人 跟 踪 之 后 ， 才 走 近 你 ， 说 道 … … 
str_wounded_by_bandit_at_alley_fight|你 被 击 倒 了 。 可 是 ， 在 你 失 去 知 觉 之 前 ， 你 听 到 喊 叫 声 和 奔 跑 的 脚 步 声 … … 你 醒 过 来 发 现 自 己 在 室 内 ， 虚 弱 但 还 活 着 。 
str_cannot_leave_now|现 在 不 能 离 开 。 
str_press_tab_to_exit_from_town|按 下 TAB键 马 上 离 开 。 游 戏 中 你 可 以 通 过 按 TAB键 ， 快 速 离 开 任 何 地 方 。 
str_find_the_lair_near_s9_and_free_the_brother_of_the_prominent_s10_merchant|找 到 {s9}附 近 的 匪 巢 ， 解 救 {s10}的 商 人 的 兄 弟 。 
str_please_sir_my_lady_go_find_some_volunteers_i_do_not_know_how_much_time_we_have|{先 生 /尊 敬 的 女 士 }， 如 果 你 想 对 得 起 我 给 予 你 的 信 任 ， 那 么 请 快 一 点 行 动 。 赶 紧 去 找 些 帮 手 吧 ， 我 真 不 知 道 我 们 还 有 多 少 时 间 了 。 
str_you_need_more_men_sir_my_lady|听 着 ， 你 需 要 更 多 的 人 手 。 目 前 你 的 队 伍 人 数 只 有 {reg0}。 如 果 你 带 领 太 少 的 人 去 进 攻 他 们 ， 恐 怕 会 被 绑 着 拖 到 他 们 的 老 巢 ， 这 不 在 我 们 的 计 划 之 中 ， 别 冒 险 。 去 那 些 村 庄 招 募 更 多 的 人 ， 然 后 以 其 人 之 道 还 治 其 人 之 身 。 
str_good_you_have_enough_men|好 ， 很 好 。 你 干 得 真 漂 亮 。 现 在 你 已 经 有 足 够 多 的 人 马 了 ， 去 给 那 些 强 盗 当 头 一 棒 ， 逼 他 们 说 出 窝 点 所 在 。 
str_do_not_waste_time_go_and_learn_where_my_brother_is|你 看 ， {先 生 /尊 敬 的 女 士 }。 时 间 有 点 紧 张 了 ， 现 在 ， 如 果 你 能 去 找 到 他 们 藏 匿 我 兄 弟 的 地 方 ， 我 将 不 胜 感 激 。
str_start_up_quest_message_1|{s9}希 望 你 在 周 边 的 村 庄 至 少 招 募 到 5个 人 ， 完 成 之 后 ， 再 去 找 他 谈 谈 。 他 在 {s1}的 酒 馆 。 
str_start_up_quest_message_2|找 到 并 打 败 一 队 出 没 于 {s9}附 近 的 强 盗 ， 弄 清 楚 你 雇 主 的 兄 弟 被 关 在 哪 里 。 
str_start_up_quest_message_3|从 {s9}附 近 的 匪 巢 救 出 商 人 的 兄 弟 。 
str_start_up_first_quest|你 接 到 了 你 的 第 一 个 任 务 。 游 戏 中 ， 你 可 以 按 Q键 随 时 查 看 任 务 日 志 。 
str_reason_1|我 们 现 在 的 目 标 拥 有 巨 大 的 价 值 。 
str_reason_2|对 {s8}的 攻 击 给 我 们 国 家 造 成 了 极 大 的 危 险 。 
str_reason_3|我 们 认 为 {s8}受 到 了 更 严 重 的 威 胁 
str_reason_4|也 许 是 因 为 该 区 域 敌 军 的 规 模 。 
str_reason_5|我 不 确 定 。 
str_reason_6|我 们 不 知 道 它 的 防 守 力 如 何 。 
str_reason_7|我 们 认 为 它 防 守 严 密 。 
str_reason_8|我 们 认 为 它 防 守 尚 可 。 
str_reason_9|我 们 认 为 它 防 守 薄 弱 。 
str_has_decided_that_an_attack_on_|已 决 定 进 攻 
str_this_would_be_better_worth_the_effort|综 合 考 虑 其 价 值 、 距 离 和 可 能 的 防 守 力 ， 很 值 得 放 手 一 搏 。 
str_has_decided_to_defend_|已 决 定 防 守 
str_before_going_offensive_we_should_protect_our_lands_if_there_is_any_threat_so_this_can_be_reason_marshall_choosed_defending_s4|在 进 攻 之 前 我 们 应 该 保 护 我 们 的 领 地 不 受 任 何 威 胁 。 所 以 这 可 以 说 服 元 帅 选 择 防 守 {s4}。 
str_are_you_all_right|现 在 … … 让 我 给 你 说 说 我 的 提 议 
str_you_are_awake|啊 — — 你 醒 了 。 看 到 你 还 能 走 路 真 是 太 好 了 。 你 很 幸 运 我 们 刚 好 经 过 。 我 那 时 正 在 和 哨 兵 说 话 ， 一 听 到 打 斗 声 就 跑 过 来 看 发 生 了 什 么 。 虽 没 及 时 阻 止 你 被 击 倒 ， 但 至 少 救 了 你 一 命 … … 现 在 … … 也 许 你 能 帮 助 我 … … 
str_save_town_from_bandits|从 强 盗 手 中 救 回 {s9}。 
str_you_fought_well_at_town_fight_survived|哈 ！ 干 得 好 ！ 我 看 见 你 至 少 干 掉 了 三 个 敌 人 。 保 持 这 样 的 表 现 ， 继 续 战 斗 下 去 ， 你 一 定 会 在 这 片 大 陆 上 扬 名 立 万 的 。 
str_you_fought_normal_at_town_fight_survived|干 得 好 ！ 我 听 说 你 干 掉 了 一 两 个 混 蛋 ， 而 自 己 却 毫 发 无 伤 。 对 于 一 场 战 斗 来 说 ， 没 有 什 么 比 这 样 的 结 果 更 好 了 … … 
str_you_fought_bad_at_town_fight_survived|嗯 ， 敌 人 已 逃 窜 ， 你 也 毫 发 无 损 。 总 的 来 说 ， 这 就 是 战 斗 中 最 要 紧 的 事 。 
str_you_fought_well_at_town_fight|啊 ！ 你 醒 了 。 你 当 时 挨 了 狠 揍 ， 但 好 消 息 是 我 们 胜 利 了 。 虽 然 你 倒 下 了 ， 可 在 此 之 前 ， 你 确 实 给 了 他 们 沉 重 的 打 击 。 要 是 你 没 能 活 过 来 ， 那 一 切 就 太 糟 糕 了 。 我 很 感 激 你 … … 
str_you_wounded_at_town_fight|啊 ！ 你 还 活 着 ， 总 算 放 心 了 。 你 当 时 挨 了 重 击 ， 虽 不 确 定 你 是 否 杀 了 敌 人 ， 但 幸 好 我 们 打 败 了 他 们 。 得 赶 紧 给 你 治 伤 … … 
str_you_fought_well_at_town_fight_survived_answer|让 所 有 恶 人 都 为 {playername}之 名 而 战 栗 吧 ！ 
str_you_fought_normal_at_town_fight_survived_answer|啊 ， 没 关 系 ， 我 很 荣 幸 能 和 大 家 并 肩 作 战 。 
str_you_fought_bad_at_town_fight_survived_answer|哎 ， 我 正 准 备 干 掉 一 个 家 伙 ， 就 滑 倒 在 血 水 里 了 ， 你 懂 的 … … 
str_you_fought_well_at_town_fight_answer|唉 ， 为 正 义 而 战 ， 挨 一 击 也 无 所 谓 。 
str_you_wounded_at_town_fight_answer|对 。 我 是 应 该 更 小 心 些 。 
str_unfortunately_reg0_civilians_wounded_during_fight_more|不 幸 的 是 ， 我 手 下 的 小 伙 子 们 大 约 有 {reg0}个 人 受 伤 了 。 我 得 去 看 看 他 们 。 
str_unfortunately_reg0_civilians_wounded_during_fight|不 幸 的 是 ， 我 的 一 个 手 下 受 了 很 重 的 伤 。 我 得 去 看 看 他 怎 么 样 了 
str_also_one_another_good_news_is_any_civilians_did_not_wounded_during_fight|而 且 ， 我 们 这 边 没 有 任 何 人 伤 得 很 严 重 。 这 是 个 好 消 息 。 
str_merchant_and_you_call_some_townsmen_and_guards_to_get_ready_and_you_get_out_from_tavern|你 离 开 酒 馆 走 上 街 头 ， 每 个 街 角 都 有 神 色 紧 张 的 年 轻 人 在 等 候 。 当 你 路 过 ， 你 能 发 现 藏 在 他 们 衣 服 下 的 匕 首 和 棍 棒 ， 以 及 他 们 那 种 混 杂 着 恐 惧 、 期 待 和 自 豪 的 目 光 。 真 希 望 你 的 敌 人 并 没 有 因 为 这 些 太 过 明 显 的 破 绽 而 引 起 警 惕 ， 你 最 后 检 查 了 一 下 自 己 的 武 器 ， 准 备 开 始 行 动 。 
str_town_fight_ended_you_and_citizens_cleaned_town_from_bandits|残 余 的 匪 徒 四 散 逃 亡 ， 躲 进 了 城 镇 里 那 些 狭 窄 的 巷 子 ， 却 被 愤 怒 的 市 民 逐 一 追 捕 。 你 已 经 取 得 了 完 全 的 胜 利 ， 而 受 伤 的 人 也 都 得 到 了 治 疗 。 确 认 完 这 些 事 之 后 ， 你 和 商 人 回 到 他 的 房 子 里 ， 回 顾 起 发 生 的 所 有 事 情 。 
str_town_fight_ended_you_and_citizens_cleaned_town_from_bandits_you_wounded|随 着 最 后 一 击 ， 你 倒 下 了 ， 无 法 动 弹 ， 顽 强 的 意 志 使 你 拼 命 阻 止 自 己 昏 过 去 。 不 久 ， 街 道 上 打 斗 的 声 响 变 成 了 城 镇 居 民 们 的 欢 呼 声 ， 你 如 释 重 负 ， 你 知 道 你 们 获 胜 了 。 不 一 会 儿 ， 友 好 的 双 臂 把 你 从 地 上 抬 了 起 来 ， 你 安 心 地 渐 渐 入 睡 。 几 个 小 时 过 去 ， 苏 醒 后 的 你 发 现 自 己 正 躺 在 商 人 的 房 子 里 。 
str_journey_to_reyvadin|你 穿 越 维 基 亚 高 地 ， 一 片 暴 露 在 刺 骨 北 风 中 的 高 原 。 这 里 的 土 地 大 半 年 都 被 冻 结 ， 但 森 林 供 给 人 们 以 丰 富 的 动 物 毛 皮 ， 河 中 鱼 群 密 集 。 土 地 的 富 饶 吸 引 商 人 ， 商 人 又 招 来 盗 匪 。 偶 尔 你 能 发 现 骑 在 粗 毛 小 马 上 的 黑 影 ， 从 雪 覆 的 山 脊 上 窥 视 商 队 经 过 。 当 瑞 瓦 丁 的 尖 塔 出 现 在 博 鲁 克 河 宽 阔 的 谷 地 彼 岸 时 ， 你 终 于 松 了 口 气 。 
str_journey_to_praven|你 随 商 队 穿 过 了 卡 拉 迪 亚 的 中 原 地 带 。 小 麦 、 大 麦 和 燕 麦 的 青 苗 正 冲 出 起 伏 丘 陵 的 黑 土 。 而 在 那 些 积 雪 的 山 峰 下 面 的 山 坡 ， 成 群 的 牛 羊 正 吃 着 美 味 的 春 草 ， 偶 尔 还 能 看 到 斯 瓦 迪 亚 贵 族 引 以 为 傲 的 战 马 。 这 里 无 疑 是 富 饶 的 ， 却 也 饱 经 战 乱 ， 偶 见 的 烧 毁 农 场 便 是 见 证 。 你 始 终 保 持 自 己 的 营 地 远 离 那 些 森 林 ， 那 里 是 走 投 无 路 者 的 庇 护 所 。 翻 过 山 脊 ， 你 终 于 松 了 口 气 ， 伟 大 的 帕 拉 汶 城 已 经 出 现 在 视 线 里 了 ， 在 夕 阳 的 余 晖 下 ， 城 市 的 屋 顶 泛 出 一 片 金 光 。 
str_journey_to_jelkala|你 乘 船 而 来 ， 沿 着 罗 多 克 高 地 与 海 相 接 的 悬 崖 航 行 。 河 谷 中 缠 绕 的 雾 霭 遮 住 了 大 部 分 海 岸 线 ， 但 偶 尔 你 会 看 到 一 座 城 堡 的 瞭 望 塔 刺 破 迷 雾 的 身 影 — — 还 有 一 次 你 见 到 烽 火 燃 起 ， 警 示 敌 军 来 袭 。 你 知 道 你 在 这 里 的 海 上 是 相 对 安 全 的 ， 毕 竟 你 身 在 南 方 ， 离 那 些 海 寇 肆 虐 的 诺 德 海 岸 很 遥 远 ， 但 在 抵 达 塞 尔 弗 河 口 — — 杰 尔 喀 拉 港 的 门 户 的 时 候 ， 还 是 让 人 感 到 欣 慰 ， 尤 其 是 你 看 到 抛 锚 停 泊 的 罗 多 克 战 舰 的 时 候 ， 它 的 旗 帜 在 傍 晚 的 清 风 中 徐 徐 飘 扬 。
str_journey_to_sargoth|你 搭 乘 一 艘 贸 易 长 船 ， 船 上 载 着 来 自 极 北 地 区 的 矛 隼 ， 准 备 用 以 交 换 亚 麻 和 羊 毛 。 船 在 季 初 启 航 ， 船 长 认 为 用 漂 冰 和 冬 末 风 暴 的 风 险 ， 换 来 赶 在 海 上 掠 夺 者 之 前 到 达 是 值 得 的 — — 这 些 掠 夺 者 每 年 四 月 便 会 从 岛 屿 窝 点 出 发 ， 蹂 躏 卡 拉 迪 亚 的 海 岸 。 当 船 驶 入 维 尔 河 与 博 鲁 克 河 的 三 角 洲 ， 不 久 后 划 过 潮 间 带 和 海 滨 湿 地 ， 看 见 萨 哥 斯 城 时 ， 你 稍 感 宽 心 — — 这 里 是 海 上 掠 夺 者 远 亲 诺 德 领 主 的 家 园 ， 他 们 几 代 之 前 在 这 片 富 饶 却 动 荡 的 土 地 上 建 立 了 王 国 。 
str_journey_to_tulga|你 跟 随 着 商 队 ， 穿 过 卡 拉 迪 亚 东 部 和 北 部 边 界 的 山 脉 ， 带 着 从 遥 远 的 地 方 弄 来 的 香 料 ， 去 交 换 羊 毛 和 盐 。 山 道 仍 被 积 雪 堵 塞 ， 前 行 艰 难 ， 但 是 你 终 于 翻 过 了 山 脊 ， 望 见 卡 拉 迪 亚 草 原 。 在 某 些 山 腰 上 ， 纤 细 的 春 草 已 泛 黄 ， 但 山 麓 仍 是 浓 郁 的 绿 色 。 羊 群 和 棕 色 的 草 原 小 马 如 云 朵 般 漫 步 ， 见 证 着 库 吉 特 可 汗 的 富 足 。 不 时 有 小 股 骑 兵 远 远 跟 随 商 队 ， 或 在 揣 测 你 们 能 否 保 护 所 携 货 物 。 当 看 见 图 尔 加 的 塔 楼 从 平 原 上 耸 起 时 ， 你 心 中 的 石 头 终 于 落 地 了 。 
str_journey_to_shariz|你 跟 随 着 商 队 ， 穿 越 了 卡 拉 迪 亚 东 部 的 大 沙 漠 。 贝 都 因 人 的 向 导 谨 慎 地 挑 选 着 行 进 路 线 ， 跳 过 一 个 个 危 险 的 沙 丘 ， 走 过 许 多 碎 石 铺 就 的 旷 野 ， 来 到 地 势 低 洼 的 绿 洲 ， 那 里 遍 布 着 种 满 枣 椰 树 的 果 园 。 对 于 你 来 说 ， 最 大 的 威 胁 莫 过 于 在 沙 漠 中 迷 路 和 缺 水 而 死 。 那 些 小 股 的 响 马 ， 在 弓 箭 射 程 之 外 跟 着 ， 等 待 时 机 对 掉 队 者 趁 火 打 劫 。 说 来 也 怪 ， 即 使 碰 到 他 们 ， 心 里 也 会 比 较 安 慰 — — 至 少 水 源 距 离 不 过 一 日 马 程 。 你 看 见 了 群 山 ， 接 着 翻 过 岩 石 隘 口 ， 看 到 了 远 处 的 海 面 。 当 然 ， 最 让 你 感 到 解 脱 的 ， 是 那 夕 阳 下 ， 沙 瑞 兹 城 里 高 塔 的 剪 影 。 
str_lost_tavern_duel_ordinary|你 被 醉 汉 的 最 后 一 击 震 得 瘫 倒 在 地 。 攻 击 者 的 怒 气 骤 然 消 退 ， 跌 坐 椅 子 上 注 视 着 你 ， 几 乎 是 后 悔 地 低 声 咕 哝 。 几 位 酒 客 连 劝 带 扶 把 他 架 出 门 。 有 人 为 你 包 扎 伤 口 ， 不 久 你 便 站 起 身 ， 虽 双 腿 发 颤 ， 却 无 大 碍 。 
str_lost_tavern_duel_assassin|袭 击 你 的 人 最 后 给 了 你 一 击 ， 你 猛 地 跌 倒 在 地 板 上 。 只 见 他 缓 缓 跪 下 ， 从 衣 下 抽 出 长 刀 ， 动 作 沉 稳 ， 企 图 致 你 于 死 地 。 但 是 ， 就 在 他 准 备 了 结 你 的 时 候 ， 酒 馆 老 板 似 乎 重 拾 勇 气 ， 从 后 面 给 了 那 家 伙 一 记 重 击 ， 打 在 了 头 上 。 他 一 个 趔 趄 ， 发 现 杀 机 已 失 ， 转 身 朝 门 口 逃 去 。 与 此 同 时 ， 一 些 酒 馆 的 熟 客 帮 你 把 伤 处 包 扎 了 起 来 ， 并 把 你 抬 到 一 间 隐 秘 的 房 间 ， 好 让 你 安 全 地 休 养 。 
str_lost_startup_hideout_attack|不 一 会 儿 ， 你 恢 复 了 意 识 ， 看 见 绑 匪 撬 开 酒 桶 痛 饮 ， 庆 祝 胜 利 ， 浑 然 忘 却 了 基 本 的 戒 备 — — 比 如 绑 住 你 的 手 脚 。 你 悄 悄 挣 脱 束 缚 ， 听 着 窝 点 里 传 来 的 喧 闹 声 ， 你 猜 测 仍 有 时 间 招 募 更 多 追 随 者 ， 发 起 再 次 攻 击 。 
str_as_you_no_longer_maintain_an_independent_kingdom_you_no_longer_maintain_a_court|既 然 你 已 经 不 再 统 治 着 一 个 独 立 的 王 国 ， 你 也 不 再 有 能 力 保 留 一 个 宫 廷 。
str_rents_from_s0|{s0}的 租 子 :
str_tariffs_from_s0|{s0}的 关 税 :
str_general_quarrel| 我 们 都 发 现 对 方 身 处 敌 对 的 阵 营 ， 彼 此 矛 盾 重 重 也 非 止 一 日 ， 早 已 怨 隙 丛 生 。
str_the_steppes|草 原 
str_the_deserts|沙 漠 
str_the_tundra|雪 原 
str_the_forests|森 林 
str_the_highlands|高 地 
str_the_coast|海 岸 
str_my_lady_not_sufficient_chemistry|尊 敬 的 女 士 ， 我 的 心 已 另 有 所 属 。
str_my_lady_engaged_to_another|尊 敬 的 女 士 ， 我 明 白 ， 你 已 别 有 怀 抱 。
str_attempting_to_rejoin_party|试 图 重 新 归 队 ，
str_separated_from_party|离 开 队 伍 ，
str_leading_party|率 领 着 一 支 队 伍 
str_court_disbanded|既 然 你 已 经 不 再 统 治 着 一 个 独 立 的 王 国 ， 你 的 宫 廷 被 解 散 了 。
str_i_am_not_accompanying_the_marshal_because_will_be_reappointment| 我 没 有 去 追 随 元 帅 ， 因 为 我 怀 疑 君 主 很 快 就 会 另 派 人 担 任 此 职 。
str_persuasion_opportunity|劝 说 机 会 ^保 证 成 功 所 需 关 系 ： {reg4}^当 前 关 系 ： {reg5}^成 功 几 率 ： {reg7}^损 失 {reg8}点 关 系 几 率 ： {reg9}
str_marshal_warning|你 没 在 跟 随 {s1}。 不 过 ， 你 不 会 因 此 受 到 任 何 处 罚 。
str_follow_army_quest_brief_2|你 的 任 务 完 成 了 。 若 你 想 接 受 更 多 任 务 ， 可 继 续 追 随 {s9}的 军 队 。
str_greetings_playername__it_is_good_to_see_you_i_hope_that_you_have_had_success_in_your_efforts_to_make_your_name_in_the_world| 我 很 高 兴 见 到 你 。 我 相 信 你 在 外 闯 出 了 不 错 的 名 声 。
str_minister_advice_select_fief| 也 许 我 该 建 议 你 选 择 {s4}, 就 像 封 臣 们 所 猜 测 的 那 样 。
str_minister_advice_select_fief_wait| 我 建 议 您 等 到 任 命 统 帅 之 后 再 做 决 定 ， 这 样 封 臣 们 就 有 时 间 考 虑 支 持 谁 。
str_minister_advice_fief_leading_vassal| 顺 便 说 一 句 ， {s4}已 经 获 得 了 你 封 臣 中 {reg4}的 支 持 。
str_unassigned_center| （ 未 分 封 ） 
str_s43_also_you_should_know_that_an_unprovoked_assault_is_declaration_of_war|{s43}同 时 ， 作 为 你 王 国 的 统 治 者 ， 您 应 知 道 这 次 袭 击 等 同 于 宣 战 。
str_missing_after_battle|战 后 失 踪 
str_retrieve_garrison_warning| （ 若 堡 垒 赐 予 他 人 ， 部 队 可 能 无 法 调 回 ） 
str_s12s15_declared_war_to_control_calradia|作 为 其 在 卡 拉 迪 亚 开 疆 扩 土 的 一 点 代 价 ， {s12}{s15}也 许 会 对 {s16}不 宣 而 战 。 
str_offer_gift_description|献 上 一 件 礼 物 来 提 高 我 的 名 望 
str_resolve_dispute_description|通 过 调 解 纠 纷 提 升 我 的 声 望 
str_feast_wedding_opportunity|若 你 的 未 婚 妻 及 其 家 人 在 场 ， 这 或 许 是 举 办 婚 礼 的 好 时 机 。 
str_s21_the_s8_declared_war_as_part_of_a_bid_to_conquer_all_calradia|{s21}。 {s8}几 乎 无 端 宣 战 ， 意 在 征 服 整 个 卡 拉 迪 亚 。 
str_master_vinter|酿 酒 大 师 
str_s54_has_left_the_realm|{s54}已 离 开 王 国 。 
str_enterprise_s5_at_s0|{s0}{s5}的 净 收 支 
str_bread_site|磨 坊 
str_ale_site|酿 酒 厂 
str_oil_site|榨 油 厂 
str_wine_site|榨 酒 厂 
str_tool_site|炼 铁 厂 
str_leather_site|制 革 厂 
str_linen_site|亚 麻 布 织 厂 
str_wool_cloth_site|羊 毛 织 厂 
str_velvet_site|染 厂 
str_under_sequestration|被 没 收 
str_describe_secondary_input|另 外 ， 你 还 需 要 采 购 价 值 {reg10}第 纳 尔 的 {s11}。 
str_profit|盈 利 
str_loss|亏 损 
str_server_name_s0|服 务 器 名 ： {s0}
str_map_name_s0|地 图 名 ： {s0}
str_game_type_s0|游 戏 类 型 ： {s0}
str_remaining_time_s0reg0_s1reg1|剩 余 时 间 ： {s0}{reg0} ： {s1}{reg1}
str_you_are_a_lord_lady_of_s8_s9|你 是 {s8}的 {领 主 /夫 人 }。 ^{s9}
str_you_are_king_queen_of_s8_s9|你 是 {s8}的 {国 王 /女 王 }。 ^{s9}
str_for_s4|{s4}的 
str_cancel_fiancee_quest|另 外 ， 请 您 记 得 我 委 托 您 的 另 一 件 事 已 成 功 完 成 。 我 不 适 合 再 派 任 务 给 您 了 。
str_a_duel_request_is_sent_to_s0|发 送 决 斗 邀 请 给 {s0}。 
str_s0_offers_a_duel_with_you|{s0}发 送 了 一 次 决 斗 邀 请 给 你 。 
str_your_duel_with_s0_is_cancelled|你 和 {s0}的 决 斗 已 取 消 。 
str_a_duel_between_you_and_s0_will_start_in_3_seconds|你 和 {s0}的 决 斗 3秒 钟 后 开 始 。 
str_you_have_lost_a_duel|你 输 掉 了 决 斗 。 
str_you_have_won_a_duel|你 在 决 斗 中 获 胜 ！ 
str_server_s0|[!] ： {s0}
str_disallow_ranged_weapons|禁 止 远 程 武 器 
str_ranged_weapons_are_disallowed|远 程 武 器 被 禁 止 。 
str_ranged_weapons_are_allowed|远 程 武 器 被 允 许 。 
str_duel_starts_in_reg0_seconds|决 斗 {reg0}秒 钟 后 开 始 … … 
str_s1_team|{s1} 队 伍 
str_warning_max_players_count_text2|此 模 式 推 荐 玩 家 人 数 为 16 人 
str_reason_high_price|这 太 贵 了 ！ 
str_return_later|我 稍 后 再 来 。 
str_recruit_first|先 雇 用 一 些 士 兵 可 能 是 个 好 主 意 。 
str_squad_size|队 伍 规 模 ： 
str_squad_size_small|小 型 队 伍 
str_squad_size_normal|正 常 队 伍 
str_squad_size_big|大 型 队 伍 
str_squad_size_huge|庞 大 队 伍 
str_additional_info_oim_dmitriy_eleonora|王 子 给 了 你 一 封 给 狱 卒 {s3}的 信 , 要 求 一 支 护 送 队 伍 。 
str_mamay_founded|现 在 玛 迈 已 加 入 你 的 队 伍 ， 是 时 候 找 巴 拉 巴 什 并 查 明 他 所 知 的 一 切 了 。 
str_kill_radzivall_and_get_pernach|雅 努 什 已 成 功 获 得 这 根 钉 头 锤 。 你 必 须 尽 快 获 得 这 件 武 器 。 
str_talk_to_barabash_pernach|这 根 钉 头 锤 现 在 是 你 的 了 。 是 时 候 对 巴 拉 巴 什 做 出 决 定 了 。 
str_pernach_taken_fight_for_getman|嗯 ， 这 看 起 来 是 一 根 普 通 的 钉 头 锤 。 让 我 们 看 看 它 能 有 什 么 用 处 … … 
str_pernach_army_bonus|最 大 军 队 规 模 +50 
str_ms_order_for_horse|在 这 里 你 可 以 购 买 一 匹 优 质 战 马 。 
str_multi_disable_granades|禁 用 手 榴 弹 
str_squad_size_s0|队 伍 规 模 ： {s0} 
str_granades_are_disallowed|手 榴 弹 被 禁 用 。 
str_granades_are_allowed|手 榴 弹 被 允 许 。 
str_oim_training_1_caption|近 战 进 攻 ： 
str_oim_training_1_text|那 道 栅 栏 挡 住 了 你 的 路 。 把 它 砸 倒 ！ 你 可 以 从 4 个 不 同 方 向 进 攻 ： 移 动 鼠 标 上 、 下 、 左 、 右 ， 同 时 点 击 左 键 执 行 攻 击 。 
str_oim_training_2_caption|初 始 操 作 ： 
str_oim_training_2_text|移 动 鼠 标 环 视 四 周 ， 使 用 W 、 A 、 S 、 D 键 移 动 。 
str_oim_training_3_caption|远 程 武 器 ： 
str_oim_training_3_text|好 极 了 ！ 你 有 了 一 个 新 玩 意 。 按 R 键 切 换 第 一 人 称 视 角 — — 这 会 让 你 更 易 于 瞄 准 手 枪 。 若 要 进 一 步 提 高 准 度 ， 按 住 [Shift] 键 缩 放 。 最 后 ， 要 瞄 准 精 准 射 击 ， 按 住 左 键 。 等 待 准 星 缩 至 最 小 时 ， 再 开 火 … … 射 击 挂 锁 继 续 。 
str_oim_training_4_text|找 一 匹 马 ， 和 你 的 新 伙 伴 一 起 骑 马 离 开 。 靠 近 马 匹 直 至 出 现 “骑 乘” 字 样 ， 按 F 键 上 马 。 
str_oim_training_5_text|是 时 候 给 那 些 混 蛋 点 颜 色 看 了 ！ 
str_oim_training_6_text|你 来 到 荒 野 边 缘 的 一 个 哥 萨 克 小 村 庄 。 当 你 漫 步 经 过 时 ， 枪 声 打 破 了 沉 寂 。 
str_oim_training_7_text|幸 运 的 是 ， 你 盟 友 的 军 队 及 时 赶 到 ， 将 你 从 死 亡 边 缘 救 出 。 
str_oim_training_8_text|太 棒 了 ， 你 已 经 上 马 了 。 马 匹 可 能 很 难 驾 驭 。 控 制 骑 乘 方 向 使 用 W 、 A 、 S 、 D 键 ： W 键 驱 马 前 进 ， S 键 勒 马 停 驻 ， A 和 D 键 控 制 左 右 转 向 … … 骑 马 需 要 练 习 。 记 住 ， 减 速 后 更 易 于 急 转 弯 。 
str_oim_training_9_text|看 ！ 天 边 出 现 更 多 敌 人 ！ 是 时 候 用 你 的 剑 和 手 枪 了 。 滚 动 鼠 标 滚 轮 切 换 武 器 。 现 在 开 始 战 斗 ， 杀 出 一 条 血 路 ！ 
str_oim_training_10_caption|近 战 防 御 ： 
str_oim_training_10_text|好 ！ 现 在 讲 防 御 … … 防 御 由 鼠 标 右 键 控 制 。 要 有 效 防 御 ， 请 等 待 对 手 开 始 攻 击 ， 然 后 按 住 右 键 … … 如 果 时 机 恰 当 ， 你 会 自 动 向 正 确 方 向 格 挡 。 
str_oim_training_11_caption|更 多 战 斗 控 制 ： 
str_oim_training_11_text|Great! You have a new toy. Press R to switch to first person view -- this will make aiming your pistol easier. To further enhance your aim, hold down [Shift] to zoom in. Lastly, to line up an accurate shot, hold down the left mouse button. Wait until the reticle is smallest, then fire away... Shoot the padlock to proceed.{***}
str_oim_training_12_caption|Map and Journal Control:{***}
str_oim_training_12_text|Use the W, A, S, D keys to navigate around the map.^Left click to select anything on the map.^Hold down the right mouse button to rotate the camera.^Use the mouse wheel to zoom in/out.^Hover the mouse over any element to receive information about it.^Press Q to bring up the in-game log. The log includes information about current quests, important NPCs, NPC locations, villages, castles, and towns.^Be sure to consult the log if you need help finding NPCs or locations.{***}
str_oim_training_13_text|After defeating the final enemy, you return to talk with your new ally.{***}
str_oim_training_14_text|Keep your wits about you! These scoundrels could come from anywhere.{***}
str_oim_training_16_text|Welcome to With Fire & Sword. This is a short tutorial that will guide you through your first steps in the game. Let's begin with the basics. Move your mouse to look around, and use W, A, S, and D for movement. Go to the fence ahead to proceed.{***}
str_oim_training_17_text|Excellent! Looks like there's more fighting to be had. That group of adventurers seem to be expecting company!{***}
str_oim_training_18_text|Don't forget to reload your gun. Press the left mouse button to do so. Destroy the padlock.{***}
str_oim_training_21_text|That guy ahead looks like he's up to no good, you'd better use your new skills to teach him a lesson.{***}
str_forget_it|Forget it.{***}
str_oim_ms_construct_only_one_instanse_for_player|Stub{***}
str_oim_ms_construct_party_has_merchant_guild|Stub{***}
str_oim_ms_construct_party_has_arm_buildings|Stub{***}
str_oim_ms_construct_party_has_certain_officer|Stub{***}
str_oim_ms_construct_party_has_certain_officers|Stub{***}
str_oim_ms_price_log|Stub{***}
str_oim_ms_construct_time|Stub{***}
str_oim_mnu_ms_additional_school|Stub{***}
str_oim_mnu_ms_additional_merchant_guild|Stub{***}
str_oim_mnu_ms_additional_extra_goods|Stub{***}
str_oim_mnu_ms_additional_adviser|Stub{***}
str_oim_mnu_ms_additional_officer|Stub{***}
str_oim_slot_ms_script_looted|Stub{***}
str_oim_script_ms_event_raise_taxes|Stub{***}
str_oim_script_ms_event_change_prosperity|Stub{***}
str_oim_script_ms_event_raise_taxes_week|Stub{***}
str_oim_script_ms_event_notification_about_gold_usage|Stub{***}
str_mp_new_1|Tatar town{***}
str_mp_new_2|Fortified town{***}
str_mp_new_3|Trenches{***}
str_all_fire_now|All Fire Now!{***}
str_left_fire_now|Left Fire Now!{***}
str_middle_fire_now|Middle Fire Now!{***}
str_right_fire_now|Right Fire Now!{***}
str_fire_at_my_command|Fire At My Command{***}
str_use_melee_weapons|Use Melee Weapons{***}
str_use_ranged_weapons|Use Ranged Weapons{***}
str_melee_weapons|Melee Weapons{***}
str_ranged_weapons|Ranged Weapons{***}
str_formation|Formation{***}
str_very_tight|Very Tight{***}
str_tight|Tight{***}
str_loose|Loose{***}
str_very_loose|Very Loose{***}
str_form_1_row|Form 1 Row{***}
str_form_reg0_rows|Form {reg0} Rows{***}
str_percent_5_tax_is_paid|{reg2} thalers (5% of total profit) is paid as tax. Get a trade patent exempt you from tax.{***}
str_percent_10_tax_is_paid|{reg2} thalers (10% of total profit) is paid as tax. Get a trade patent to exempt you from tax {***}
str_you_are_weak_take_these_men_with_you|Your party seems a bit weak, take these 2 volunteers with you.{***}
str_meeting_with_thieves|When you enter the village, you see a group of bandits stealing the village livestock. Your presence distracts them from their questionable activity, they approach you. {***}
str_oim_hunt_down_thieves_explanation|The elder of the village of {s3} has asked you to hunt down thiefs at midnight.{***}
str_oim_get_feast_supplies_explanation|The elder of the village of {s3} has asked you to bring him 5 ale barrels, 5 grapes, 1 wine barrel, 1 vodka barrel and 1 shag.{***}
str_mp_add_troop|同 伴 
str_mp_squad|小 队 
str_mp_squad_req_size_reg0|需 要 ： {reg0} 
str_mp_squad_active_size_reg0|活 跃 ： {reg0} 
str_squad_cost_reg0|小 队 花 费 ： {reg0} 
str_item_cost_reg0|物 品 花 费 ： {reg0} 
str_next_wave_in_reg0_mins|下 一 波 敌 人 将 在 {reg0}分 钟 后 到 来 … … 
str_wave_info|波 次 信 息 
str_wave_no_reg1|波 次 编 号 ： {reg1} 
str_veteran_wave_no_reg1|老 兵 波 次 编 号 ： {reg1} 
str_elite_wave_no_reg1|精 英 波 次 编 号 ：{reg1} 
str_time_left_reg2_mins_reg1_secs|剩 余 时 间 ： {reg2} 分 {reg1} 秒 
str_time_left_reg1_secs|剩 余 时 间 ： {reg1} 秒 
str_enemies_reg1_total_reg2_arriving|敌 人 ： {reg1} 个 存 活 ， {reg2} 个 正 在 前 来 
str_ccoop_enemy_info|  {reg4} {s0} （ {reg3}个 正 在 前 来 ） 
str_oim_black_hetman_failed|你 已 失 去 对 首 都 的 控 制 ， 胜 利 无 望 。 全 都 完 了 ！ 
str_squad_size_for_captains|队 长 可 带 队 伍 规 模 ： 
str_captain_merc_ratio|队 长 / 雇 佣 兵 比 例 ： 
str_1_div|1 / {***}
str_accompany|伴 随 
str_reg2_s1_s2_s2|{reg2?{s1} , {s2}:{s2}}{***}
str_reg2_s1_and_s2_s2|{reg2?{s1} and {s2}:{s2}}{***}
str_give_the_money_you_took_from_s9_to_s10|把 你 从 {s9} 那 里 拿 到 的 钱 交 给 {s10}。 
str_men|men{***}
str_you_have_taken_all_infantry|Haha! {Sir/Madam} , you've taken all my infantry already. Will there be anything else?{***}
str_you_have_taken_all_musketeer|Haha! {Sir/Madam} , you've taken all my musketeer already. Will there be anything else?{***}
str_you_have_taken_all_cavalry|Haha! {Sir/Madam} , you've taken all my cavalry already. Will there be anything else?{***}
str_price_there_known|{s1} , ({s2} is {reg1} thalers there){***}
str_price_there_unknown|{s1}{***}
str_your_troops_are_dying_because_of_illness|你 的 士 兵 因 疾 病 濒 临 死 亡 ！ 
str_has_died_because_of_illness|死 于 {s4}。 
str_have_died_because_of_illness|死 于 {s4}。 
str_ccoop_wave_reg1_is_coming_in_reg0_seconds|第 {reg1} 波 敌 人 将 在 {reg0} 秒 后 到 来 
str_ccoop_veteran_wave_reg1_is_coming_in_reg0_seconds|老 兵 波 次 {reg1} 将 在 {reg0} 秒 后 到 来 
str_ccoop_elite_wave_reg1_is_coming_in_reg0_seconds|精 英 波 次 {reg1} （ 等 级 {reg2}） 将 在 {reg0} 秒 后 到 来 
str_prison_cart_hint|摧 毁 囚 车 或 通 过 本 轮 以 营 救 落 难 同 伴 。 
str_wave_reg1|第 {reg1}波 
str_veteran_wave_hint|警 告 ： 老 兵 数 量 和 血 量 更 高 ， 伤 害 提 高 30% ！ 
str_elite_wave_hint|警 告 ： 精 英 敌 人 血 量 更 高 ， 伤 害 更 高 ！ 
str_ask_for_help_to_respawn_hint|同 伴 摧 毁 囚 车 或 通 过 本 轮 后 ， 你 将 复 活 。 
str_wait_for_next_turn_to_respawn_hint|你 将 在 下 一 轮 复 活 。 
str_mp_cbf_squad_auto_ratio|自 动 平 衡 队 长 小 队 比 例 
str_default|默 认 
str_coop_open_chest|开 启 宝 箱 
str_coop_already_opened|已 开 启 ！ 
str_ccoop_difficulty|难 度 ： 
str_ccoop_easy|简 单 
str_ccoop_normal|正 常 
str_ccoop_endless|无 尽 
str_ccoop_difficulty_s0|难 度 ： {s0} 
str_ccoop_victory|胜 利 ！ 
str_ccoop_s0_enemy_defeated_s1|{s0} 已 被 击 败 ({s1}) 
str_ccoop_s0_enemy_defeated_endless_reg0| {s0} 目 前 已 被 击 退 … …^准 备 应 对 精 英 等 级 {reg0} 
str_ccoop_lord_s0_wave_hint|{s0} 的 大 军 来 袭 ！ 
str_ccoop_king_s0_wave_hint|{s0} 的 卫 队 来 袭 ！ （ 最 后 一 波 ） 
str_ccoop_assign_drop|分 配 拾 取 物 品 ： 
str_ccoop_select_companion|选 择 并 装 备 你 的 同 伴 ： 
str_ccoop_select_companion_class|装 备 你 的 同 伴 ： 
str_ccoop_choose_an_item_to_replace|替 换 哪 件 物 品 ？ ： 
str_ccoop_cancel|取 消 
str_ccoop_lvl_reg0|等 级 ： {reg0} 
str_ccoop_dropping_item_on_ground|你 的 武 器 栏 位 不 足 ， 物 品 掉 落 至 地 面 。 
str_ccoop_king_name|{s0}国 王 
str_ccoop_queen_name|{s0}王 后 
str_javelin_bow|发 射 标 枪 的 弓 
str_knockdown_mace|必 定 击 倒 敌 人 
str_blood_drain_throwing_knives|击 中 时 为 投 掷 者 恢 复 生 命 
str_doom_javelins|缓 慢 耗 尽 被 刺 中 者 的 生 命 
str_disarming_throwing_axe|击 中 时 缴 械 
str_instakill_knife|轻 触 即 杀 
str_backstabber|背 刺 任 何 敌 人 必 杀 
str_weak_beserker_dart|耗 尽 生 命 但 激 起 危 险 狂 怒 
str_team_change_dart|使 被 击 中 者 改 变 阵 营 
str_awesome_spear|超 级 强 
str_running_boots|使 你 跑 得 更 快 
str_power_gloves|使 你 打 击 更 强 
str_invulnerable_helmet|更 好 地 保 护 头 部 
str_kicking_boots|施 展 狠 踢 
str_restore_health_armour|逐 渐 恢 复 生 命 
str_npc1_1|- 擅 长 投 掷 和 单 手 武 器^- 不 擅 长 双 手 武 器 和 弩 
str_npc2_1|- 擅 长 单 手 武 器^- 不 擅 长 投 掷 
str_npc3_1|- 擅 长 长 杆 武 器^- 不 擅 长 双 手 武 器 
str_npc4_1|- 擅 长 近 战 武 器^- 不 擅 长 远 程 武 器 
str_npc5_1|- 擅 长 弓 和 投 掷^- 不 擅 长 双 手 武 器 和 弩 
str_npc6_1|- 擅 长 单 手 和 双 手 武 器^- 不 擅 长 弓 和 弩 
str_npc7_1|- 擅 长 弓 和 长 杆 武 器^- 不 擅 长 单 手 和 双 手 武 器 
str_npc8_1|- 擅 长 投 掷 和 双 手 武 器^- 不 擅 长 长 杆 武 器 和 弩 
str_npc9_1|- 擅 长 双 手 武 器 和 弓^- 不 擅 长 单 手 武 器 和 弩 
str_npc10_1|- 擅 长 弩^- 不 擅 长 双 手 武 器 和 长 杆 武 器 
str_npc11_1|- 擅 长 双 手 武 器 和 弩^- 不 擅 长 弓 
str_npc12_1|- 擅 长 长 柄 武 器^- 不 擅 长 弓 
str_npc13_1|- 擅 长 单 手 武 器 和 弓^- 不 擅 长 双 手 武 器 
str_npc14_1|- 擅 长 单 手 武 器^- 全 能 型 
str_npc15_1|- 擅 长 双 手 武 器 和 弓^- 不 擅 长 弩 和 投 掷 
str_npc16_1|- 擅 长 投 掷 和 单 手 武 器^- 不 擅 长 双 手 武 器 和 弩 
str_key_1|1{***}
str_key_2|2{***}
str_key_3|3{***}
str_key_4|4{***}
str_key_5|5{***}
str_key_6|6{***}
str_key_7|7{***}
str_key_8|8{***}
str_key_9|9{***}
str_key_0|0{***}
str_key_a|A{***}
str_key_b|B{***}
str_key_c|C{***}
str_key_d|D{***}
str_key_e|E{***}
str_key_f|F{***}
str_key_g|G{***}
str_key_h|H{***}
str_key_i|I{***}
str_key_j|J{***}
str_key_k|K{***}
str_key_l|L{***}
str_key_m|M{***}
str_key_n|N{***}
str_key_o|O{***}
str_key_p|P{***}
str_key_q|Q{***}
str_key_r|R{***}
str_key_s|S{***}
str_key_t|T{***}
str_key_u|U{***}
str_key_v|V{***}
str_key_w|W{***}
str_key_x|X{***}
str_key_y|Y{***}
str_key_z|Z{***}
str_key_numpad_0|小 键 盘 0 
str_key_numpad_1|小 键 盘 1 
str_key_numpad_2|小 键 盘 2 
str_key_numpad_3|小 键 盘 3 
str_key_numpad_4|小 键 盘 4 
str_key_numpad_5|小 键 盘 5 
str_key_numpad_6|小 键 盘 6 
str_key_numpad_7|小 键 盘 7 
str_key_numpad_8|小 键 盘 8 
str_key_numpad_9|小 键 盘 9 
str_key_num_lock|Num lock 
str_key_numpad_slash|小 键 盘 / 
str_key_numpad_multiply|小 键 盘 * 
str_key_numpad_minus|小 键 盘 - 
str_key_numpad_plus|小 键 盘 + 
str_key_numpad_enter|小 键 盘 Enter 
str_key_numpad_period|小 键 盘 . 
str_key_insert|Insert{***}
str_key_delete|Delete{***}
str_key_home|Home{***}
str_key_end|End{***}
str_key_page_up|Page Up{***}
str_key_page_down|Page Down{***}
str_key_up|上 箭 头 
str_key_down|下 箭 头 
str_key_left|左 箭 头 
str_key_right|右 箭 头 
str_key_f1|F1{***}
str_key_f2|F2{***}
str_key_f3|F3{***}
str_key_f4|F4{***}
str_key_f5|F5{***}
str_key_f6|F6{***}
str_key_f7|F7{***}
str_key_f8|F8{***}
str_key_f9|F9{***}
str_key_f10|F10{***}
str_key_f11|F11{***}
str_key_f12|F12{***}
str_key_space|Space{***}
str_key_escape|Escape{***}
str_key_enter|Enter{***}
str_key_tab|Tab{***}
str_key_back_space|Back Space{***}
str_key_open_braces|[{***}
str_key_close_braces|]{***}
str_key_comma|,{***}
str_key_period|.{***}
str_key_slash|/{***}
str_key_back_slash||{***}
str_key_equals|={***}
str_key_minus|-{***}
str_key_semicolon|;{***}
str_key_apostrophe|'{***}
str_key_tilde|~{***}
str_key_caps_lock|Caps Lock{***}
str_key_left_shift|左 Shift 
str_key_right_shift|右 Shift 
str_key_left_control|左 Control 
str_key_right_control|右 Control 
str_key_left_alt|左 Alt 
str_key_right_alt|右 Alt 
str_key_left_mouse_button|鼠 标 左 键 
str_key_right_mouse_button|鼠 标 右 键 
str_key_middle_mouse_button|鼠 标 中 键 
str_key_mouse_button_4|鼠 标 按 键 4 
str_key_mouse_button_5|鼠 标 按 键 5 
str_key_mouse_button_6|鼠 标 按 键 6 
str_key_mouse_button_7|鼠 标 按 键 7 
str_key_mouse_button_8|鼠 标 按 键 8 
str_key_mouse_scroll_up|滚 轮 向 上 
str_key_mouse_scroll_down|滚 轮 向 下 
str_imod_plain|普 通 的 
str_imod_cracked|裂 开 的 
str_imod_rusty|生 锈 的 
str_imod_bent|弯 曲 的 
str_imod_chipped|有 缺 口 的 
str_imod_battered|有 凹 陷 的 
str_imod_poor|粗 劣 的 
str_imod_crude|粗 糙 的 
str_imod_old|旧 
str_imod_cheap|便 宜 的 
str_imod_fine|优 质 的 
str_imod_well_made|精 良 的 
str_imod_sharp|锋 利 的 
str_imod_balanced|平 衡 的 
str_imod_tempered|回 火 的 
str_imod_deadly|致 命 的 
str_imod_exquisite|精 致 的 
str_imod_masterwork|极 品 
str_imod_heavy|重 
str_imod_strong|坚 硬 的 
str_imod_powerful|强 有 力 的 
str_imod_tattered|破 烂 的 
str_imod_ragged|破 旧 的 
str_imod_rough|粗 糙 的 
str_imod_sturdy|结 实 的 
str_imod_thick|厚 
str_imod_hardened|加 硬 
str_imod_reinforced|加 强 
str_imod_superb|华 丽 的 
str_imod_lordly|豪 华 的 
str_imod_lame|瘸 腿 
str_imod_swaybacked|老 
str_imod_stubborn|倔 犟 的 
str_imod_timid|胆 小 的 
str_imod_meek|温 顺 的 
str_imod_spirited|活 泼 的 
str_imod_champion|一 流 的 
str_imod_fresh|新 鲜 的 
str_imod_day_old|隔 夜 的 
str_imod_two_day_old|隔 两 夜 的 
str_imod_smelling|发 臭 的 
str_imod_rotten|腐 烂 的 
str_imod_large_bag|一 大 袋 
str_item_type_horse|马 匹 
str_item_type_one_handed_wpn|单 手 武 器 
str_item_type_two_handed_wpn|双 手 武 器 
str_item_type_polearm|长 杆 武 器 
str_item_type_arrows|弓 箭 
str_item_type_bolts|弩 箭 
str_item_type_shield|盾 牌 
str_item_type_bow|弓 
str_item_type_crossbow|弩 
str_item_type_thrown|投 掷 武 器 
str_item_type_goods|货 物 
str_item_type_head_armor|帽 子 
str_item_type_body_armor|衣 服 
str_item_type_foot_armor|靴 子 
str_item_type_hand_armor|手 套 
str_item_type_pistol|手 枪 
str_item_type_musket|步 枪 
str_item_type_bullets|子 弹 
str_item_type_animal|牲 畜 
str_item_type_book|书 籍 
str_attribute_str|力 量 
str_attribute_agi|敏 捷 
str_attribute_int|智 力 
str_attribute_cha|魅 力 
str_proficiency_one_handed_weapons|单 手 武 器 
str_proficiency_two_handed_weapons|双 手 武 器 
str_proficiency_polearms|长 杆 武 器 
str_proficiency_archery|弓 箭 
str_proficiency_crossbows|弩 
str_proficiency_throwing|投 掷 
str_proficiency_firearms|火 器 
str_skl_trade|交 易 
str_skl_leadership|统 御 
str_skl_prisoner_management|俘 虏 管 理 
str_skl_reserved_1|Reserved Skill 1
str_skl_reserved_2|Reserved Skill 2
str_skl_reserved_3|Reserved Skill 3
str_skl_reserved_4|Reserved Skill 4
str_skl_persuasion|说 服 力 
str_skl_engineer|工 程 学 
str_skl_first_aid|急 救 
str_skl_surgery|手 术 
str_skl_wound_treatment|疗 伤 
str_skl_inventory_management|物 品 管 理 
str_skl_spotting|侦 察 
str_skl_pathfinding|向 导 
str_skl_tactics|战 术 
str_skl_tracking|跟 踪 
str_skl_trainer|教 练 
str_skl_reserved_5|Reserved Skill 5
str_skl_reserved_6|Reserved Skill 6
str_skl_reserved_7|Reserved Skill 7
str_skl_reserved_8|Reserved Skill 8
str_skl_looting|掠 夺 
str_skl_horse_archery|骑 射 
str_skl_riding|骑 术 
str_skl_athletics|跑 动 
str_skl_shield|盾 防 
str_skl_weapon_master|武 器 掌 握 
str_skl_reserved_9|Reserved Skill 9
str_skl_reserved_10|Reserved Skill 10
str_skl_reserved_11|Reserved Skill 11
str_skl_reserved_12|Reserved Skill 12
str_skl_reserved_13|Reserved Skill 13
str_skl_power_draw|强 弓 
str_skl_power_throw|强 掷 
str_skl_power_strike|强 击 
str_skl_ironflesh|铁 骨 
str_skl_reserved_14|Reserved Skill 14
str_skl_reserved_15|Reserved Skill 15
str_skl_reserved_16|Reserved Skill 16
str_skl_reserved_17|Reserved Skill 17
str_skl_reserved_18|Reserved Skill 18
